key,english_source,current_tamil_translation,status,reviewer_notes
common.ok,OK,சரி,translated,
common.cancel,Cancel,ரத்து,translated,
common.save,Save,சேமி,translated,
common.delete,Delete,நீக்கு,translated,
common.edit,Edit,திருத்து,translated,
common.back,Back,பின்,translated,
common.retry,Retry,மீண்டும் முயற்சி,translated,
common.loading,Loading…,ஏற்றுகிறது…,translated,
common.stop,Stop,நிறுத்து,translated,
common.units.meters_short,{{n}} m,{{n}} மீ,translated,
common.units.kilometers_short,{{n}} km,{{n}} கி.மீ,translated,
common.units.hours_per_day,{{n}} hrs / day,{{n}} மணி / நாள்,translated,
common.job_type.full_time,Full Time,முழு நேரம்,translated,
common.job_type.part_time,Part Time,பகுதி நேரம்,translated,
common.job_type.gig,Gig,கிக்,translated,
common.job_type.shift,Shift,ஷிப்ட்,translated,
common.job_type.contract,Contract,ஒப்பந்தம்,translated,
common.pay_period.per_hour,Per hour,மணிக்கு,translated,
common.pay_period.per_day,Per day,ஒரு நாளுக்கு,translated,
common.pay_period.per_week,Per week,ஒரு வாரத்திற்கு,translated,
common.pay_period.per_month,Per month,ஒரு மாதத்திற்கு,translated,
common.pay_period.one_time,One-time,ஒரு முறை,translated,
common.pay_period.suffix_hour,/hr,/மணி,translated,
common.pay_period.suffix_day,/day,/நாள்,translated,
common.pay_period.suffix_week,/wk,/வாரம்,translated,
common.pay_period.suffix_month,/mo,/மாதம்,translated,
common.pay_period.suffix_fixed, fixed, நிலையான,translated,
tabs.home,Home,முகப்பு,translated,
tabs.jobs,Jobs,வேலைகள்,translated,
tabs.community,Community,சமூகம்,translated,
tabs.voice,Voice,குரல்,translated,
tabs.chat,Chat,உரையாடல்,translated,
tabs.earnings,Earnings,வருமானம்,translated,
tabs.profile,Profile,சுயவிவரம்,translated,
tabs.my_job,My Job,என் வேலை,translated,
community_hub.title,Community,சமூகம்,translated,
community_hub.subtitle,"Connect, learn and grow with other workers","மற்ற தொழிலாளர்களுடன் இணைந்து, கற்று, வளருங்கள்",translated,
community_hub.buddies,Find work buddies,வேலை தோழர்களைக் கண்டறியுங்கள்,translated,
community_hub.buddies_hint,Connect with workers near you,உங்கள் அருகிலுள்ள தொழிலாளர்களுடன் இணையுங்கள்,translated,
community_hub.refer,Refer a friend,நண்பரைப் பரிந்துரையுங்கள்,translated,
community_hub.refer_hint,Earn ₹100 when they get hired,அவர்கள் வேலை பெற்றதும் ₹100 சம்பாதியுங்கள்,translated,
community_hub.mentors,Mentors,வழிகாட்டிகள்,translated,
community_hub.mentors_hint,Get guidance from experienced workers,அனுபவமிக்க தொழிலாளர்களிடம் வழிகாட்டுதல் பெறுங்கள்,translated,
community_hub.ratings,Ratings & reviews,மதிப்பீடுகள் & விமர்சனங்கள்,translated,
community_hub.ratings_hint,See what employers say about you,முதலாளிகள் உங்களைப் பற்றி என்ன சொல்கிறார்கள் என்று பாருங்கள்,translated,
earnings_hub.title,Earnings,வருமானம்,translated,
earnings_hub.subtitle,"Your money, activities and protection","உங்கள் பணம், செயல்பாடுகள் மற்றும் பாதுகாப்பு",translated,
earnings_hub.ledger,My earnings,என் வருமானம்,translated,
earnings_hub.ledger_hint,Track your payout and history,உங்கள் பணம் மற்றும் வரலாற்றைக் கண்காணியுங்கள்,translated,
earnings_hub.ledger_caption,This month,இந்த மாதம்,translated,
earnings_hub.advance,Cash advance,பண முன்பணம்,translated,
earnings_hub.advance_hint,Get a small advance before payday,சம்பளத்திற்கு முன் சிறிய முன்பணம் பெறுங்கள்,translated,
earnings_hub.advance_cta,Get now,இப்போது பெறுங்கள்,translated,
earnings_hub.insurance,Worker insurance,தொழிலாளர் காப்பீடு,translated,
earnings_hub.insurance_hint,Accident cover while you work,வேலை செய்யும்போது விபத்து பாதுகாப்பு,translated,
earnings_hub.insurance_active,Active,செயலில்,translated,
earnings_hub.insurance_inactive,Not active,செயலில் இல்லை,translated,
earnings_hub.insurance_since,Since {{date}},{{date}} முதல்,translated,
earnings_hub.insurance_cta,Get covered,பாதுகாப்பு பெறுங்கள்,translated,
earnings_hub.promo_title,"More security.
More benefits.","மேலும் பாதுகாப்பு.
மேலும் நன்மைகள்.",translated,
earnings_hub.promo_body,Explore insurances and financial tools made for you.,உங்களுக்காக உருவாக்கப்பட்ட காப்பீடு மற்றும் நிதிக் கருவிகளை ஆராயுங்கள்.,translated,
earnings_hub.promo_cta,Explore now,இப்போது ஆராயுங்கள்,translated,
earnings_hub.collect,Collect (QR),,MISSING — needs translation,
earnings_hub.collect_hint,Get paid by QR → wallet,,MISSING — needs translation,
earnings_hub.collect_top,Bank + QR,,MISSING — needs translation,
earnings_hub.collect_caption,Withdraw anytime,,MISSING — needs translation,
profile_groups.grow,Grow your career,உங்கள் தொழில் வளர்ச்சி,translated,
profile_groups.rights,Your rights & safety,உங்கள் உரிமைகள் & பாதுகாப்பு,translated,
profile_groups.account,Resume & account,ரெஸ்யூமே & கணக்கு,translated,
profile_groups.connect,Find work buddies,வேலைத் தோழர்களைத் தேடுங்கள்,translated,
home.title,Doondo,Doondo,translated,
home.modes.today,Today,இன்று,translated,
home.modes.this_week,This week,இந்த வாரம்,translated,
home.modes.career,Career,தொழில்,translated,
home.voice_card.title,Find jobs through voice,குரல் மூலம் வேலை தேடுங்கள்,translated,
home.voice_card.hint,Tell us what work you want,உங்களுக்கு என்ன வேலை வேண்டும் என்று சொல்லுங்கள்,translated,
home.categories_section_label,Job categories,வேலை வகைகள்,translated,
home.nearby_jobs,Nearby jobs,அருகிலுள்ள வேலைகள்,translated,
home.view_all,View all,அனைத்தையும் பார்,translated,
home.see_more,See more,மேலும்,translated,
home.categories.delivery,Delivery,டெலிவரி,translated,
home.categories.driver,Driver,ஓட்டுநர்,translated,
home.categories.electrician,Electrician,மின்சாரி,translated,
home.categories.helper,Helper,உதவியாளர்,translated,
home.categories.mason,Mason,கொத்தனார்,translated,
home.location.your_area,Your area,உங்கள் பகுதி,translated,
home.location.locating,Locating…,இடம் கண்டறியப்படுகிறது…,translated,
home.location.finding_jobs,Finding nearby jobs…,அருகிலுள்ள வேலைகளைத் தேடுகிறேன்…,translated,
home.location.nearby_count_one,{{count}} nearby job,{{count}} அருகிலுள்ள வேலை,translated,
home.location.nearby_count_other,{{count}} nearby jobs,{{count}} அருகிலுள்ள வேலைகள்,translated,
home.jobs.empty_no_jobs_nearby,No jobs near you right now. Pull to refresh.,இப்போது உங்கள் அருகில் வேலைகள் இல்லை. புதுப்பிக்க கீழே இழுக்கவும்.,translated,
home.jobs.default_employer,Doondo Employer,Doondo முதலாளி,translated,
home.jobs.apply_now,Apply Now,இப்போது விண்ணப்பி,translated,
home.hero.eyebrow,OPPORTUNITIES DAILY,தினமும் வாய்ப்புகள்,translated,
home.hero.headline,Find the right jobs near you,உங்களுக்கான சரியான வேலையைக் கண்டுபிடியுங்கள்,translated,
home.hero.cta,Explore Jobs,வேலைகளைப் பார்,translated,
home.hero.cta_a11y,Explore jobs,வேலைகளைப் பார்,translated,
home.feed.empty_today_title,No same-day jobs nearby,இன்று அருகில் வேலைகள் இல்லை,translated,
home.feed.empty_today_hint,"Pull to refresh, or switch to Career for longer-term roles.","புதுப்பிக்க இழுக்கவும், அல்லது நீண்ட காலப் பணிகளுக்கு தொழில் பகுதிக்குச் செல்லுங்கள்.",translated,
home.feed.empty_this_week_title,No short contracts posted this week,இந்த வாரம் குறுகியக் கால ஒப்பந்தங்கள் இல்லை,translated,
home.feed.empty_this_week_hint,Try a wider trade filter or check back tomorrow.,பரந்த தொழில் வடிகட்டியை முயற்சிக்கவும் அல்லது நாளை மீண்டும் பாருங்கள்.,translated,
home.feed.browse_by_trade,Browse by trade,தொழில் வாரியாக உலாவு,translated,
home.feed.view_all_arrow,View all →,அனைத்தையும் பார் →,translated,
home.feed.clear_filters_one,Clear {{count}} filter,{{count}} வடிகட்டியை அழி,translated,
home.feed.clear_filters_other,Clear {{count}} filters,{{count}} வடிகட்டிகளை அழி,translated,
home.feed.locating,Locating…,இடம் கண்டறியப்படுகிறது…,translated,
home.job_card.urgent,URGENT,அவசரம்,translated,
home.job_card.distance_away,{{distance}} away,{{distance}} தூரம்,translated,
home.job_card.start_today,Start Today,இன்றே தொடங்கு,translated,
home.job_card.immediate,Immediate,உடனடி,translated,
home.job_card.flexible,Flexible,நெகிழ்வான,translated,
home.job_card.schedule,Schedule,அட்டவணை,translated,
home.job_card.tap_to_call_apply,Tap to call / apply,அழைக்க / விண்ணப்பிக்க தட்டவும்,translated,
home.job_card.view_details,View details,விவரங்களைப் பார்,translated,
home.job_card.tap_to_call_apply_a11y,Tap to call or apply,அழைக்க அல்லது விண்ணப்பிக்க தட்டவும்,translated,
home.job_card.view_job_a11y,View job,வேலையைப் பார்,translated,
home.job_card.job_a11y_label,"{{title}}, {{pay}}","{{title}}, {{pay}}",translated,
home.job_card.driving_license_required,Driving License: Required,ஓட்டுநர் உரிமம்: தேவை,translated,
home.job_card.skill_required_suffix,{{skill}}: Required,{{skill}}: தேவை,translated,
home.beacon.chip_inactive_title,Tell employers I'm available now,நான் இப்போது கிடைக்கிறேன் என்று முதலாளிகளிடம் சொல்லுங்கள்,translated,
home.beacon.chip_inactive_hint,Nearby employers will see you in their list,அருகிலுள்ள முதலாளிகள் தங்கள் பட்டியலில் உங்களைப் பார்ப்பார்கள்,translated,
home.beacon.chip_active_title,Available — {{left}} left,கிடைக்கிறது — {{left}} மீதம்,translated,
home.beacon.chip_active_hint,Until {{time}} · tap to edit,{{time}} வரை · திருத்த தட்டவும்,translated,
home.beacon.chip_a11y_active,Edit availability beacon,கிடைப்புத்திறன் பீக்கனைத் திருத்து,translated,
home.beacon.chip_a11y_inactive,Tell employers you are available,நீங்கள் கிடைப்பீர்கள் என்று முதலாளிகளிடம் சொல்லுங்கள்,translated,
home.beacon.stop,Stop,நிறுத்து,translated,
home.beacon.stop_confirm_title,Stop broadcasting?,ஒளிபரப்பை நிறுத்தவா?,translated,
home.beacon.stop_confirm_body,Employers near you will no longer see you as available.,உங்கள் அருகிலுள்ள முதலாளிகள் இனி உங்களைக் கிடைப்பதாகப் பார்க்க மாட்டார்கள்.,translated,
home.beacon.couldnt_withdraw_title,Couldn't withdraw,திரும்பப் பெற முடியவில்லை,translated,
home.beacon.couldnt_withdraw_body,Try again.,மீண்டும் முயற்சிக்கவும்.,translated,
home.beacon.expiring,expiring,முடிகிறது,translated,
home.beacon.minutes_short,{{n}} min,{{n}} நிமி,translated,
home.beacon.hours_short,{{h}}h,{{h}}ம,translated,
home.beacon.hours_minutes_short,{{h}}h {{m}}m,{{h}}ம {{m}}நி,translated,
home.beacon.sheet.eyebrow,AVAILABILITY BEACON,கிடைப்புத்திறன் பீக்கன்,translated,
home.beacon.sheet.title_new,Broadcast to nearby employers,அருகிலுள்ள முதலாளிகளுக்கு ஒளிபரப்பு,translated,
home.beacon.sheet.title_existing,Update your beacon,உங்கள் பீக்கனைப் புதுப்பிக்கவும்,translated,
home.beacon.sheet.body,"Employers within ~10 km will see you in their ""workers available now"" list with one-tap call.","~10 கி.மீ-க்குள் உள்ள முதலாளிகள் தங்கள் ""இப்போது கிடைக்கும் தொழிலாளர்கள்"" பட்டியலில் உங்களை ஒரு-தட்டு அழைப்புடன் பார்ப்பார்கள்.",translated,
home.beacon.sheet.duration_title,HOW LONG?,எவ்வளவு நேரம்?,translated,
home.beacon.sheet.duration_1h_sub,1 hour,1 மணி,translated,
home.beacon.sheet.duration_2h_sub,2 hours,2 மணி,translated,
home.beacon.sheet.duration_4h_sub,Half day,அரை நாள்,translated,
home.beacon.sheet.duration_8h_sub,Full day,முழு நாள்,translated,
home.beacon.sheet.what_work_title,WHAT WORK?,என்ன வேலை?,translated,
home.beacon.sheet.selected_count,{{count}} selected,{{count}} தேர்ந்தெடுக்கப்பட்டது,translated,
home.beacon.sheet.note_title,NOTE FOR EMPLOYERS · OPTIONAL,முதலாளிகளுக்கான குறிப்பு · விருப்பம்,translated,
home.beacon.sheet.note_placeholder,e.g. Have my own bike · can lift heavy,எ.கா. சொந்த பைக் உள்ளது · எடை தூக்க முடியும்,translated,
home.beacon.sheet.schedule_title,WEEKLY SCHEDULE · OPTIONAL,வாராந்திர அட்டவணை · விருப்பம்,translated,
home.beacon.sheet.repeat_weekly_title,Repeat every week,ஒவ்வொரு வாரமும் மீண்டும்,translated,
home.beacon.sheet.repeat_weekly_hint,Stay live on the same days + window without raising the beacon every day.,ஒவ்வொரு நாளும் பீக்கனை எழுப்பாமல் அதே நாட்கள் + நேரத்தில் நேரலையில் இருங்கள்.,translated,
home.beacon.sheet.from,FROM,முதல்,translated,
home.beacon.sheet.to,TO,வரை,translated,
home.beacon.sheet.format_hint,Format HH:MM (24h). The beacon goes live automatically inside this window on the picked days.,வடிவம் HH:MM (24h). தேர்ந்தெடுத்த நாட்களில் இந்த நேரத்திற்குள் பீக்கன் தானாகவே நேரலையில் வரும்.,translated,
home.beacon.sheet.broadcast_now,Broadcast now,இப்போது ஒளிபரப்பு,translated,
home.beacon.sheet.update_beacon,Update beacon,பீக்கனைப் புதுப்பிக்கவும்,translated,
home.beacon.sheet.broadcasting,Broadcasting…,ஒளிபரப்பப்படுகிறது…,translated,
home.beacon.sheet.couldnt_publish_title,Couldn't publish,வெளியிட முடியவில்லை,translated,
home.beacon.sheet.location_needed_error,We need your location to broadcast. Try again in a moment.,ஒளிபரப்ப உங்கள் இருப்பிடம் தேவை. சிறிது நேரத்தில் மீண்டும் முயற்சிக்கவும்.,translated,
home.beacon.sheet.broadcast_a11y,Broadcast availability,கிடைப்புத்திறனை ஒளிபரப்பு,translated,
home.beacon.sheet.duration_a11y_selected,"{{sub}}, selected","{{sub}}, தேர்ந்தெடுக்கப்பட்டது",translated,
home.beacon.sheet.duration_a11y,{{sub}},{{sub}},translated,
home.beacon.sheet.trade_a11y_selected,"{{label}}, selected","{{label}}, தேர்ந்தெடுக்கப்பட்டது",translated,
home.beacon.sheet.trade_a11y,{{label}},{{label}},translated,
home.beacon.sheet.day_a11y_selected,"Day {{n}}, selected","நாள் {{n}}, தேர்ந்தெடுக்கப்பட்டது",translated,
home.beacon.sheet.day_a11y,Day {{n}},நாள் {{n}},translated,
home.beacon.sheet.hint_need_trade,Pick at least one type of work to broadcast.,ஒளிபரப்ப குறைந்தது ஒரு வேலையைத் தேர்ந்தெடுக்கவும்.,translated,
home.beacon.sheet.hint_need_day,Pick at least one day for the weekly schedule.,வாராந்திர அட்டவணைக்கு குறைந்தது ஒரு நாளைத் தேர்ந்தெடுக்கவும்.,translated,
home.beacon.sheet.hint_need_wage,"Enter a wage amount, or turn off ""Name your wage"".",,MISSING — needs translation,
home.beacon.sheet.time_error,"Enter a valid window — HH:MM (24h), end after start.","சரியான நேரத்தை உள்ளிடவும் — HH:MM (24h), முடிவு தொடக்கத்திற்குப் பின்.",translated,
home.beacon.sheet.summary_ready,Ready — nearby employers will see you the moment you broadcast.,தயார் — ஒளிபரப்பியவுடன் அருகிலுள்ள முதலாளிகள் உங்களைப் பார்ப்பார்கள்.,translated,
home.beacon.sheet.wage_title,OPEN SHIFT,,MISSING — needs translation,
home.beacon.sheet.wage_toggle_title,Name your wage,,MISSING — needs translation,
home.beacon.sheet.wage_toggle_hint,Turns this into a full open shift — nearby employers get notified.,,MISSING — needs translation,
home.beacon.sheet.wage_amount_label,Amount (₹),,MISSING — needs translation,
home.beacon.sheet.wage_period_label,Per,,MISSING — needs translation,
home.beacon.sheet.wage_period_hour,Hour,,MISSING — needs translation,
home.beacon.sheet.wage_period_day,Day,,MISSING — needs translation,
home.beacon.sheet.wage_period_week,Week,,MISSING — needs translation,
home.wage.eyebrow,LOCAL WAGE · LAST 30 DAYS,உள்ளூர் ஊதியம் · கடந்த 30 நாட்கள்,translated,
home.wage.headline,{{trade}}s in {{city}} earn {{range}} per day,{{city}}-இல் {{trade}} ஒரு நாளுக்கு {{range}} சம்பாதிக்கிறார்கள்,translated,
home.wage.basis,Based on {{count}} live posts. Tap to see them →,{{count}} நேரலை பதிவுகளின் அடிப்படையில். பார்க்க தட்டவும் →,translated,
home.recommended.title,✨ Recommended for you,✨ உங்களுக்கான பரிந்துரை,translated,
home.recommended.subtitle,Based on your resume,உங்கள் சுயவிவரத்தின் அடிப்படையில்,translated,
home.recommended.fallback_employer,Employer,முதலாளி,translated,
home.recommended.urgent_pill,Urgent,அவசரம்,translated,
home.recommended.women_safe_pill,Women-safe,பெண்களுக்குப் பாதுகாப்பானது,translated,
profile.menu.applications,My Applications,என் விண்ணப்பங்கள்,translated,
profile.menu.applications_count_one,{{count}} application,{{count}} விண்ணப்பம்,translated,
profile.menu.applications_count_other,{{count}} applications,{{count}} விண்ணப்பங்கள்,translated,
profile.menu.applications_empty,No applications yet,இன்னும் விண்ணப்பங்கள் இல்லை,translated,
profile.menu.my_jobs,My Jobs,என் வேலைகள்,translated,
profile.menu.saved_count,{{count}} saved,{{count}} சேமிக்கப்பட்டது,translated,
profile.menu.saved_empty,No saved jobs yet,இன்னும் சேமிக்கப்பட்ட வேலைகள் இல்லை,translated,
profile.menu.earnings,My Earnings,என் வருமானம்,translated,
profile.menu.earnings_subtitle,Available with wallet,வாலெட்டில் கிடைக்கும்,translated,
profile.menu.ratings,Ratings & Reviews,மதிப்பீடுகள்,translated,
profile.menu.ratings_count,{{avg}} from {{count}} ratings,{{count}} மதிப்பீடுகளிலிருந்து {{avg}},translated,
profile.menu.ratings_empty,No ratings yet,இன்னும் மதிப்பீடுகள் இல்லை,translated,
profile.menu.job_alerts,Job Alerts,வேலை அறிவிப்புகள்,translated,
profile.menu.job_alerts_subtitle,Get notified when matching jobs are posted,பொருந்தும் வேலைகள் பதிவாகும்போது அறிவிப்பு பெறுங்கள்,translated,
profile.menu.training,Training & courses,பயிற்சி மற்றும் படிப்புகள்,translated,
profile.menu.training_subtitle,Earn badges that show on your resume,உங்கள் சுயவிவரத்தில் காட்டும் பேட்ஜ்களைப் பெறுங்கள்,translated,
profile.menu.skill_tests,Skill tests,திறன் தேர்வுகள்,translated,
profile.menu.skill_tests_subtitle,"Prove your trade — 5 questions, 4 to pass","உங்கள் தொழிலை நிரூபிக்கவும் — 5 கேள்விகள், 4 சரியாக",translated,
profile.menu.referrals,Referral credit,பரிந்துரை வரவு,translated,
profile.menu.referrals_empty,Share jobs · earn ₹100 per hire,வேலைகளைப் பகிருங்கள் · ஒவ்வொரு பணியமர்த்தலுக்கும் ₹100,translated,
profile.menu.downloads,Download Center,பதிவிறக்க மையம்,translated,
profile.menu.downloads_subtitle,Saved posts and offline content,சேமித்த பதிவுகள் மற்றும் ஆஃப்லைன் உள்ளடக்கம்,translated,
profile.menu.settings,Settings,அமைப்புகள்,translated,
profile.menu.settings_subtitle,"Language, notifications, theme","மொழி, அறிவிப்புகள், தீம்",translated,
profile.menu.my_job_subtitle,"Attendance, shifts and payslips","வருகை, ஷிப்ட் மற்றும் சம்பள சீட்டுகள்",translated,
profile.menu.edit_profile,Edit Profile Details,சுயவிவரத்தைத் திருத்து,translated,
profile.menu.edit_profile_subtitle,"Name, bio, experience, availability","பெயர், சுயவிவரம், அனுபவம், கிடைப்புத்திறன்",translated,
profile.sections.activity,ACTIVITY,செயல்பாடு,translated,
profile.sections.account,ACCOUNT,கணக்கு,translated,
profile.sections.resume,RESUME,சுயவிவரம்,translated,
profile.sections.skills,SKILLS,திறன்கள்,translated,
profile.sections.expected_salary,EXPECTED SALARY,எதிர்பார்த்த சம்பளம்,translated,
profile.sections.skills_gap,SKILLS GAP NEAR YOU,உங்கள் பகுதியில் திறன் இடைவெளி,translated,
settings.title,Settings,அமைப்புகள்,translated,
settings.language,Language,மொழி,translated,
settings.language_hint,Saved on this device. Changes apply immediately.,இந்த சாதனத்தில் சேமிக்கப்பட்டது. உடனடியாக பயன்படுகிறது.,translated,
settings.notifications,Notifications,அறிவிப்புகள்,translated,
settings.push_notifications,Push notifications,புஷ் அறிவிப்புகள்,translated,
settings.push_notifications_hint,"Applications, messages, ratings","விண்ணப்பங்கள், செய்திகள், மதிப்பீடுகள்",translated,
settings.appearance,Appearance,தோற்றம்,translated,
settings.appearance_light,Light,வெளிச்சம்,translated,
settings.appearance_dark,Dark,இருள்,translated,
settings.appearance_system,Use system setting,சிஸ்டம் அமைப்பைப் பயன்படுத்து,translated,
settings.appearance_hint,The seeker side keeps its blue palette regardless — this affects employer screens and shared modals.,சீக்கர் பக்கம் நீல நிறமாக இருக்கும் — இது முதலாளி திரைகளை மட்டும் பாதிக்கும்.,translated,
settings.safety,Safety,பாதுகாப்பு,translated,
settings.sos_label,Safety SOS,பாதுகாப்பு SOS,translated,
settings.sos_value,Set up emergency contact,அவசர தொடர்பை அமை,translated,
settings.sos_hint,One-tap help to a trusted contact if you ever feel unsafe at work.,வேலையில் பாதுகாப்பற்றதாக உணர்ந்தால் ஒரு தட்டலில் நம்பகமானவருக்கு உதவி கேள்.,translated,
settings.account,Account,கணக்கு,translated,
settings.email,Email,மின்னஞ்சல்,translated,
settings.email_change_title,Change email,மின்னஞ்சலை மாற்று,translated,
settings.email_change_body,Email changes require verification — coming soon.,மின்னஞ்சல் மாற்றத்திற்கு சரிபார்ப்பு தேவை — விரைவில் வரும்.,translated,
settings.sign_out,Sign out,வெளியேறு,translated,
settings.sign_out_confirm_title,Sign out?,வெளியேற வேண்டுமா?,translated,
settings.sign_out_confirm_body,You'll need to sign in again to use Doondo.,Doondo பயன்படுத்த மீண்டும் உள்நுழைய வேண்டும்.,translated,
settings.delete_account,Delete account,கணக்கை நீக்கு,translated,
settings.delete_confirm_title,Delete your account?,உங்கள் கணக்கை நீக்க வேண்டுமா?,translated,
settings.delete_confirm_body,"This is permanent — all your applications, ratings, and chats will be erased. We're still building the in-app delete; email support@doondo.app to delete your account today.","இது நிரந்தரம் — உங்கள் அனைத்து விண்ணப்பங்கள், மதிப்பீடுகள் மற்றும் அரட்டைகள் அழிக்கப்படும். இப்போதைக்கு support@doondo.app க்கு மின்னஞ்சல் அனுப்புங்கள்.",translated,
settings.email_support,Email support,ஆதரவுக்கு மின்னஞ்சல்,translated,
settings.email_support_body,Send a delete request to support@doondo.app from the address on your account.,உங்கள் கணக்கின் மின்னஞ்சல் முகவரியிலிருந்து support@doondo.app க்கு நீக்கக் கோரிக்கையை அனுப்புங்கள்.,translated,
signup.header,Create account,கணக்கை உருவாக்கு,translated,
signup.title,Join Doondo,Doondo சேர்,translated,
signup.name,Name,பெயர்,translated,
signup.name_for_worker,Worker's name,,MISSING — needs translation,
signup.email,Email,மின்னஞ்சல்,translated,
signup.password,Password,கடவுச்சொல்,translated,
signup.phone,Phone,தொலைபேசி,translated,
signup.phone_for_worker,Worker's phone,,MISSING — needs translation,
signup.phone_helper,Used to reset your password if you forget it.,,MISSING — needs translation,
signup.phone_for_worker_helper,The worker's number — employers will call here.,,MISSING — needs translation,
signup.assisted_toggle_label,Setting this up for someone else?,,MISSING — needs translation,
signup.assisted_toggle_hint,Common for family members helping a worker who can't use the app alone.,,MISSING — needs translation,
signup.submit,Create account,கணக்கை உருவாக்கு,translated,
signup.submitting,Creating account…,,MISSING — needs translation,
jobs.greeting.still_up,STILL UP,இன்னும் விழித்திருக்கிறீர்கள்,translated,
jobs.greeting.good_morning,GOOD MORNING,காலை வணக்கம்,translated,
jobs.greeting.good_afternoon,GOOD AFTERNOON,மதிய வணக்கம்,translated,
jobs.greeting.good_evening,GOOD EVENING,மாலை வணக்கம்,translated,
jobs.greeting.good_night,GOOD NIGHT,இனிய இரவு,translated,
jobs.greeting.hello_named,"Hello, {{name}} ","வணக்கம், {{name}} ",translated,
jobs.greeting.hello_there,Hello there ,வணக்கம் ,translated,
jobs.subtitle.find_gig,Find your next gig nearby.,அருகில் உங்கள் அடுத்த வேலையைக் கண்டுபிடியுங்கள்.,translated,
jobs.subtitle.within_km_of_you,Within {{km}} km of you,உங்களைச் சுற்றி {{km}} கி.மீ-க்குள்,translated,
jobs.subtitle.within_km_of_your_area,Within {{km}} km of your area,உங்கள் பகுதியிலிருந்து {{km}} கி.மீ-க்குள்,translated,
jobs.subtitle.demo_location,Demo location — turn on GPS to see your area,டெமோ இடம் — உங்கள் பகுதியைப் பார்க்க GPS-ஐ இயக்கவும்,translated,
jobs.subtitle.within_km_of_place,Within {{km}} km of {{place}},{{place}} இலிருந்து {{km}} கிமீ க்குள்,translated,
jobs.job_count_one,{{count}} job,{{count}} வேலை,translated,
jobs.job_count_other,{{count}} jobs,{{count}} வேலைகள்,translated,
jobs.view.list,List,பட்டியல்,translated,
jobs.view.map,Map,வரைபடம்,translated,
jobs.search.placeholder,"Search by skill, title, company","திறன், தலைப்பு அல்லது நிறுவனத்தைத் தேடுங்கள்",translated,
jobs.sections.distance,DISTANCE,தூரம்,translated,
jobs.sections.recommended_for_you,Recommended for you,உங்களுக்கான பரிந்துரை,translated,
jobs.sections.see_all_arrow,See all →,அனைத்தையும் பார் →,translated,
jobs.filters.all,All,அனைத்தும்,translated,
jobs.filters.women_safe_only,Women-safe only,பெண்களுக்குப் பாதுகாப்பானவை மட்டும்,translated,
jobs.km_chip,{{km}} km,{{km}} கி.மீ,translated,
jobs.empty.eyebrow,QUIET HERE,இங்கே அமைதி,translated,
jobs.empty.title,No jobs in this radius yet,இந்த வரம்பில் இன்னும் வேலைகள் இல்லை,translated,
jobs.empty.message,Try widening the area or check back in a bit — new posts land throughout the day.,வரம்பை அதிகரிக்கவும் அல்லது சிறிது நேரம் கழித்து சரிபார்க்கவும் — நாள் முழுவதும் புதிய பதிவுகள் வரும்.,translated,
jobs.apply_alert.title,Applied,விண்ணப்பித்தது,translated,
jobs.apply_alert.couldnt_apply_title,Couldn't apply,விண்ணப்பிக்க முடியவில்லை,translated,
jobs.apply_alert.please_try_again,Please try again.,மீண்டும் முயற்சிக்கவும்.,translated,
jobs.mass_apply.applied_one,{{count}} application sent.,{{count}} விண்ணப்பம் அனுப்பப்பட்டது.,translated,
jobs.mass_apply.applied_other,{{count}} applications sent.,{{count}} விண்ணப்பங்கள் அனுப்பப்பட்டன.,translated,
jobs.mass_apply.already_one,{{count}} you'd already applied to.,{{count}} க்கு நீங்கள் ஏற்கனவே விண்ணப்பித்துள்ளீர்கள்.,translated,
jobs.mass_apply.already_other,{{count}} you'd already applied to.,{{count}} க்கு நீங்கள் ஏற்கனவே விண்ணப்பித்துள்ளீர்கள்.,translated,
jobs.mass_apply.closed_one,{{count}} closed before we could send.,அனுப்பும் முன் {{count}} மூடப்பட்டது.,translated,
jobs.mass_apply.closed_other,{{count}} closed before we could send.,அனுப்பும் முன் {{count}} மூடப்பட்டன.,translated,
jobs.mass_apply.missing_one,{{count}} no longer available.,{{count}} இனி கிடைக்கவில்லை.,translated,
jobs.mass_apply.missing_other,{{count}} no longer available.,{{count}} இனி கிடைக்கவில்லை.,translated,
jobs.mass_apply.failed_one,{{count}} couldn't be sent — please try again.,{{count}} அனுப்ப முடியவில்லை — மீண்டும் முயற்சிக்கவும்.,translated,
jobs.mass_apply.failed_other,{{count}} couldn't be sent — please try again.,{{count}} அனுப்ப முடியவில்லை — மீண்டும் முயற்சிக்கவும்.,translated,
jobs.mass_apply.none_sent,No applications sent.,எந்த விண்ணப்பமும் அனுப்பப்படவில்லை.,translated,
jobs.card.urgent,Urgent,அவசரம்,translated,
jobs.card.women_safe,Women-safe,பெண்களுக்குப் பாதுகாப்பானது,translated,
jobs.card.verified,Verified,சரிபார்க்கப்பட்டது,translated,
jobs.card.default_employer,Doondo Employer,Doondo முதலாளி,translated,
jobs.card.time.just_now,just now,இப்போது,translated,
jobs.card.time.minutes_ago,{{m}}m ago,{{m}} நிமிடம் முன்,translated,
jobs.card.time.hours_ago,{{h}}h ago,{{h}} மணி முன்,translated,
jobs.card.time.days_ago,{{d}}d ago,{{d}} நாள் முன்,translated,
jobs.selection.cancel,Cancel,ரத்து,translated,
jobs.selection.count_selected,{{count}} selected,{{count}} தேர்ந்தெடுக்கப்பட்டது,translated,
jobs.selection.long_press_hint,Long-press to add or remove,சேர்க்க அல்லது அகற்ற நீண்ட நேரம் அழுத்தவும்,translated,
jobs.selection.applying,Applying…,விண்ணப்பிக்கப்படுகிறது…,translated,
jobs.selection.apply_to_count,Apply to {{count}},{{count}} க்கு விண்ணப்பி,translated,
jobs.swipe.title,Same-day swipe,இன்றைய ஸ்வைப்,translated,
jobs.swipe.hint,Swipe right to express interest · left to skip · up to save,ஆர்வத்தைத் தெரிவிக்க வலதுபுறம் ஸ்வைப் செய்யவும் · தவிர்க்க இடதுபுறம் · சேமிக்க மேலே,translated,
jobs.swipe.empty_eyebrow,THAT'S ALL,அவ்வளவுதான்,translated,
jobs.swipe.empty_title,No more jobs today,இன்று மேலும் வேலைகள் இல்லை,translated,
jobs.swipe.empty_message,"Try the full list, or come back later — new urgent posts land throughout the day.",முழுப் பட்டியலை முயற்சிக்கவும் அல்லது பின்னர் வாருங்கள் — நாள் முழுவதும் புதிய அவசர பதிவுகள் வரும்.,translated,
jobs.swipe.tap_for_details,Tap to see full details,முழு விவரங்களுக்கு தட்டவும்,translated,
jobs.swipe.fallback_employer,Employer,முதலாளி,translated,
jobs.swipe.overlay_interested,INTERESTED,ஆர்வம்,translated,
jobs.swipe.overlay_skip,SKIP,தவிர்,translated,
jobs.swipe.overlay_save,SAVE,சேமி,translated,
jobs.swipe.entry_title,Same-day swipe,அன்றைய ஸ்வைப்,translated,
jobs.swipe.entry_subtitle,Swipe through today's urgent jobs,இன்றைய அவசர வேலைகளை ஸ்வைப் செய்யுங்கள்,translated,
jobs.change_location,Change,மாற்று,translated,
jobs.no_jobs_in_place.title,No jobs in {{place}} yet,{{place}} இல் இன்னும் வேலைகள் இல்லை,translated,
jobs.no_jobs_in_place.message,"Try a wider distance, or get notified when a job opens here.","அதிக தூரத்தை முயற்சிக்கவும், அல்லது இங்கே வேலை திறக்கும்போது அறிவிப்பு பெறுங்கள்.",translated,
jobs.no_jobs_in_place.notify,Notify me,எனக்கு அறிவி,translated,
jobs.clear_location,Clear location,இடத்தை அழி,translated,
jobs.hiring_requests_banner.title_one,{{count}} employer wants to hire you,{{count}} முதலாளி உங்களை வேலைக்கு அமர்த்த விரும்புகிறார்,translated,
jobs.hiring_requests_banner.title_other,{{count}} employers want to hire you,{{count}} முதலாளிகள் உங்களை வேலைக்கு அமர்த்த விரும்புகிறார்கள்,translated,
jobs.hiring_requests_banner.subtitle,Tap to view and respond,பார்க்கவும் பதிலளிக்கவும் தட்டவும்,translated,
job_detail.report_wage_issue_cta,Report a wage issue,,MISSING — needs translation,
job_detail.apply_now,Apply Now,இப்போது விண்ணப்பி,translated,
job_detail.applied,Applied ✓,விண்ணப்பித்தது ✓,translated,
job_detail.im_interested,✋ I'm interested,✋ எனக்கு ஆர்வம் உள்ளது,translated,
job_detail.interest_sent,✓ Interest sent,✓ ஆர்வம் அனுப்பப்பட்டது,translated,
job_detail.sending,Sending…,அனுப்பப்படுகிறது…,translated,
job_detail.call_employer,📞 Call employer,📞 அழைப்பு,translated,
job_detail.cover_letter,Cover letter,கவர் கடிதம்,translated,
job_detail.cover_letter_optional,optional,விருப்பம்,translated,
job_detail.cover_letter_hint,Tell the employer why you're the right person.,நீங்களே சரியான நபர் என்று முதலாளியிடம் சொல்லுங்கள்.,translated,
job_detail.header_title,Job Details,வேலை விவரங்கள்,translated,
job_detail.header.share_a11y,Share this job,இந்த வேலையைப் பகிர்,translated,
job_detail.header.save_offline_a11y,Save for offline,ஆஃப்லைனுக்காகச் சேமி,translated,
job_detail.header.remove_offline_a11y,Remove from offline,ஆஃப்லைனில் இருந்து அகற்று,translated,
job_detail.load_error.eyebrow,UNAVAILABLE,கிடைக்கவில்லை,translated,
job_detail.load_error.title,Couldn't load this job,இந்த வேலையை ஏற்ற முடியவில்லை,translated,
job_detail.load_error.message,"It may have been removed, or your connection dropped.",இது அகற்றப்பட்டிருக்கலாம் அல்லது உங்கள் இணைப்பு துண்டிக்கப்பட்டது.,translated,
job_detail.load_error.close,Close,மூடு,translated,
job_detail.share.urgent_line,⚡ Urgent — start soon,⚡ அவசரம் — விரைவில் தொடங்க,translated,
job_detail.share.see_apply,See and apply on Doondo:,Doondo-வில் பார்த்து விண்ணப்பிக்கவும்:,translated,
job_detail.share.referral_bonus,"💰 If you get hired, I earn a ₹100 referral bonus.",💰 நீங்கள் பணியமர்த்தப்பட்டால் நான் ₹100 பரிந்துரை போனஸ் பெறுவேன்.,translated,
job_detail.section.description,Job Description,வேலை விவரம்,translated,
job_detail.section.requirements,Requirements,தேவைகள்,translated,
job_detail.cover_letter_field.placeholder,e.g. I have 4 years of office admin experience and I can start immediately. Comfortable with Tally and Excel.,எ.கா. எனக்கு 4 ஆண்டுகள் அலுவலக நிர்வாக அனுபவம் உள்ளது மற்றும் உடனடியாகத் தொடங்க முடியும். Tally மற்றும் Excel-இல் வசதியாக இருக்கிறேன்.,translated,
job_detail.cover_letter_field.chars_remaining,{{n}} characters left,{{n}} எழுத்துகள் மீதம்,translated,
job_detail.work_mode.remote,Fully remote,முற்றிலும் தொலைதூரம்,translated,
job_detail.work_mode.hybrid,Hybrid (some days at home),ஹைப்ரிட் (சில நாட்கள் வீட்டிலிருந்து),translated,
job_detail.urgent_pill,Urgent,அவசரம்,translated,
job_detail.project_pill,{{days}}-day project · {{start}} → {{end}},,MISSING — needs translation,
job_detail.applied_card.applied_sent_title,Application sent,விண்ணப்பம் அனுப்பப்பட்டது,translated,
job_detail.applied_card.interest_sent_title,Interest sent,ஆர்வம் அனுப்பப்பட்டது,translated,
job_detail.applied_card.applied_sent_message,Track its status in the Applications tab.,Applications தாவலில் நிலையைக் கண்காணிக்கவும்.,translated,
job_detail.applied_card.interest_sent_message,You can call the employer now — they're expecting to hear from you.,நீங்கள் இப்போது முதலாளியை அழைக்கலாம் — அவர்கள் உங்கள் அழைப்பை எதிர்பார்க்கிறார்கள்.,translated,
job_detail.applied_card.offline_queued_title,Saved on your phone,உங்கள் ஃபோனில் சேமிக்கப்பட்டது,translated,
job_detail.applied_card.offline_queued_message,You're offline right now. We've saved your application — it will be sent automatically the moment you're back online.,நீங்கள் இப்போது ஆஃப்லைனில் உள்ளீர்கள். உங்கள் விண்ணப்பத்தை நாங்கள் சேமித்துள்ளோம் — இணைய இணைப்பு வந்தவுடன் இது தானாகவே அனுப்பப்படும்.,translated,
job_detail.errors.already_applied,You already applied to this job.,நீங்கள் ஏற்கனவே இந்த வேலைக்கு விண்ணப்பித்துள்ளீர்கள்.,translated,
job_detail.errors.already_interested,You've already shown interest in this job.,நீங்கள் ஏற்கனவே இந்த வேலையில் ஆர்வம் காட்டியுள்ளீர்கள்.,translated,
job_detail.errors.job_not_open,This job is no longer accepting applications.,இந்த வேலை இனி விண்ணப்பங்களை ஏற்கவில்லை.,translated,
job_detail.errors.generic,Something went wrong.,ஏதோ தவறு நிகழ்ந்தது.,translated,
job_detail.cta_a11y.apply_now,Apply Now,இப்போது விண்ணப்பி,translated,
job_detail.cta_a11y.im_interested,I'm interested,எனக்கு ஆர்வம் உள்ளது,translated,
job_detail.save.save_a11y,Save job,வேலையைச் சேமி,translated,
job_detail.save.unsave_a11y,Unsave job,சேமிப்பை நீக்கு,translated,
job_detail.team.applying_as_team,Applying as a team of {{count}},{{count}} பேர் கொண்ட குழுவாக விண்ணப்பிக்கிறீர்கள்,translated,
job_detail.team.add_teammates_hint,Add your teammates so the employer knows who's coming.,யார் வருகிறார்கள் என்று முதலாளி அறிய உங்கள் சக ஊழியர்களைச் சேர்க்கவும்.,translated,
job_detail.team.teammate_name_placeholder,Teammate {{n}} name,சக ஊழியர் {{n}} பெயர்,translated,
job_detail.team.phone_placeholder,+91 9876543210,+91 9876543210,translated,
job_detail.team.add_teammate_btn,+ Add teammate,+ சக ஊழியரைச் சேர்,translated,
job_detail.team.max_teammates_msg,Max {{cap}} teammates (you make {{team}}).,அதிகபட்சம் {{cap}} சக ஊழியர்கள் (உங்களுடன் {{team}}).,translated,
job_detail.audio.voice_unsupported,Voice description ({{duration}}) — playback not supported on this build.,குரல் விளக்கம் ({{duration}}) — இந்த பில்டில் இயக்கம் ஆதரிக்கப்படவில்லை.,translated,
job_detail.audio.voice_listen,Listen to job description ({{duration}}),வேலை விளக்கத்தைக் கேள் ({{duration}}),translated,
job_detail.audio.voice_playing,Playing… {{elapsed}} / {{duration}},இயக்கப்படுகிறது… {{elapsed}} / {{duration}},translated,
job_detail.audio.play_a11y,Play voice description,குரல் விளக்கத்தை இயக்கு,translated,
job_detail.audio.pause_a11y,Pause voice description,குரல் விளக்கத்தை இடைநிறுத்து,translated,
job_detail.call.opening_dialer,Opening dialer…,டயலர் திறக்கப்படுகிறது…,translated,
job_detail.call.call_employer,📞 Call employer,📞 முதலாளியை அழை,translated,
job_detail.call.call_a11y,Call the employer,முதலாளியை அழை,translated,
job_detail.call.couldnt_call_title,Couldn't call,அழைக்க முடியவில்லை,translated,
job_detail.call.couldnt_call_body,The employer hasn't added a phone number yet. Try messaging them in chat.,முதலாளி இன்னும் தொலைபேசி எண்ணைச் சேர்க்கவில்லை. அரட்டையில் செய்தி அனுப்ப முயற்சிக்கவும்.,translated,
job_detail.call.couldnt_open_dialer,Couldn't open dialer,டயலரைத் திறக்க முடியவில்லை,translated,
job_detail.call.their_number_is,Their number is {{phone}},அவர்களின் எண் {{phone}},translated,
job_detail.call.not_available_yet,Not available yet,இன்னும் கிடைக்கவில்லை,translated,
job_detail.call.couldnt_reveal,Couldn't reveal contact.,தொடர்பைக் காட்ட முடியவில்லை.,translated,
job_detail.pay_transparency.headline,Typical pay for {{type}} in {{city}}: ₹{{p25}}–{{p75}}{{period}},{{city}}-இல் {{type}}-க்கான சாதாரண ஊதியம்: ₹{{p25}}–{{p75}}{{period}},translated,
job_detail.pay_transparency.below_typical,• Below typical range,• சாதாரணத்தை விட குறைவு,translated,
job_detail.pay_transparency.above_typical,• Above typical range,• சாதாரணத்தை விட அதிகம்,translated,
job_detail.pay_transparency.type_full_time,full-time roles,முழு நேரப் பாத்திரங்கள்,translated,
job_detail.pay_transparency.type_part_time,part-time roles,பகுதி நேரப் பாத்திரங்கள்,translated,
job_detail.pay_transparency.type_gig,gigs,கிக்குகள்,translated,
job_detail.pay_transparency.type_shift,shift work,ஷிஃப்ட் வேலை,translated,
job_detail.pay_transparency.type_contract,contracts,ஒப்பந்தங்கள்,translated,
job_detail.pay_transparency.period_hour, / hr, / மணி,translated,
job_detail.pay_transparency.period_day, / day, / நாள்,translated,
job_detail.pay_transparency.period_week, / wk, / வாரம்,translated,
job_detail.pay_transparency.period_month, / mo, / மாதம்,translated,
job_detail.pay_transparency.period_fixed, (one-time), (ஒரு முறை),translated,
job_detail.distance_away_m,{{n}} m away,{{n}} மீ தூரம்,translated,
job_detail.distance_away_km,{{n}} km away,{{n}} கி.மீ தூரம்,translated,
job_detail.schedule_hours,{{n}} hr/day,{{n}} மணி/நாள்,translated,
profile_screen.switch_account_a11y,Switch account,கணக்கை மாற்று,translated,
profile_screen.verified_worker,✓ Verified Worker,✓ சரிபார்க்கப்பட்ட பணியாளர்,translated,
profile_screen.rated_count,· {{count}} rated,· {{count}} மதிப்பீடுகள்,translated,
profile_screen.member_since,Member since {{when}},{{when}} முதல் உறுப்பினர்,translated,
profile_screen.profile_completion_label,PROFILE COMPLETION,சுயவிவரம் நிறைவு,translated,
profile_screen.update_photo_failed,Failed to update photo,புகைப்படத்தைப் புதுப்பிக்க முடியவில்லை,translated,
profile_screen.could_not_prepare_photo,Could not prepare that photo — try a different image.,அந்தப் புகைப்படத்தைத் தயாரிக்க முடியவில்லை — வேறு படத்தை முயற்சிக்கவும்.,translated,
profile_screen.edit_salary_a11y,Edit expected salary,எதிர்பார்த்த சம்பளத்தைத் திருத்து,translated,
profile_screen.ratings_banner.title_one,Rate your last employer,உங்கள் கடைசி முதலாளியை மதிப்பிடுங்கள்,translated,
profile_screen.ratings_banner.title_other,{{count}} ratings pending,{{count}} மதிப்பீடுகள் நிலுவையில்,translated,
profile_screen.ratings_banner.body_one,{{name}} · {{job}},{{name}} · {{job}},translated,
profile_screen.ratings_banner.body_other,Help other workers by leaving a review.,மதிப்புரை எழுதி பிற பணியாளர்களுக்கு உதவுங்கள்.,translated,
profile_screen.ratings_banner.cta,Rate ›,மதிப்பிடு ›,translated,
profile_screen.stats.applications,Applications,விண்ணப்பங்கள்,translated,
profile_screen.stats.saved_jobs,Saved jobs,சேமித்த வேலைகள்,translated,
profile_screen.stats.rating,Rating,மதிப்பீடு,translated,
profile_screen.salary.eyebrow,You're looking for,நீங்கள் எதிர்பார்ப்பது,translated,
profile_screen.salary.empty_title,Set your expected salary,உங்கள் எதிர்பார்த்த சம்பளத்தை அமைக்கவும்,translated,
profile_screen.salary.empty_subtitle,Helps employers match the right roles,சரியான பாத்திரங்களைப் பொருத்த முதலாளிகளுக்கு உதவுகிறது,translated,
profile_screen.salary.edit,Edit,திருத்து,translated,
profile_screen.salary.period_hour,Per hour,மணிக்கு,translated,
profile_screen.salary.period_day,Per day,ஒரு நாளுக்கு,translated,
profile_screen.salary.period_week,Per week,ஒரு வாரத்திற்கு,translated,
profile_screen.salary.period_month,Per month,ஒரு மாதத்திற்கு,translated,
profile_screen.salary.period_fixed,Fixed total,மொத்தம் நிலையான,translated,
profile_screen.skills_card.empty_title,Add your skills,உங்கள் திறன்களைச் சேர்க்கவும்,translated,
profile_screen.skills_card.empty_subtitle,Employers find you faster when you list what you're good at.,நீங்கள் என்ன செய்ய முடியும் என்று பட்டியலிட்டால் முதலாளிகள் உங்களை விரைவாகக் கண்டறிவார்கள்.,translated,
profile_screen.skills_card.empty_cta,Add skills,திறன்களைச் சேர்,translated,
profile_screen.skills_card.add_or_edit,+ Add or edit skills,+ திறன்களைச் சேர் அல்லது திருத்து,translated,
profile_screen.views_banner.title_one,{{n}} employer viewed your profile this week,இந்த வாரம் {{n}} முதலாளி உங்கள் சுயவிவரத்தைப் பார்த்தார்,translated,
profile_screen.views_banner.title_other,{{n}} employers viewed your profile this week,இந்த வாரம் {{n}} முதலாளிகள் உங்கள் சுயவிவரத்தைப் பார்த்தனர்,translated,
profile_screen.views_banner.subtitle_engaged,You're getting noticed — keep your profile fresh to convert views into hires.,நீங்கள் கவனிக்கப்படுகிறீர்கள் — பார்வைகளை வேலைவாய்ப்புகளாக மாற்ற உங்கள் சுயவிவரத்தைப் புதுப்பித்து வைத்திருங்கள்.,translated,
profile_screen.views_banner.subtitle_add_more,Add work photos or a skill test to stand out.,தனித்து நிற்க வேலை புகைப்படங்கள் அல்லது திறன் தேர்வைச் சேர்க்கவும்.,translated,
profile_screen.suggestions.eyebrow,ADD SKILL · +{{n}}%,திறன் சேர் · +{{n}}%,translated,
profile_screen.suggestions.jobs_need_one,{{count}} job needs it near you,உங்கள் அருகில் {{count}} வேலைக்கு இது தேவை,translated,
profile_screen.suggestions.jobs_need_other,{{count}} jobs need it near you,உங்கள் அருகில் {{count}} வேலைகளுக்கு இது தேவை,translated,
profile_screen.suggestions.add_to_skills,Add to my skills →,என் திறன்களில் சேர் →,translated,
profile_screen.referrals.subtitle_earned,₹{{amount}} earned · {{count}} hired,₹{{amount}} சம்பாதித்துள்ளீர்கள் · {{count}} பணியமர்த்தப்பட்டனர்,translated,
profile_screen.referrals.subtitle_empty,Share jobs · earn ₹100 per hire,வேலைகளைப் பகிருங்கள் · ஒவ்வொரு பணியமர்த்தலுக்கும் ₹100,translated,
profile_screen.menu_extra.cash_advance,Cash advance,பண முன்பணம்,translated,
profile_screen.menu_extra.cash_advance_subtitle,"Borrow against confirmed upcoming work (up to ₹5,000)","உறுதிசெய்யப்பட்ட எதிர்வரும் வேலைக்கு எதிராகக் கடன் (₹5,000 வரை)",translated,
profile_screen.menu_extra.worker_insurance,Worker insurance,தொழிலாளர் காப்பீடு,translated,
profile_screen.menu_extra.worker_insurance_subtitle,₹49/month accident cover · opt-in any time,₹49/மாதம் விபத்து கவரேஜ் · எப்போது வேண்டுமானாலும் சேரலாம்,translated,
profile_screen.menu_extra.interview_prep,Interview prep,நேர்காணல் தயாரிப்பு,translated,
profile_screen.menu_extra.interview_prep_subtitle,"Common questions, what to bring, how to talk pay","பொதுவான கேள்விகள், எதை எடுத்துச் செல்ல வேண்டும், ஊதியம் பற்றி எப்படிப் பேச வேண்டும்",translated,
profile_screen.menu_extra.find_friends,Find friends on Doondo,Doondo-வில் நண்பர்களைக் கண்டுபிடி,translated,
profile_screen.menu_extra.find_friends_subtitle,"Match your contacts · invite friends, earn ₹100 per hire","உங்கள் தொடர்புகளைப் பொருத்து · நண்பர்களை அழைக்கவும், ஒவ்வொரு பணியமர்த்தலுக்கும் ₹100",translated,
profile_screen.menu_extra.trade_buddies,Trade buddies,வர்த்தக நண்பர்கள்,translated,
profile_screen.menu_extra.trade_buddies_subtitle,Find a mentor in your trade — or mentor others,உங்கள் தொழிலில் வழிகாட்டியைக் கண்டுபிடி — அல்லது மற்றவர்களுக்கு வழிகாட்டு,translated,
profile_screen.menu_extra.my_resume,My resume,என் சுயவிவரம்,translated,
profile_screen.menu_extra.my_resume_subtitle_one,{{count}} job · tap to view or share,{{count}} வேலை · பார்க்க அல்லது பகிர தட்டவும்,translated,
profile_screen.menu_extra.my_resume_subtitle_other,{{count}} jobs · tap to view or share,{{count}} வேலைகள் · பார்க்க அல்லது பகிர தட்டவும்,translated,
profile_screen.menu_extra.build_resume,Build my resume,என் சுயவிவரத்தை உருவாக்கு,translated,
profile_screen.menu_extra.build_resume_subtitle,Walk through your last 1–5 jobs,உங்கள் கடைசி 1–5 வேலைகளின் வழியே செல்லுங்கள்,translated,
profile_screen.menu_extra.ratings_count_one,{{avg}} from {{count}} rating,{{count}} மதிப்பீட்டிலிருந்து {{avg}},translated,
profile_screen.menu_extra.ratings_count_other,{{avg}} from {{count}} ratings,{{count}} மதிப்பீடுகளிலிருந்து {{avg}},translated,
profile_screen.menu_extra.hiring_requests,Hiring requests,பணியமர்த்தல் கோரிக்கைகள்,translated,
profile_screen.menu_extra.hiring_requests_subtitle,Job offers from employers,முதலாளிகளிடமிருந்து வேலை வாய்ப்புகள்,translated,
profile_screen.signout.button,Sign out,வெளியேறு,translated,
profile_screen.signout.confirm_title,Sign out?,வெளியேற வேண்டுமா?,translated,
profile_screen.signout.confirm_body,You'll need to sign in again to use Doondo.,Doondo பயன்படுத்த மீண்டும் உள்நுழைய வேண்டும்.,translated,
profile_screen.signout.cancel,Cancel,ரத்து,translated,
profile_screen.signout.confirm,Sign out,வெளியேறு,translated,
applications.title,My Applications,என் விண்ணப்பங்கள்,translated,
applications.pipeline_summary_one,{{open}} awaiting reply · {{shortlisted}} shortlisted · {{interviewCount}} interview · {{hired}} hired,{{open}} பதிலுக்காகக் காத்திருக்கிறது · {{shortlisted}} குறுகியப் பட்டியல் · {{interviewCount}} நேர்காணல் · {{hired}} பணியமர்த்தப்பட்டது,translated,
applications.pipeline_summary_other,{{open}} awaiting reply · {{shortlisted}} shortlisted · {{interviewCount}} interviews · {{hired}} hired,{{open}} பதிலுக்காகக் காத்திருக்கிறது · {{shortlisted}} குறுகியப் பட்டியல் · {{interviewCount}} நேர்காணல்கள் · {{hired}} பணியமர்த்தப்பட்டது,translated,
applications.filters.open,Open,திறந்தவை,translated,
applications.filters.shortlisted,Shortlisted,குறுகியப் பட்டியல்,translated,
applications.filters.hired,Hired,பணியமர்த்தப்பட்டது,translated,
applications.filters.rejected,Rejected,நிராகரிக்கப்பட்டது,translated,
applications.filters.all,All,அனைத்தும்,translated,
applications.empty.eyebrow,NO APPLICATIONS YET,இன்னும் விண்ணப்பங்கள் இல்லை,translated,
applications.empty.title,You haven't applied to any jobs,நீங்கள் எந்த வேலைக்கும் விண்ணப்பிக்கவில்லை,translated,
applications.empty.message,Browse nearby jobs and tap Apply — you'll see every application's status here.,அருகிலுள்ள வேலைகளை உலாவி Apply-ஐத் தட்டவும் — ஒவ்வொரு விண்ணப்பத்தின் நிலையை இங்கே காண்பீர்கள்.,translated,
applications.empty.cta,Browse jobs,வேலைகளை உலாவு,translated,
applications.status.pending,Pending,நிலுவையில்,translated,
applications.status.viewed,Viewed,பார்க்கப்பட்டது,translated,
applications.status.shortlisted,Shortlisted,குறுகியப் பட்டியல்,translated,
applications.status.rejected,Not selected,தேர்ந்தெடுக்கப்படவில்லை,translated,
applications.status.hired,✓ Hired,✓ பணியமர்த்தப்பட்டது,translated,
applications.status.withdrawn,Withdrawn,திரும்பப் பெறப்பட்டது,translated,
applications.interview_scheduled,Interview {{when}},நேர்காணல் {{when}},translated,
applications.rate_now_title,Rate {{name}},{{name}}-ஐ மதிப்பிடு,translated,
applications.rate_now_cta,Rate now ›,இப்போது மதிப்பிடு ›,translated,
applications.applied_when,Applied {{when}},{{when}} விண்ணப்பித்தீர்கள்,translated,
applications.time.just_now,just now,இப்போது,translated,
applications.time.min_ago,{{n}} min ago,{{n}} நிமிடம் முன்,translated,
applications.time.hr_ago,{{n}} hr ago,{{n}} மணி முன்,translated,
applications.time.day_ago_one,{{n}} day ago,{{n}} நாள் முன்,translated,
applications.time.day_ago_other,{{n}} days ago,{{n}} நாட்கள் முன்,translated,
applications.time.minute_ago_one,{{n}} minute ago,{{n}} நிமிடம் முன்,translated,
applications.time.minute_ago_other,{{n}} minutes ago,{{n}} நிமிடங்கள் முன்,translated,
applications.time.hour_ago_one,{{n}} hour ago,{{n}} மணி முன்,translated,
applications.time.hour_ago_other,{{n}} hours ago,{{n}} மணி முன்,translated,
applications.fallback.job_application,Job application,வேலை விண்ணப்பம்,translated,
applications.fallback.employer,Employer,முதலாளி,translated,
applications.fallback.job,Job,வேலை,translated,
applications.legacy.eyebrow,APPLICATIONS,விண்ணப்பங்கள்,translated,
applications.legacy.heading,Where you stand.,நீங்கள் எங்கிருக்கிறீர்கள்.,translated,
applications.legacy.section_active,Active,செயலில்,translated,
applications.legacy.section_past,Past,கடந்த,translated,
applications.legacy.status_sent,Sent,அனுப்பப்பட்டது,translated,
applications.legacy.error_eyebrow,OFFLINE,ஆஃப்லைன்,translated,
applications.legacy.error_title,Couldn't load your applications,உங்கள் விண்ணப்பங்களை ஏற்ற முடியவில்லை,translated,
applications.legacy.error_message,Check your connection and pull down to retry.,உங்கள் இணைப்பைச் சரிபார்த்து மீண்டும் முயற்சிக்க கீழே இழுக்கவும்.,translated,
applications.legacy.empty_eyebrow,NOTHING IN FLIGHT,எதுவும் செயல்பாட்டில் இல்லை,translated,
applications.legacy.empty_title,No applications yet,இன்னும் விண்ணப்பங்கள் இல்லை,translated,
applications.legacy.empty_message,Apply to a nearby job and you'll see its status here in real time.,அருகிலுள்ள வேலைக்கு விண்ணப்பித்து நிலையை நேரடியாக இங்கே பார்க்கவும்.,translated,
applications.legacy.interview_pill,Interview · {{when}}{{where}},நேர்காணல் · {{when}}{{where}},translated,
applications.legacy.interview_at, at {{location}}, {{location}}-இல்,translated,
applications.legacy.interview_video_link, (video — link in chat), (வீடியோ — இணைப்பு உரையாடலில்),translated,
applications.legacy.interview_video, (video), (வீடியோ),translated,
applications.legacy.interview_phone, (phone), (தொலைபேசி),translated,
applications.open_my_job,Open in My Job →,,MISSING — needs translation,
saved_jobs.eyebrow,SAVED,சேமிக்கப்பட்டது,translated,
saved_jobs.title,Your shortlist.,உங்கள் குறுகியப் பட்டியல்.,translated,
saved_jobs.error.eyebrow,OFFLINE,ஆஃப்லைன்,translated,
saved_jobs.error.title,Couldn't load your saved jobs,உங்கள் சேமித்த வேலைகளை ஏற்ற முடியவில்லை,translated,
saved_jobs.error.message,"Pull down to retry, or check your connection.",மீண்டும் முயற்சிக்க கீழே இழுக்கவும் அல்லது உங்கள் இணைப்பைச் சரிபார்க்கவும்.,translated,
saved_jobs.empty.eyebrow,NOTHING SAVED,எதுவும் சேமிக்கப்படவில்லை,translated,
saved_jobs.empty.title,Your shortlist is empty,உங்கள் குறுகியப் பட்டியல் காலியாக உள்ளது,translated,
saved_jobs.empty.message,Tap the bookmark on any job card and it'll appear here for later.,"எந்த வேலை அட்டையிலும் புத்தகக் குறி தட்டவும், பின்னர் இங்கே தோன்றும்.",translated,
my_jobs.title,My Jobs,என் வேலைகள்,translated,
my_jobs.tabs.saved,Saved,சேமித்த,translated,
my_jobs.tabs.applied,Applied,விண்ணப்பித்த,translated,
my_jobs.empty.saved_eyebrow,NOTHING SAVED,எதுவும் சேமிக்கப்படவில்லை,translated,
my_jobs.empty.saved_title,No saved jobs yet,இன்னும் சேமித்த வேலைகள் இல்லை,translated,
my_jobs.empty.saved_message,Tap the heart on any job to save it for later.,பின்னர் சேமிக்க எந்த வேலையிலும் இதயத்தைத் தட்டவும்.,translated,
my_jobs.empty.applied_eyebrow,NO APPLICATIONS,விண்ணப்பங்கள் இல்லை,translated,
my_jobs.empty.applied_title,No applied jobs yet,இன்னும் விண்ணப்பித்த வேலைகள் இல்லை,translated,
my_jobs.empty.applied_message,Browse nearby jobs and tap Apply Now.,அருகிலுள்ள வேலைகளை உலாவி Apply Now-ஐத் தட்டவும்.,translated,
my_jobs.empty.cta,Browse jobs,வேலைகளை உலாவு,translated,
ratings.back,← Back,← பின்,translated,
ratings.my_ratings,My ratings,என் மதிப்பீடுகள்,translated,
ratings.others_ratings,Ratings,மதிப்பீடுகள்,translated,
ratings.error_title,Couldn't load ratings,மதிப்பீடுகளை ஏற்ற முடியவில்லை,translated,
ratings.empty_title,No ratings yet,இன்னும் மதிப்பீடுகள் இல்லை,translated,
ratings.empty_my_message,"Once an employer rates you after a hire, you'll see it here.",ஒரு முதலாளி பணியமர்த்தலுக்குப் பிறகு உங்களை மதிப்பிட்டால் இங்கே காண்பீர்கள்.,translated,
ratings.empty_other_message,This person hasn't been rated yet.,இந்த நபரை இன்னும் மதிப்பிடவில்லை.,translated,
chat_list.title,Conversations,உரையாடல்கள்,translated,
chat_list.tabs.all,All,அனைத்தும்,translated,
chat_list.tabs.employers,Employers,முதலாளிகள்,translated,
chat_list.tabs.support,Support,ஆதரவு,translated,
chat_list.error_title,Couldn't load chats.,அரட்டைகளை ஏற்ற முடியவில்லை.,translated,
chat_list.error_hint,Pull down to retry.,மீண்டும் முயற்சிக்க கீழே இழுக்கவும்.,translated,
chat_list.new_chat_btn,+ New Chat,+ புதிய அரட்டை,translated,
chat_list.fallback_name,Conversation,உரையாடல்,translated,
chat_list.preview_empty,Say hello.,வணக்கம் சொல்லுங்கள்.,translated,
chat_list.empty_support_eyebrow,SUPPORT,ஆதரவு,translated,
chat_list.empty_support_title,No support chats yet,இன்னும் ஆதரவு அரட்டைகள் இல்லை,translated,
chat_list.empty_support_message,Doondo Support threads will show up here. Reach out to support anytime if you need help.,Doondo ஆதரவு உரையாடல்கள் இங்கே காண்பிக்கப்படும். உதவி தேவைப்பட்டால் எப்போதும் தொடர்பு கொள்ளுங்கள்.,translated,
chat_list.empty_employers_eyebrow,NO EMPLOYER CHATS,முதலாளி அரட்டைகள் இல்லை,translated,
chat_list.empty_employers_title,No employer chats yet,இன்னும் முதலாளி அரட்டைகள் இல்லை,translated,
chat_list.empty_employers_message_employer,Employer-to-employer messaging will land here when networking ships.,முதலாளி-முதலாளி செய்தியாடல் நெட்வொர்க்கிங் வெளியீட்டுடன் இங்கே வரும்.,translated,
chat_list.empty_employers_message_seeker,"Once an employer shortlists you for a job, the chat opens here.",ஒரு முதலாளி உங்களை குறுகியப் பட்டியலில் சேர்த்த பிறகு அரட்டை இங்கே திறக்கும்.,translated,
chat_list.empty_all_eyebrow,INBOX EMPTY,இன்பாக்ஸ் காலியாக உள்ளது,translated,
chat_list.empty_all_title,No chats yet,இன்னும் அரட்டைகள் இல்லை,translated,
chat_list.empty_all_message_employer,Shortlist a candidate from the Applicants tab — a private chat opens automatically.,Applicants தாவலில் இருந்து ஒரு வேட்பாளரை குறுகியப் பட்டியலில் சேர்க்கவும் — தனிப்பட்ட அரட்டை தானாகவே திறக்கும்.,translated,
chat_list.empty_all_message_seeker,"When an employer shortlists you for a job, you can chat with them right here. Apply to nearby jobs to get started.",ஒரு முதலாளி உங்களை குறுகியப் பட்டியலில் சேர்த்தால் இங்கே அவர்களுடன் அரட்டை அடிக்கலாம். தொடங்க அருகிலுள்ள வேலைகளுக்கு விண்ணப்பிக்கவும்.,translated,
chat_list.time_yesterday,Yesterday,நேற்று,translated,
chat_list.time_days_ago,{{n}} days ago,{{n}} நாட்கள் முன்,translated,
new_chat.title,New Chat,புதிய அரட்டை,translated,
new_chat.hint,Pick a job you've applied to — start the conversation with the employer.,நீங்கள் விண்ணப்பித்த வேலையைத் தேர்வுசெய்க — முதலாளியுடன் உரையாடலைத் தொடங்குங்கள்.,translated,
new_chat.error_title,Couldn't load applications,விண்ணப்பங்களை ஏற்ற முடியவில்லை,translated,
new_chat.error_message,Check your connection and try again.,உங்கள் இணைப்பைச் சரிபார்த்து மீண்டும் முயற்சிக்கவும்.,translated,
new_chat.retry_cta,Retry,மீண்டும்,translated,
new_chat.empty_title,No applications yet,இன்னும் விண்ணப்பங்கள் இல்லை,translated,
new_chat.empty_message,"Apply to a job first, then come back to start a chat with the employer.","முதலில் ஒரு வேலைக்கு விண்ணப்பிக்கவும், பிறகு முதலாளியுடன் அரட்டையைத் தொடங்க திரும்பி வாருங்கள்.",translated,
new_chat.empty_cta,Browse jobs,வேலைகளைப் பார்,translated,
new_chat.fallback_employer,Employer,முதலாளி,translated,
new_chat.fallback_job_application,Job application,வேலை விண்ணப்பம்,translated,
download_center.title,Download Center,பதிவிறக்க மையம்,translated,
download_center.hint,Jobs you've saved for offline viewing. Tap one to open it even without a signal.,ஆஃப்லைன் பார்வைக்கு நீங்கள் சேமித்த வேலைகள். சிக்னல் இல்லாமலும் திறக்க ஒன்றைத் தட்டவும்.,translated,
download_center.empty_eyebrow,NOTHING DOWNLOADED,எதுவும் பதிவிறக்கப்படவில்லை,translated,
download_center.empty_title,No offline jobs yet,இன்னும் ஆஃப்லைன் வேலைகள் இல்லை,translated,
download_center.empty_message,Open any job and tap the download icon to save it for offline.,எந்த வேலையையும் திறந்து ஆஃப்லைனுக்கு சேமிக்க பதிவிறக்க ஐகானைத் தட்டவும்.,translated,
download_center.empty_cta,Browse jobs,வேலைகளைப் பார்,translated,
download_center.remove_confirm_title,Remove from downloads?,பதிவிறக்கங்களிலிருந்து அகற்றவா?,translated,
download_center.remove_confirm_body,"""{{title}}"" will no longer be available offline.","""{{title}}"" இனி ஆஃப்லைனில் கிடைக்காது.",translated,
download_center.remove_confirm_cancel,Cancel,ரத்து,translated,
download_center.remove_confirm_remove,Remove,அகற்று,translated,
download_center.saved_relative_label,Saved {{when}},{{when}} சேமிக்கப்பட்டது,translated,
download_center.time_just_now,just now,இப்போது,translated,
download_center.time_min_ago,{{n}} min ago,{{n}} நிமி முன்,translated,
download_center.time_hr_ago,{{n}} hr ago,{{n}} மணி முன்,translated,
download_center.fallback_employer,Doondo Employer,Doondo முதலாளி,translated,
insurance.title,Worker insurance,தொழிலாளர் காப்பீடு,translated,
insurance.subtitle,Optional accident cover for the days you work.,நீங்கள் வேலை செய்யும் நாட்களுக்கு விருப்ப விபத்து கவரேஜ்.,translated,
insurance.standard_cover_label,STANDARD COVER,தரநிலை கவரேஜ்,translated,
insurance.price_per_month,₹{{n}} / month,₹{{n}} / மாதம்,translated,
insurance.bullet_death_disability,{{amount}} accidental death / disability,{{amount}} விபத்து மரணம் / ஊனம்,translated,
insurance.bullet_hospital_cash,{{amount}} / day hospital cash · up to {{days}} days / year,{{amount}} / நாள் மருத்துவமனை பணம் · ஆண்டுக்கு {{days}} நாட்கள் வரை,translated,
insurance.bullet_active_during_hires,Active during all hires made through Doondo,Doondo மூலம் செய்த அனைத்து பணியமர்த்தல்களின் போது செயலில்,translated,
insurance.status_pending,Pending — ops review,நிலுவையில் — ops மதிப்பாய்வு,translated,
insurance.status_active,Active · cover live,செயலில் · கவரேஜ் நேரலை,translated,
insurance.status_paused,Paused,இடைநிறுத்தப்பட்டது,translated,
insurance.status_cancelled,Cancelled,ரத்து செய்யப்பட்டது,translated,
insurance.opt_in_btn,Opt in for ₹49 / month,₹49 / மாதம் ஆக சேர்க்கவும்,translated,
insurance.opt_in_subscribing,Subscribing…,சந்தா செலுத்தப்படுகிறது…,translated,
insurance.opt_in_success_title,You're covered,நீங்கள் கவர் ஆகிவிட்டீர்கள்,translated,
insurance.opt_in_success_body,Doondo's ops team will confirm your subscription within a working day.,Doondo-வின் ops குழு உங்கள் சந்தாவை ஒரு வேலை நாளுக்குள் உறுதி செய்யும்.,translated,
insurance.opt_in_error_title,Could not opt in,சேர முடியவில்லை,translated,
insurance.opt_in_error_default,Try again later.,பின்னர் முயற்சிக்கவும்.,translated,
insurance.cancel_btn,Cancel cover,கவரேஜை ரத்து செய்,translated,
insurance.cancel_confirm_title,Cancel cover?,கவரேஜை ரத்து செய்யவா?,translated,
insurance.cancel_confirm_body,You'll stop being covered after this billing month.,இந்த பில்லிங் மாதத்திற்குப் பிறகு நீங்கள் கவர் ஆவதை நிறுத்துவீர்கள்.,translated,
insurance.cancel_confirm_keep,Keep cover,கவரேஜை வைத்திரு,translated,
insurance.cancel_confirm_cancel,Cancel cover,கவரேஜை ரத்து செய்,translated,
insurance.footer_disclaimer,"Preview only — Doondo is finalising the underwriter. Until then, ops will manually confirm your subscription. You'll never be billed without the policy being live.","முன்னோட்டம் மட்டுமே — Doondo அண்டர்ரைட்டரை இறுதி செய்கிறது. அதுவரை, ops உங்கள் சந்தாவை கைமுறையாக உறுதி செய்யும். பாலிசி நேரலையில் இல்லாமல் உங்களுக்கு எப்போதும் பில் வராது.",translated,
interview_prep.title,Interview prep,நேர்காணல் தயாரிப்பு,translated,
interview_prep.subtitle,"Punchy tips for your trade — what to expect, what to bring, how to talk pay.","உங்கள் தொழிலுக்கான கூர்மையான குறிப்புகள் — எதிர்பார்ப்பது, கொண்டு செல்வது, ஊதியம் பற்றி பேசுவது.",translated,
interview_prep.section_questions,Questions you'll probably hear,உங்களுக்கு கேட்கப்படும் கேள்விகள்,translated,
interview_prep.section_bring,What to bring,எதைக் கொண்டு செல்ல வேண்டும்,translated,
interview_prep.section_negotiation,Talking about pay,ஊதியம் பற்றி பேசுதல்,translated,
interview_prep.footer_tip,"Tip: write the agreed pay in the Doondo chat with the employer before you start. If anything changes later, the chat is your record.",குறிப்பு: தொடங்கும் முன் முதலாளியுடன் ஒப்புக்கொண்ட ஊதியத்தை Doondo அரட்டையில் எழுதுங்கள். பின்னர் ஏதாவது மாறினால் அரட்டை உங்கள் பதிவு.,translated,
advance.title,Cash advance,பண முன்பணம்,translated,
advance.subtitle,"Get a small advance against confirmed upcoming work. Capped at ₹5,000.","உறுதி செய்யப்பட்ட எதிர்வரும் வேலைக்கு சிறிய முன்பணம் பெறுங்கள். ₹5,000 வரை.",translated,
advance.form_how_much,How much do you need?,உங்களுக்கு எவ்வளவு தேவை?,translated,
advance.form_why_label,"Why do you need it? (Optional, helps us review faster)","ஏன் தேவை? (விருப்பம், விரைவு மதிப்பாய்வுக்கு உதவும்)",translated,
advance.form_why_placeholder,"e.g. School fees, hospital bill, family emergency","எ.கா. பள்ளி கட்டணம், மருத்துவமனை பில், குடும்ப அவசரம்",translated,
advance.form_request_btn,Request {{amount}},{{amount}} கோரிக்கை,translated,
advance.form_submitting,Submitting…,சமர்ப்பிக்கப்படுகிறது…,translated,
advance.form_disclaimer,"Doondo reviews each request manually. We'll text you within a working day. There's no interest charge in this preview, but a small processing fee may apply once we partner with a lender — we'll always show it before you confirm.","Doondo ஒவ்வொரு கோரிக்கையையும் கைமுறையாக மதிப்பாய்வு செய்கிறது. ஒரு வேலை நாளுக்குள் உங்களுக்கு டெக்ஸ்ட் செய்வோம். இந்த முன்னோட்டத்தில் வட்டி இல்லை, ஆனால் நாங்கள் கடன் வழங்குபவருடன் கூட்டாளியான பிறகு சிறிய செயலாக்க கட்டணம் பொருந்தலாம் — நீங்கள் உறுதிப்படுத்தும் முன் எப்போதும் காண்பிப்போம்.",translated,
advance.request_received_title,Request received,கோரிக்கை பெறப்பட்டது,translated,
advance.request_received_body,We'll review your request and update you within a working day.,உங்கள் கோரிக்கையை மதிப்பாய்வு செய்து ஒரு வேலை நாளுக்குள் புதுப்பிப்போம்.,translated,
advance.could_not_submit_title,Could not submit,சமர்ப்பிக்க முடியவில்லை,translated,
advance.could_not_submit_default,Try again later.,பின்னர் முயற்சிக்கவும்.,translated,
advance.requests_eyebrow,YOUR REQUESTS,உங்கள் கோரிக்கைகள்,translated,
advance.history_empty_eyebrow,NO REQUESTS YET,இன்னும் கோரிக்கைகள் இல்லை,translated,
advance.history_empty_title,You haven't asked for an advance,நீங்கள் முன்பணம் கேட்கவில்லை,translated,
advance.history_empty_message,Submit a request above. We typically respond within a working day.,மேலே கோரிக்கையை சமர்ப்பிக்கவும். நாங்கள் பொதுவாக ஒரு வேலை நாளுக்குள் பதிலளிப்போம்.,translated,
advance.history_update_from_doondo,Update from Doondo: {{note}},Doondo-விலிருந்து புதுப்பிப்பு: {{note}},translated,
advance.history_cancel_request,Cancel request,கோரிக்கையை ரத்து செய்,translated,
advance.status_requested,Pending review,மதிப்பாய்வு நிலுவையில்,translated,
advance.status_approved,Approved · awaiting payout,ஒப்புதல் · பணம் செலுத்த காத்திருக்கிறது,translated,
advance.status_paid,Paid,செலுத்தப்பட்டது,translated,
advance.status_repaid,Repaid,திருப்பிச் செலுத்தப்பட்டது,translated,
advance.status_declined,Declined,நிராகரிக்கப்பட்டது,translated,
advance.status_cancelled,Cancelled,ரத்து செய்யப்பட்டது,translated,
conversation.fallback_name,Conversation,உரையாடல்,translated,
conversation.verified_pill,Verified,சரிபார்க்கப்பட்டது,translated,
conversation.re_prefix,re: {{title}},தொடர்பாக: {{title}},translated,
conversation.empty_say_hello,Say hello.,வணக்கம் சொல்லுங்கள்.,translated,
conversation.empty_hint_employer,"Ask about availability, location, or set up a quick call.","கிடைக்கும் நேரம், இடம் பற்றி கேளுங்கள் அல்லது ஒரு குறுகிய அழைப்பை நிர்ணயியுங்கள்.",translated,
conversation.empty_hint_seeker,"A short, friendly intro goes a long way.","ஒரு சிறு, நட்பான அறிமுகம் நிறைய உதவும்.",translated,
conversation.composer_placeholder,Message…,செய்தி…,translated,
conversation.a11y_hold_to_record,Hold to record voice note,குரல் குறிப்பை பதிவு செய்ய அழுத்திப் பிடிக்கவும்,translated,
conversation.a11y_start_recording,Start recording voice note,குரல் குறிப்பு பதிவை தொடங்கவும்,translated,
conversation.a11y_stop_recording,Stop and send voice note,நிறுத்தி குரல் குறிப்பை அனுப்பவும்,translated,
conversation.attach_alert_title,Send attachment,இணைப்பை அனுப்பவும்,translated,
conversation.attach_alert_body,Choose what to send.,என்ன அனுப்ப வேண்டும் என்பதைத் தேர்ந்தெடுக்கவும்.,translated,
conversation.attach_camera,📷 Camera,📷 கேமரா,translated,
conversation.attach_gallery,🖼  From gallery,🖼  கேலரியிலிருந்து,translated,
conversation.attach_video,🎬 Video clip,🎬 வீடியோ கிளிப்,translated,
conversation.attach_cancel,Cancel,ரத்து,translated,
conversation.photo_error_title,Couldn't send photo,புகைப்படம் அனுப்ப முடியவில்லை,translated,
conversation.photo_error_default,Could not prepare that photo — try a different image.,அந்த புகைப்படத்தை தயார் செய்ய முடியவில்லை — வேறு படத்தை முயற்சிக்கவும்.,translated,
conversation.video_error_title,Couldn't send video,வீடியோ அனுப்ப முடியவில்லை,translated,
conversation.video_error_default,Could not prepare that video. Try a shorter clip.,அந்த வீடியோவை தயார் செய்ய முடியவில்லை. சிறிய கிளிப்பை முயற்சிக்கவும்.,translated,
conversation.voice_record_error_title,Couldn't record,பதிவு செய்ய முடியவில்லை,translated,
conversation.voice_record_error_default,Could not start recording. Check microphone permission.,பதிவை தொடங்க முடியவில்லை. மைக்ரோபோன் அனுமதியை சரிபார்க்கவும்.,translated,
conversation.voice_send_error_title,Couldn't send voice,குரல் அனுப்ப முடியவில்லை,translated,
conversation.voice_send_error_default,Voice note failed to save.,குரல் குறிப்பு சேமிக்கப்படவில்லை.,translated,
conversation.recording_status,Recording  {{elapsed}} / {{max}},பதிவாகிறது  {{elapsed}} / {{max}},translated,
conversation.recording_cancel,Cancel,ரத்து,translated,
conversation.recording_send,Send,அனுப்பு,translated,
conversation.preview_play_a11y,Play recorded voice note,பதிவான குரல் குறிப்பை இயக்கு,translated,
conversation.preview_discard,Discard,நீக்கு,translated,
conversation.preview_send,Send voice note,குரல் குறிப்பை அனுப்பு,translated,
conversation.receipt_read,Read,படிக்கப்பட்டது,translated,
conversation.receipt_sent,Sent,அனுப்பப்பட்டது,translated,
conversation.send_failed,Failed — pull down to retry,தோல்வி — மீண்டும் முயற்சிக்க கீழே இழுக்கவும்,translated,
conversation.photo_a11y_with_caption,Photo: {{caption}},புகைப்படம்: {{caption}},translated,
conversation.photo_a11y,Photo,புகைப்படம்,translated,
conversation.translated_label,Translated,மொழிபெயர்க்கப்பட்டது,translated,
conversation.translating,Translating…,மொழிபெயர்க்கப்படுகிறது…,translated,
conversation.translate_retry,Couldn't translate — tap to retry,மொழிபெயர்க்க முடியவில்லை — மீண்டும் முயற்சிக்க தட்டவும்,translated,
conversation.show_original,Show original,மூலத்தைக் காட்டு,translated,
conversation.hide_original,Hide original,மூலத்தை மறை,translated,
conversation.auto_translated,Auto-translated,தானியங்கி மொழிபெயர்ப்பு,translated,
conversation.translate_toggle_a11y,Toggle translation display,மொழிபெயர்ப்பு காட்சியை மாற்று,translated,
conversation.lang_sheet_title,Translation,,MISSING — needs translation,
conversation.lang_sheet_only_translation,Show translation only (hide original),,MISSING — needs translation,
conversation.lang_sheet_on,On,,MISSING — needs translation,
conversation.lang_sheet_off,Off,,MISSING — needs translation,
conversation.lang_sheet_hint,Read this chat in a different language. You can change it any time.,,MISSING — needs translation,
conversation.lang_default,App language (default),,MISSING — needs translation,
find_friends.title,Find friends,நண்பர்களை தேடு,translated,
find_friends.subtitle,Match your phone contacts against Doondo. Numbers never leave your device in plaintext.,உங்கள் தொலைபேசி தொடர்புகளை டூண்டோவுடன் பொருத்தவும். எண்கள் வெளிப்படையாக உங்கள் சாதனத்திலிருந்து வெளியேற மாட்டா.,translated,
find_friends.scanning,Scanning your contacts privately…,உங்கள் தொடர்புகளை தனிமையாக ஸ்கேன் செய்கிறோம்…,translated,
find_friends.permission_eyebrow,PERMISSION,அனுமதி,translated,
find_friends.permission_title,Contacts access not granted,தொடர்பு அனுமதி வழங்கப்படவில்லை,translated,
find_friends.permission_message,"To find friends already on Doondo, allow contacts access in your phone settings, then come back to this screen.","டூண்டோவில் ஏற்கனவே உள்ள நண்பர்களை கண்டறிய, தொலைபேசி அமைப்புகளில் தொடர்பு அனுமதி கொடுத்து, மீண்டும் இந்த திரைக்கு வாருங்கள்.",translated,
find_friends.open_settings,Open settings,அமைப்புகளை திற,translated,
find_friends.unsupported_eyebrow,UNAVAILABLE,கிடைக்கவில்லை,translated,
find_friends.unsupported_title,Couldn't load contacts,தொடர்புகளை ஏற்ற முடியவில்லை,translated,
find_friends.unsupported_default,Could not load contacts.,தொடர்புகளை ஏற்ற முடியவில்லை.,translated,
find_friends.unsupported_module,Contacts access needs the expo-contacts package.,தொடர்பு அணுகலுக்கு expo-contacts தொகுப்பு தேவை.,translated,
find_friends.on_doondo_section,ON DOONDO · {{n}},டூண்டோவில் · {{n}},translated,
find_friends.on_doondo_empty,None of your contacts are on Doondo yet. Invite a friend below — you earn ₹100 when they're hired.,உங்கள் தொடர்புகளில் இன்னும் யாரும் டூண்டோவில் இல்லை. கீழே ஒரு நண்பரை அழைக்கவும் — அவர்கள் வேலைக்கு எடுக்கப்படும்போது நீங்கள் ₹100 சம்பாதிக்கிறீர்கள்.,translated,
find_friends.role_employer,Employer on Doondo,டூண்டோவில் தொழில்தந்தை,translated,
find_friends.role_seeker,Worker on Doondo,டூண்டோவில் தொழிலாளி,translated,
find_friends.open_arrow,Open →,திற →,translated,
find_friends.invite_section,INVITE & EARN,அழை மற்றும் சம்பாதி,translated,
find_friends.invite_blurb,Share Doondo with the rest of your contacts. Earn ₹100 each time a worker you refer is hired.,உங்கள் மற்ற தொடர்புகளுடன் டூண்டோவை பகிரவும். நீங்கள் பரிந்துரை செய்த தொழிலாளி வேலைக்கு எடுக்கப்படும் ஒவ்வொரு முறையும் ₹100 சம்பாதிக்கவும்.,translated,
find_friends.invite_arrow,Invite →,அழை →,translated,
find_friends.seeker_alert_body,{{name}} is already on Doondo. Worker-to-worker chat is coming soon.,{{name}} ஏற்கனவே டூண்டோவில் உள்ளார். தொழிலாளி-இடையே அரட்டை விரைவில் வரும்.,translated,
find_friends.whatsapp_text,Join me on Doondo — find work near you. {{link}},என்னுடன் டூண்டோவில் சேருங்கள் — அருகில் வேலை கண்டறியுங்கள். {{link}},translated,
find_friends.cohorts_a11y,My cohorts,,MISSING — needs translation,
find_friends.start_cohort_cta,Start a course cohort with your friends,,MISSING — needs translation,
employer_detail.favorite,Favourite this employer,,MISSING — needs translation,
employer_detail.favorited,Favourited ♥,,MISSING — needs translation,
employer_detail.error_title,Couldn't load employer,தொழில்தந்தையை ஏற்ற முடியவில்லை,translated,
employer_detail.error_message,Check your connection and try again.,உங்கள் இணைப்பை சரிபார்த்து மீண்டும் முயற்சிக்கவும்.,translated,
employer_detail.retry,Retry,மீண்டும் முயற்சி,translated,
employer_detail.header_title,About employer,தொழில்தந்தை பற்றி,translated,
employer_detail.no_active_eyebrow,NO ACTIVE JOBS,செயலில் வேலைகள் இல்லை,translated,
employer_detail.no_active_title,No openings right now,இப்போது வேலைகள் இல்லை,translated,
employer_detail.no_active_message,{{name}} doesn't have any active jobs at the moment. Check back soon.,{{name}}க்கு தற்போது செயலில் வேலைகள் எதுவும் இல்லை. சீக்கிரம் மீண்டும் பார்க்கவும்.,translated,
employer_detail.verified_badge,✓ VERIFIED,✓ சரிபார்க்கப்பட்டது,translated,
employer_detail.no_ratings,No ratings yet,இன்னும் மதிப்பீடுகள் இல்லை,translated,
employer_detail.stat_jobs,Jobs posted,இடப்பட்ட வேலைகள்,translated,
employer_detail.stat_hires,Hires made,வேலைக்கு எடுத்தவை,translated,
employer_detail.stat_member,Member,உறுப்பினர்,translated,
employer_detail.section_about,ABOUT,பற்றி,translated,
employer_detail.active_jobs_section,ACTIVE JOBS · {{n}},செயலில் வேலைகள் · {{n}},translated,
employer_detail.older_jobs_footer_one,{{n}} older job has been filled or closed.,{{n}} பழைய வேலை நிரப்பப்பட்டது அல்லது மூடப்பட்டது.,translated,
employer_detail.older_jobs_footer_other,{{n}} older jobs have been filled or closed.,{{n}} பழைய வேலைகள் நிரப்பப்பட்டன அல்லது மூடப்பட்டன.,translated,
mentors.title,Trade buddies,தொழில் நண்பர்கள்,translated,
mentors.subtitle,Connect with experienced workers in {{trade}} near you.,உங்கள் பகுதியில் {{trade}} அனுபவம் வாய்ந்த தொழிலாளிகளுடன் இணையுங்கள்.,translated,
mentors.fallback_trade,your trade,உங்கள் தொழில்,translated,
mentors.setup_eyebrow,SET UP FIRST,முதலில் அமை,translated,
mentors.setup_title,Add your trade and city,உங்கள் தொழில் மற்றும் நகரத்தை சேர்க்கவும்,translated,
mentors.setup_message,"To find a mentor, add at least one skill and your city to your profile.","ஒரு வழிகாட்டியை கண்டறிய, உங்கள் சுயவிவரத்தில் குறைந்தது ஒரு திறமை மற்றும் உங்கள் நகரத்தை சேர்க்கவும்.",translated,
mentors.empty_eyebrow,NO MENTORS YET,இன்னும் வழிகாட்டிகள் இல்லை,translated,
mentors.empty_title,No {{trade}} mentors in {{city}} yet,{{city}}யில் இன்னும் {{trade}} வழிகாட்டிகள் இல்லை,translated,
mentors.empty_message,Check back soon — or volunteer to be a mentor yourself.,சீக்கிரம் மீண்டும் பார்க்கவும் — அல்லது நீங்களே வழிகாட்டியாக ஆகவும்.,translated,
mentors.list_section,MENTORS · {{n}},வழிகாட்டிகள் · {{n}},translated,
mentors.mentor_meta,{{trade}} · {{city}} · {{active}}/{{cap}} mentees this month,{{trade}} · {{city}} · இந்த மாதம் {{active}}/{{cap}} கற்பவர்கள்,translated,
mentors.request_arrow,Request →,கோரிக்கை →,translated,
mentors.sent_title,Sent,அனுப்பப்பட்டது,translated,
mentors.sent_body,Your mentor will see your request and reach out soon.,உங்கள் வழிகாட்டி உங்கள் கோரிக்கையை பார்த்து விரைவில் தொடர்பு கொள்வார்.,translated,
mentors.error_title,Could not send,அனுப்ப முடியவில்லை,translated,
mentors.error_default,Try again later.,பின்னர் முயற்சிக்கவும்.,translated,
mentors.requests_section,YOUR REQUESTS,உங்கள் கோரிக்கைகள்,translated,
mentors.request_row_title,{{trade}} mentor · {{city}},{{trade}} வழிகாட்டி · {{city}},translated,
mentors.status_pending,Waiting for the mentor to respond.,வழிகாட்டியின் பதிலுக்காக காத்திருக்கிறோம்.,translated,
mentors.status_accepted,Accepted — they will reach out to you.,ஏற்றுக்கொள்ளப்பட்டது — அவர்கள் உங்களை தொடர்பு கொள்வார்கள்.,translated,
mentors.status_declined,Declined.,நிராகரிக்கப்பட்டது.,translated,
mentors.status_ended,Ended.,முடிந்தது.,translated,
mentors.book_session_cta,Book a session →,,MISSING — needs translation,
mentors.my_sessions,My sessions,,MISSING — needs translation,
mentors.modal_title,Request {{name}},{{name}}ஐ கோரு,translated,
mentors.modal_hint,Write a short message — what would you like to learn?,ஒரு குறுகிய செய்தி எழுதவும் — நீங்கள் என்ன கற்றுக்கொள்ள விரும்புகிறீர்கள்?,translated,
mentors.modal_placeholder,I'd love to learn how you handle…,நீங்கள் எப்படி கையாள்கிறீர்கள் என்பதை கற்றுக்கொள்ள விரும்புகிறேன்…,translated,
mentors.modal_cancel,Cancel,ரத்து,translated,
mentors.modal_sending,Sending…,அனுப்புகிறது…,translated,
mentors.modal_send,Send request,கோரிக்கை அனுப்பு,translated,
mentors.become_title,Become a mentor,வழிகாட்டியாக ஆகுங்கள்,translated,
mentors.become_blurb,Help newer {{trade}}s in {{city}} get started. Set a short bio — workers will request you from this same screen. You can stop anytime.,{{city}}யில் புதிய {{trade}} தொழிலாளர்கள் தொடங்க உதவவும். குறுகிய சுயவிவரம் அமைக்கவும் — தொழிலாளர்கள் இதே திரையில் இருந்து உங்களை கோருவார்கள். நீங்கள் எப்போது வேண்டுமானாலும் நிறுத்தலாம்.,translated,
mentors.become_placeholder,I've been a driver for 7 years and can help with…,"நான் 7 ஆண்டுகளாக ஓட்டுநராக இருக்கிறேன், இதில் உதவ முடியும்…",translated,
mentors.become_success_title,You're a mentor,நீங்கள் வழிகாட்டி,translated,
mentors.become_success_body,Workers in your trade can now request mentorship.,உங்கள் தொழிலில் உள்ள தொழிலாளர்கள் இப்போது உங்களிடம் வழிகாட்டுதலை கோரலாம்.,translated,
mentors.become_error_title,Could not enable,இயக்க முடியவில்லை,translated,
mentors.become_saving,Saving…,சேமிக்கிறது…,translated,
mentors.become_cta,Make me a mentor,என்னை வழிகாட்டியாக்கு,translated,
mentor_sessions.title,My sessions,,MISSING — needs translation,
mentor_sessions.booked_section,Booked sessions,,MISSING — needs translation,
mentor_sessions.booked_empty,No sessions booked yet.,,MISSING — needs translation,
mentor_sessions.mentor_section,As a mentor,,MISSING — needs translation,
mentor_sessions.mentor_hint,Open a time slot — mentees you've accepted can book it.,,MISSING — needs translation,
mentor_sessions.status_open,Open — not booked yet,,MISSING — needs translation,
mentor_sessions.date_label,Date,,MISSING — needs translation,
mentor_sessions.time_label,Time,,MISSING — needs translation,
mentor_sessions.mode_label,Mode,,MISSING — needs translation,
mentor_sessions.today,Today,,MISSING — needs translation,
mentor_sessions.tomorrow,Tomorrow,,MISSING — needs translation,
mentor_sessions.in_2_days,In 2 days,,MISSING — needs translation,
mentor_sessions.in_3_days,In 3 days,,MISSING — needs translation,
mentor_sessions.in_1_week,In 1 week,,MISSING — needs translation,
mentor_sessions.mode_video,Video,,MISSING — needs translation,
mentor_sessions.mode_phone,Phone,,MISSING — needs translation,
mentor_sessions.mode_in_person,In person,,MISSING — needs translation,
mentor_sessions.duration,{{minutes}} min,,MISSING — needs translation,
mentor_sessions.add_slot_cta,Add a time slot,,MISSING — needs translation,
mentor_sessions.adding,Adding…,,MISSING — needs translation,
mentor_sessions.cancel_cta,Cancel,,MISSING — needs translation,
mentor_sessions.cancelling,Cancelling…,,MISSING — needs translation,
mentor_sessions.error_title,Something went wrong,,MISSING — needs translation,
mentor_sessions.error_default,Try again in a moment.,,MISSING — needs translation,
book_mentor_session.title,Book a session,,MISSING — needs translation,
book_mentor_session.empty,No open slots right now — check back soon.,,MISSING — needs translation,
book_mentor_session.duration,{{minutes}} min,,MISSING — needs translation,
book_mentor_session.mode_video,Video,,MISSING — needs translation,
book_mentor_session.mode_phone,Phone,,MISSING — needs translation,
book_mentor_session.mode_in_person,In person,,MISSING — needs translation,
book_mentor_session.book_cta,Book,,MISSING — needs translation,
book_mentor_session.booking,Booking…,,MISSING — needs translation,
book_mentor_session.booked_title,Session booked,,MISSING — needs translation,
book_mentor_session.booked_body,Your mentor has been notified.,,MISSING — needs translation,
book_mentor_session.error_title,Could not book,,MISSING — needs translation,
book_mentor_session.error_default,Try again in a moment.,,MISSING — needs translation,
book_mentor_session.retry,Try again,,MISSING — needs translation,
cohorts.title,My cohorts,,MISSING — needs translation,
cohorts.new_a11y,Start a new cohort,,MISSING — needs translation,
cohorts.invites_section,PENDING INVITES,,MISSING — needs translation,
cohorts.invite_body,Join to study {{course}} together.,,MISSING — needs translation,
cohorts.accept_cta,Join,,MISSING — needs translation,
cohorts.decline_cta,Decline,,MISSING — needs translation,
cohorts.joined_section,MY COHORTS,,MISSING — needs translation,
cohorts.empty_title,No cohorts yet,,MISSING — needs translation,
cohorts.empty_message,Start one from Find Friends — pick a course and up to 4 friends.,,MISSING — needs translation,
cohorts.error_title,Something went wrong,,MISSING — needs translation,
cohorts.error_default,Try again in a moment.,,MISSING — needs translation,
start_cohort.title,Start a cohort,,MISSING — needs translation,
start_cohort.course_section,COURSE,,MISSING — needs translation,
start_cohort.no_courses_title,Enroll in a course first,,MISSING — needs translation,
start_cohort.no_courses_message,Cohorts are built around a course you're taking together.,,MISSING — needs translation,
start_cohort.friends_section,FRIENDS · {{n}}/{{max}},,MISSING — needs translation,
start_cohort.no_friends_title,No friends selected,,MISSING — needs translation,
start_cohort.no_friends_message,Go back to Find Friends and pick contacts already on Doondo.,,MISSING — needs translation,
start_cohort.creating,Creating…,,MISSING — needs translation,
start_cohort.create_cta,Start cohort,,MISSING — needs translation,
start_cohort.error_title,Could not create cohort,,MISSING — needs translation,
start_cohort.error_default,Try again in a moment.,,MISSING — needs translation,
start_cohort.error_no_course,Pick a course first.,,MISSING — needs translation,
cohort_chat.fallback_name,Cohort,,MISSING — needs translation,
cohort_chat.members_line,{{n}} members · {{course}},,MISSING — needs translation,
cohort_chat.composer_placeholder,Message the cohort…,,MISSING — needs translation,
cohort_chat.photo_error_title,Couldn't send photo,,MISSING — needs translation,
cohort_chat.error_title,Something went wrong,,MISSING — needs translation,
cohort_chat.error_default,Try again in a moment.,,MISSING — needs translation,
report_wage_issue.title,Report a wage issue,,MISSING — needs translation,
report_wage_issue.anonymous_title,This is anonymous,,MISSING — needs translation,
report_wage_issue.anonymous_body,"The employer never sees your report. Only an aggregate is shown, and only once several workers report the same job.",,MISSING — needs translation,
report_wage_issue.reason_section,WHAT HAPPENED,,MISSING — needs translation,
report_wage_issue.reason_below_promised_wage,Paid less than promised,,MISSING — needs translation,
report_wage_issue.reason_late_payment,Paid late,,MISSING — needs translation,
report_wage_issue.reason_unpaid_overtime,Unpaid overtime,,MISSING — needs translation,
report_wage_issue.reason_wage_theft,Not paid at all,,MISSING — needs translation,
report_wage_issue.reason_other,Other,,MISSING — needs translation,
report_wage_issue.wage_details_section,Add wage details (optional),,MISSING — needs translation,
report_wage_issue.promised_label,Promised,,MISSING — needs translation,
report_wage_issue.actual_label,Actually paid,,MISSING — needs translation,
report_wage_issue.period_hour,per hour,,MISSING — needs translation,
report_wage_issue.period_day,per day,,MISSING — needs translation,
report_wage_issue.period_week,per week,,MISSING — needs translation,
report_wage_issue.period_month,per month,,MISSING — needs translation,
report_wage_issue.period_fixed,fixed,,MISSING — needs translation,
report_wage_issue.note_section,NOTES (OPTIONAL),,MISSING — needs translation,
report_wage_issue.note_placeholder,Anything else useful to know…,,MISSING — needs translation,
report_wage_issue.sending,Sending…,,MISSING — needs translation,
report_wage_issue.submit_cta,Submit report,,MISSING — needs translation,
report_wage_issue.sent_title,Report received,,MISSING — needs translation,
report_wage_issue.sent_body,Thank you — this helps other workers stay informed.,,MISSING — needs translation,
report_wage_issue.done,Done,,MISSING — needs translation,
report_wage_issue.error_title,Could not submit,,MISSING — needs translation,
report_wage_issue.error_default,Try again in a moment.,,MISSING — needs translation,
resume_builder.header_title,Resume builder,சுயவிவரம் பில்டர்,translated,
resume_builder.header_preview,Preview,முன்னோட்டம்,translated,
resume_builder.progress_intro,Intro,அறிமுகம்,translated,
resume_builder.progress_review,Review,மதிப்பாய்வு,translated,
resume_builder.couldnt_save_title,Couldn't save resume,சுயவிவரத்தைச் சேமிக்க முடியவில்லை,translated,
resume_builder.try_again_in_a_minute,Try again in a minute.,ஒரு நிமிடத்தில் மீண்டும் முயற்சிக்கவும்.,translated,
resume_builder.couldnt_add_photo_title,Couldn't add photo,புகைப்படத்தைச் சேர்க்க முடியவில்லை,translated,
resume_builder.try_smaller_image,Try a smaller image.,சிறிய படத்தை முயற்சிக்கவும்.,translated,
resume_builder.remove_photo_title,Remove this photo?,இந்த புகைப்படத்தை அகற்றவா?,translated,
resume_builder.remove_photo_body,It won't show on your resume anymore.,இது உங்கள் சுயவிவரத்தில் இனி காண்பிக்கப்படாது.,translated,
resume_builder.cancel,Cancel,ரத்து,translated,
resume_builder.remove,Remove,அகற்று,translated,
resume_builder.couldnt_continue_title,Couldn't continue,தொடர முடியவில்லை,translated,
resume_builder.add_a_job_first_title,Add a job first,முதலில் ஒரு வேலையைச் சேர்,translated,
resume_builder.add_a_job_first_body,Your resume needs at least one job.,உங்கள் சுயவிவரத்திற்கு குறைந்தபட்சம் ஒரு வேலை தேவை.,translated,
resume_builder.need_at_least_one_title,Need at least one job,குறைந்தபட்சம் ஒரு வேலை தேவை,translated,
resume_builder.need_at_least_one_body,You can't remove the last entry.,கடைசி உள்ளீட்டை நீக்க முடியாது.,translated,
resume_builder.remove_job_title,Remove this job?,இந்த வேலையை அகற்றவா?,translated,
resume_builder.remove_job_body,It won't show on your resume anymore.,இது உங்கள் சுயவிவரத்தில் இனி காண்பிக்கப்படாது.,translated,
resume_builder.cta_saving,Saving…,சேமிக்கப்படுகிறது…,translated,
resume_builder.cta_generate,Generate resume,சுயவிவரத்தை உருவாக்கு,translated,
resume_builder.cta_start,Start,தொடங்கு,translated,
resume_builder.cta_continue,Continue,தொடர்,translated,
resume_builder.intro_title,"Build your resume
in 3 minutes","உங்கள் சுயவிவரத்தை உருவாக்கு
3 நிமிடங்களில்",translated,
resume_builder.intro_body,"We'll ask you about your last 1–5 jobs. No typing essays — just the company, your role, and the dates. We turn it into a clean resume employers love.","உங்கள் கடைசி 1–5 வேலைகளைப் பற்றி நாங்கள் கேட்போம். கட்டுரைகள் தட்டச்சு செய்ய வேண்டாம் — நிறுவனம், உங்கள் பாத்திரம் மற்றும் தேதிகள் மட்டும். முதலாளிகள் விரும்பும் ஒரு சுத்தமான சுயவிவரமாக மாற்றுவோம்.",translated,
resume_builder.intro_bullet1,No CV needed — we build it for you,CV தேவையில்லை — நாங்கள் உருவாக்குகிறோம்,translated,
resume_builder.intro_bullet2,Works for any kind of work,எந்த வகையான வேலைக்கும் வேலை செய்கிறது,translated,
resume_builder.intro_bullet3,You can edit it any time,நீங்கள் எப்போது வேண்டுமானாலும் திருத்தலாம்,translated,
resume_builder.edit_eyebrow,JOB {{n}} OF {{total}},வேலை {{n}} / {{total}},translated,
resume_builder.edit_most_recent,Your most recent job,உங்கள் சமீபத்திய வேலை,translated,
resume_builder.edit_before_that,Job before that,அதற்கு முந்தைய வேலை,translated,
resume_builder.edit_lead,Tell us where you worked. Skip the description if you're in a hurry — you can fill it later.,நீங்கள் எங்கே வேலை செய்தீர்கள் என்று சொல்லுங்கள். அவசரத்தில் இருந்தால் விளக்கத்தை விட்டுவிடுங்கள் — பிறகு நிரப்பலாம்.,translated,
resume_builder.field_company_label,Company / shop name,நிறுவனம் / கடை பெயர்,translated,
resume_builder.field_company_placeholder,e.g. Sharma Electricals,எ.கா. சர்மா எலெக்ட்ரிக்கல்ஸ்,translated,
resume_builder.field_role_label,Your role,உங்கள் பாத்திரம்,translated,
resume_builder.field_role_placeholder,"e.g. Helper, Delivery rider, Cook","எ.கா. உதவியாளர், டெலிவரி ரைடர், சமையல்காரர்",translated,
resume_builder.field_started_label,Started,தொடங்கியது,translated,
resume_builder.field_ended_label,Ended,முடிந்தது,translated,
resume_builder.still_work_here_title,I still work here,நான் இன்னும் இங்கு வேலை செய்கிறேன்,translated,
resume_builder.still_work_here_body,"We'll show this as ""Present"" on your resume","இதை உங்கள் சுயவிவரத்தில் ""தற்போது"" என்று காண்பிப்போம்",translated,
resume_builder.field_description_label,What did you do? (optional),என்ன செய்தீர்கள்? (விருப்பம்),translated,
resume_builder.field_description_placeholder,"e.g. Repaired motors, met customers, kept tools in order…","எ.கா. மோட்டார்களை சரிசெய்தேன், வாடிக்கையாளர்களை சந்தித்தேன், கருவிகளை ஒழுங்காக வைத்தேன்…",translated,
resume_builder.month_present,Present,தற்போது,translated,
resume_builder.month_placeholder,e.g. Apr 2024,எ.கா. ஏப்ரல் 2024,translated,
resume_builder.education_eyebrow,EDUCATION · OPTIONAL,கல்வி · விருப்பம்,translated,
resume_builder.education_body,"Degree or training course, school or college, years. Add as many as you have — up to 6.","பட்டம் அல்லது பயிற்சி பாடம், பள்ளி அல்லது கல்லூரி, ஆண்டுகள். உங்களிடம் எத்தனை இருந்தாலும் சேருங்கள் — 6 வரை.",translated,
resume_builder.education_degree_placeholder,"Degree / course (e.g. B.Com, ITI Electrician)","பட்டம் / பாடம் (எ.கா. B.Com, ITI மின்சாரி)",translated,
resume_builder.education_institution_placeholder,School / college / training centre,பள்ளி / கல்லூரி / பயிற்சி மையம்,translated,
resume_builder.education_field_placeholder,Field of study (optional),ஆய்வுப் பகுதி (விருப்பம்),translated,
resume_builder.education_start_year_placeholder,Start year,தொடக்க ஆண்டு,translated,
resume_builder.education_end_year_placeholder,End year,முடிவு ஆண்டு,translated,
resume_builder.education_ongoing,Ongoing,தொடர்கிறது,translated,
resume_builder.education_currently_studying,Currently studying here,தற்போது இங்கே படிக்கிறேன்,translated,
resume_builder.education_remove,Remove,அகற்று,translated,
resume_builder.education_add_btn,+ Add education,+ கல்வியைச் சேர்,translated,
resume_builder.photos_eyebrow,PHOTOS OF YOUR WORK · OPTIONAL,உங்கள் வேலையின் புகைப்படங்கள் · விருப்பம்,translated,
resume_builder.photos_body,"Show employers what you can do. A photo of a wall you built, a dish you cooked, a panel you wired. Up to 6.","நீங்கள் என்ன செய்ய முடியும் என்று முதலாளிகளுக்குக் காட்டுங்கள். நீங்கள் கட்டிய சுவர், சமைத்த உணவு, கம்பி இணைத்த பேனல் என ஒரு புகைப்படம். 6 வரை.",translated,
resume_builder.photos_remove_a11y,Remove photo {{n}},புகைப்படம் {{n}} அகற்று,translated,
resume_builder.photos_add_a11y,Add a work photo,வேலை புகைப்படத்தைச் சேர்,translated,
resume_builder.photos_add_btn,Add photo,புகைப்படத்தைச் சேர்,translated,
resume_builder.photos_loading,Loading…,ஏற்றுகிறது…,translated,
resume_builder.photos_count_label,{{n}} / 6 photos · tap a photo to remove it,{{n}} / 6 புகைப்படங்கள் · அகற்ற புகைப்படத்தைத் தட்டவும்,translated,
resume_builder.review_eyebrow,REVIEW,மதிப்பாய்வு,translated,
resume_builder.review_title,Looks good?,நன்றாக இருக்கிறதா?,translated,
resume_builder.review_body,Tap a job to edit it. Add another if you have one more to share — up to 5 total.,திருத்த வேலையைத் தட்டவும். ஒன்று கூட பகிர இருந்தால் சேருங்கள் — மொத்தம் 5 வரை.,translated,
resume_builder.review_present,Present,தற்போது,translated,
resume_builder.review_edit_btn,Edit,திருத்து,translated,
resume_builder.review_remove_btn,Remove,அகற்று,translated,
resume_builder.review_add_another,+ Add another job,+ மற்றொரு வேலையைச் சேர்,translated,
resume_builder.review_max_jobs,Maximum {{n}} jobs on a resume.,சுயவிவரத்தில் அதிகபட்சம் {{n}} வேலைகள்.,translated,
resume_builder.validate_add_company,Add the company name.,நிறுவனத்தின் பெயரைச் சேருங்கள்.,translated,
resume_builder.validate_add_role,Add your role.,உங்கள் பாத்திரத்தைச் சேருங்கள்.,translated,
resume_builder.validate_add_start,Add a start month and year.,தொடக்க மாதம் மற்றும் ஆண்டைச் சேருங்கள்.,translated,
resume_builder.validate_add_end,Add the month and year you ended this job.,இந்த வேலையை முடித்த மாதம் மற்றும் ஆண்டைச் சேருங்கள்.,translated,
resume_builder.validate_end_after_start,End date must be after start date.,முடிவு தேதி தொடக்க தேதிக்குப் பிறகு இருக்க வேண்டும்.,translated,
resume_preview.empty_eyebrow,NO RESUME YET,இன்னும் சுயவிவரம் இல்லை,translated,
resume_preview.empty_title,Build your resume,உங்கள் சுயவிவரத்தை உருவாக்கு,translated,
resume_preview.empty_message,Walk through your last 1–5 jobs and we'll turn it into something you can share with employers.,உங்கள் கடைசி 1–5 வேலைகளின் வழியே சென்று முதலாளிகளுடன் பகிரக்கூடியதாக மாற்றுவோம்.,translated,
resume_preview.empty_cta,Start the wizard,வழிகாட்டியைத் தொடங்கு,translated,
resume_preview.topbar_title,My resume,என் சுயவிவரம்,translated,
resume_preview.topbar_edit,Edit,திருத்து,translated,
resume_preview.contact_years_one,{{n}} yr experience,{{n}} ஆண்டு அனுபவம்,translated,
resume_preview.contact_years_other,{{n}} yrs experience,{{n}} ஆண்டுகள் அனுபவம்,translated,
resume_preview.section_about,ABOUT ME,என்னைப் பற்றி,translated,
resume_preview.section_skills,SKILLS,திறன்கள்,translated,
resume_preview.section_experience,EXPERIENCE · {{n}},அனுபவம் · {{n}},translated,
resume_preview.section_education,EDUCATION · {{n}},கல்வி · {{n}},translated,
resume_preview.section_tested,TESTED · {{n}},சோதிக்கப்பட்டது · {{n}},translated,
resume_preview.section_verified,VERIFIED TRADES · {{n}},சரிபார்க்கப்பட்ட தொழில்கள் · {{n}},translated,
resume_preview.section_badges,COURSE BADGES · {{n}},பாட பேட்ஜ்கள் · {{n}},translated,
resume_preview.section_photos,PHOTOS · {{n}},புகைப்படங்கள் · {{n}},translated,
resume_preview.footer_signature,Generated with Doondo · doondo.app,Doondo மூலம் உருவாக்கப்பட்டது · doondo.app,translated,
resume_preview.suggestion_title,Get notified about jobs like these?,இது போன்ற வேலைகளுக்கு அறிவிப்பு வேண்டுமா?,translated,
resume_preview.suggestion_body_with_city,We can ping you when employers post {{role}} roles in {{city}}. You can edit or remove the alert any time.,முதலாளிகள் {{city}}-இல் {{role}} பாத்திரங்களைப் பதிவிடும்போது நாங்கள் உங்களுக்குப் பிங் செய்யலாம். நீங்கள் எப்போது வேண்டுமானாலும் அறிவிப்பை திருத்தலாம் அல்லது அகற்றலாம்.,translated,
resume_preview.suggestion_body_no_city,We can ping you when employers post {{role}} roles. You can edit or remove the alert any time.,முதலாளிகள் {{role}} பாத்திரங்களைப் பதிவிடும்போது நாங்கள் உங்களுக்குப் பிங் செய்யலாம். நீங்கள் எப்போது வேண்டுமானாலும் அறிவிப்பை திருத்தலாம் அல்லது அகற்றலாம்.,translated,
resume_preview.suggestion_cta,Set up alert,அறிவிப்பை அமை,translated,
resume_preview.delete_title,Delete resume?,சுயவிவரத்தை அகற்றவா?,translated,
resume_preview.delete_body,Your work history will be cleared. You can build it again later.,உங்கள் பணி வரலாறு அழிக்கப்படும். பின்னர் மீண்டும் உருவாக்கலாம்.,translated,
resume_preview.delete_cancel,Cancel,ரத்து,translated,
resume_preview.delete_confirm,Delete,அகற்று,translated,
resume_preview.couldnt_delete_title,Couldn't delete resume,சுயவிவரத்தை அகற்ற முடியவில்லை,translated,
resume_preview.try_again,Try again.,மீண்டும் முயற்சிக்கவும்.,translated,
resume_preview.current_badge,CURRENT,தற்போது,translated,
resume_preview.education_present,Present,தற்போது,translated,
resume_preview.verified_employer_one,{{count}} employer,{{count}} முதலாளி,translated,
resume_preview.verified_employer_other,{{count}} employers,{{count}} முதலாளிகள்,translated,
resume_preview.tested_label,Tested: {{name}},சோதிக்கப்பட்டது: {{name}},translated,
resume_preview.verified_photo_label,✓ Verified by employer,✓ முதலாளியால் சரிபார்க்கப்பட்டது,translated,
resume_preview.cta_delete,Delete,அகற்று,translated,
resume_preview.cta_share,Share resume,சுயவிவரத்தைப் பகிர்,translated,
resume_preview.share_title_suffix, — Resume, — சுயவிவரம்,translated,
resume_preview.share_about,ABOUT,பற்றி,translated,
resume_preview.share_skills,SKILLS,திறன்கள்,translated,
resume_preview.share_experience,EXPERIENCE,அனுபவம்,translated,
resume_preview.share_year_one,{{n}} year of experience,{{n}} ஆண்டு அனுபவம்,translated,
resume_preview.share_year_other,{{n}} years of experience,{{n}} ஆண்டுகள் அனுபவம்,translated,
resume_preview.share_reviews,★ {{avg}} ({{count}} reviews),★ {{avg}} ({{count}} மதிப்புரைகள்),translated,
edit_profile.cancel,Cancel,ரத்து,translated,
edit_profile.eyebrow,PROFILE,சுயவிவரம்,translated,
edit_profile.titles.basics,Edit basics,அடிப்படை திருத்து,translated,
edit_profile.titles.location,Set your area,உங்கள் பகுதியை அமைக்கவும்,translated,
edit_profile.titles.skills,Your skills,உங்கள் திறன்கள்,translated,
edit_profile.titles.preferences,Work preferences,வேலை விருப்பத்தேர்வுகள்,translated,
edit_profile.titles.resume,Your resume,உங்கள் சுயவிவரம்,translated,
edit_profile.titles.business_basics,Business details,வணிக விவரங்கள்,translated,
edit_profile.titles.business_location,Business address,வணிக முகவரி,translated,
edit_profile.save,Save,சேமி,translated,
edit_profile.saving,Saving…,சேமிக்கப்படுகிறது…,translated,
edit_profile.error_save,Failed to save,சேமிக்க முடியவில்லை,translated,
edit_profile.basics.field_name,Full name,முழு பெயர்,translated,
edit_profile.basics.field_bio,Short bio,சுருக்கமான சுயவிவரம்,translated,
edit_profile.basics.bio_placeholder,A line or two about you,உங்களைப் பற்றி ஒன்று இரண்டு வரிகள்,translated,
edit_profile.basics.field_experience,Years of experience,ஆண்டுகள் அனுபவம்,translated,
edit_profile.basics.experience_placeholder,e.g. 3,எ.கா. 3,translated,
edit_profile.resume.body_hint,Add a PDF or DOCX so employers can review your background. You can replace it anytime — only your latest resume is shared.,முதலாளிகள் உங்கள் பின்னணியை மதிப்பாய்வு செய்ய PDF அல்லது DOCX சேர்க்கவும். நீங்கள் எப்போது வேண்டுமானாலும் அதை மாற்றலாம் — உங்கள் சமீபத்திய சுயவிவரம் மட்டுமே பகிரப்படுகிறது.,translated,
edit_profile.resume.no_resume_uploaded,No resume uploaded yet,இன்னும் சுயவிவரம் பதிவேற்றப்படவில்லை,translated,
edit_profile.resume.pdf_docx_hint,"PDF or DOCX, up to 900KB.","PDF அல்லது DOCX, 900KB வரை.",translated,
edit_profile.resume.upload_resume,Upload resume,சுயவிவரத்தைப் பதிவேற்று,translated,
edit_profile.resume.replace_resume,Replace resume,சுயவிவரத்தை மாற்று,translated,
edit_profile.resume.uploading,Uploading…,பதிவேற்றப்படுகிறது…,translated,
edit_profile.resume.remove_resume,Remove resume,சுயவிவரத்தை அகற்று,translated,
edit_profile.resume.removing,Removing…,அகற்றப்படுகிறது…,translated,
edit_profile.resume.done_btn,Done,முடிந்தது,translated,
edit_profile.resume.error_picker_not_installed,Resume picker not installed. Run: pnpm add expo-document-picker,சுயவிவரம் பிக்கர் நிறுவப்படவில்லை. இயக்கவும்: pnpm add expo-document-picker,translated,
edit_profile.resume.error_no_file,No file picked,எந்த கோப்பும் தேர்ந்தெடுக்கப்படவில்லை,translated,
edit_profile.resume.error_size_too_big,Resume must be under 900KB. Try compressing the PDF.,சுயவிவரம் 900KB-க்குக் கீழே இருக்க வேண்டும். PDF-ஐ சுருக்கி முயற்சிக்கவும்.,translated,
edit_profile.resume.error_could_not_read,Could not read file,கோப்பைப் படிக்க முடியவில்லை,translated,
edit_profile.resume.error_upload_default,Could not upload resume,சுயவிவரத்தை பதிவேற்ற முடியவில்லை,translated,
edit_profile.resume.error_remove_default,Could not remove resume,சுயவிவரத்தை அகற்ற முடியவில்லை,translated,
edit_profile.resume.file_relative_today,today,இன்று,translated,
edit_profile.resume.file_relative_d_ago,{{n}}d ago,{{n}} நாள் முன்,translated,
edit_profile.resume.file_relative_w_ago,{{n}}w ago,{{n}} வாரம் முன்,translated,
edit_profile.location.detect,Detect my location,என் இடத்தைக் கண்டறி,translated,
edit_profile.location.re_detect,Re-detect my location,மீண்டும் கண்டறி,translated,
edit_profile.location.detecting,Detecting…,கண்டறியப்படுகிறது…,translated,
edit_profile.location.using_coords,"Using {{lat}}, {{lng}}","{{lat}}, {{lng}} பயன்படுத்தப்படுகிறது",translated,
edit_profile.location.field_city,City,நகரம்,translated,
edit_profile.location.city_placeholder,Bengaluru,பெங்களூரு,translated,
edit_profile.location.field_area,Area / neighbourhood,பகுதி / அண்டை,translated,
edit_profile.location.area_placeholder,Indiranagar,இந்திராநகர்,translated,
edit_profile.location.field_pincode,Pincode (optional),பின்கோடு (விருப்பம்),translated,
edit_profile.location.pincode_placeholder,560038,560038,translated,
edit_profile.location.error_detect_default,Could not get your location. We will use a default for now.,உங்கள் இடத்தைப் பெற முடியவில்லை. தற்போதைக்கு இயல்புநிலையைப் பயன்படுத்துகிறோம்.,translated,
edit_profile.skills.hint,Tap what you can do. Up to 20. Don't see your trade? Add it as a custom skill below.,நீங்கள் என்ன செய்ய முடியும் என்பதைத் தட்டவும். 20 வரை. உங்கள் தொழில் காணவில்லையா? கீழே தனிப்பயன் திறனாகச் சேர்க்கவும்.,translated,
edit_profile.skills.trade_a11y_selected,"{{label}}, selected","{{label}}, தேர்ந்தெடுக்கப்பட்டது",translated,
edit_profile.skills.trade_a11y,{{label}},{{label}},translated,
edit_profile.skills.add_custom_label,Add a custom skill,தனிப்பயன் திறனைச் சேர்,translated,
edit_profile.skills.add_custom_placeholder,e.g. AC gas refilling,எ.கா. AC வாயு மறுநிரப்பல்,translated,
edit_profile.skills.add_btn,+ Add,+ சேர்,translated,
edit_profile.skills.custom_skills_label,Custom skills,தனிப்பயன் திறன்கள்,translated,
edit_profile.skills.save_a11y,Save skills,திறன்களைச் சேமி,translated,
edit_profile.skills.count_selected,{{n}} / 20 selected,{{n}} / 20 தேர்ந்தெடுக்கப்பட்டது,translated,
edit_profile.preferences.applying_as_label,APPLYING AS,இவ்வாறு விண்ணப்பிக்கிறீர்கள்,translated,
edit_profile.preferences.solo_label,Solo,தனியாக,translated,
edit_profile.preferences.solo_helper,One person applying,ஒருவர் விண்ணப்பிக்கிறார்,translated,
edit_profile.preferences.team_label,Team,குழு,translated,
edit_profile.preferences.team_helper,Small crew applying together,சிறிய குழு ஒன்றாக விண்ணப்பிக்கிறது,translated,
edit_profile.preferences.team_size_label,Team size,குழுவின் அளவு,translated,
edit_profile.preferences.team_size_helper,How many people are applying together?,எத்தனை பேர் ஒன்றாக விண்ணப்பிக்கிறீர்கள்?,translated,
edit_profile.preferences.availability_label,AVAILABILITY,கிடைப்புத்திறன்,translated,
edit_profile.preferences.availability_immediate,Immediately,உடனடியாக,translated,
edit_profile.preferences.availability_within_1_week,Within 1 week,1 வாரத்தில்,translated,
edit_profile.preferences.availability_within_1_month,Within 1 month,1 மாதத்தில்,translated,
edit_profile.preferences.availability_flexible,Flexible,நெகிழ்வான,translated,
edit_profile.preferences.interested_in_label,INTERESTED IN,ஆர்வம் உள்ளது,translated,
edit_profile.business_basics.field_business_name,Business name,வணிகத்தின் பெயர்,translated,
edit_profile.business_basics.business_name_placeholder,As you want it shown on job posts,வேலை பதிவுகளில் காட்டப்பட விரும்புகின்ற பெயர்,translated,
edit_profile.business_basics.business_type_label,BUSINESS TYPE,வணிக வகை,translated,
edit_profile.business_basics.type_individual,Individual,தனிநபர்,translated,
edit_profile.business_basics.type_shop,Shop,கடை,translated,
edit_profile.business_basics.type_restaurant,Restaurant,உணவகம்,translated,
edit_profile.business_basics.type_salon,Salon,சலூன்,translated,
edit_profile.business_basics.type_agency,Agency,ஏஜென்சி,translated,
edit_profile.business_basics.type_startup,Startup,ஸ்டார்ட்அப்,translated,
edit_profile.business_basics.type_enterprise,Enterprise,நிறுவனம்,translated,
edit_profile.business_basics.type_other,Other,மற்றவை,translated,
edit_profile.business_basics.field_gstin,GSTIN (optional),GSTIN (விருப்பம்),translated,
edit_profile.business_basics.gstin_placeholder,22AAAAA0000A1Z5,22AAAAA0000A1Z5,translated,
edit_profile.business_location.re_detect,Re-detect,மீண்டும் கண்டறி,translated,
notifications.back,← Back,← பின்,translated,
notifications.title,Notifications,அறிவிப்புகள்,translated,
notifications.mark_all_read,Mark all read,அனைத்தையும் படித்ததாகக் குறி,translated,
notifications.error_title,Couldn't load notifications,அறிவிப்புகளை ஏற்ற முடியவில்லை,translated,
notifications.empty_title,No notifications yet,இன்னும் அறிவிப்புகள் இல்லை,translated,
notifications.empty_message,"When you have applications, messages, or ratings, they'll show up here.","உங்களுக்கு விண்ணப்பங்கள், செய்திகள் அல்லது மதிப்பீடுகள் இருக்கும்போது இங்கே காண்பீர்கள்.",translated,
notifications.time.just_now,Just now,இப்போது,translated,
notifications.time.min_ago,{{n}} min ago,{{n}} நிமி முன்,translated,
notifications.time.hr_ago,{{n}} hr ago,{{n}} மணி முன்,translated,
notifications.time.day_ago_one,{{n}} day ago,{{n}} நாள் முன்,translated,
notifications.time.day_ago_other,{{n}} days ago,{{n}} நாட்கள் முன்,translated,
job_alerts.title,Job alerts,வேலை அறிவிப்புகள்,translated,
job_alerts.add_btn,+ Add,+ சேர்,translated,
job_alerts.intro,Save criteria for the kinds of work you want. We'll ping you the moment a new job matches — no scrolling required.,நீங்கள் விரும்பும் வேலைகளின் அளவுகோல்களைச் சேமியுங்கள். புதிய வேலை பொருந்தியதும் நாங்கள் உங்களுக்குப் பிங் செய்வோம் — உருட்டத் தேவையில்லை.,translated,
job_alerts.couldnt_load_title,Couldn't load alerts,அறிவிப்புகளை ஏற்ற முடியவில்லை,translated,
job_alerts.couldnt_load_message,Check your connection and try again.,உங்கள் இணைப்பைச் சரிபார்த்து மீண்டும் முயற்சிக்கவும்.,translated,
job_alerts.retry_cta,Retry,மீண்டும்,translated,
job_alerts.empty_eyebrow,NO ALERTS YET,இன்னும் அறிவிப்புகள் இல்லை,translated,
job_alerts.empty_title_or_build,Or build one yourself,அல்லது நீங்களே ஒன்று உருவாக்குங்கள்,translated,
job_alerts.empty_title_first,Create your first alert,உங்கள் முதல் அறிவிப்பை உருவாக்குங்கள்,translated,
job_alerts.empty_message_with_suggestion,"Save your own criteria — keyword, city, job type, urgent only.","உங்கள் சொந்த அளவுகோல்களைச் சேமியுங்கள் — முக்கிய சொல், நகரம், வேலை வகை, அவசரம் மட்டும்.",translated,
job_alerts.empty_message_no_suggestion,Tell us what kind of work you want and we'll send a push when a matching job is posted.,"நீங்கள் விரும்பும் வேலையைச் சொல்லுங்கள், பொருத்தமான வேலை வந்தபோது புஷ் அனுப்புவோம்.",translated,
job_alerts.empty_cta,Add alert,அறிவிப்பு சேர்,translated,
job_alerts.suggestion_eyebrow,SUGGESTED FOR YOU,உங்களுக்காகப் பரிந்துரை,translated,
job_alerts.suggestion_body,Based on your resume. Tap below and tweak before saving — we'll ping you when a matching job is posted.,உங்கள் சுயவிவரத்தின் அடிப்படையில். கீழே தட்டி சேமிக்கும் முன் மாற்றவும் — பொருந்தும் வேலை வந்தபோது பிங் செய்வோம்.,translated,
job_alerts.suggestion_cta,Use this suggestion,இந்தப் பரிந்துரையைப் பயன்படுத்து,translated,
job_alerts.couldnt_update_title,Couldn't update alert,அறிவிப்பைப் புதுப்பிக்க முடியவில்லை,translated,
job_alerts.couldnt_delete_title,Couldn't delete alert,அறிவிப்பை நீக்க முடியவில்லை,translated,
job_alerts.try_again,Try again.,மீண்டும் முயற்சிக்கவும்.,translated,
job_alerts.delete_confirm_title,Delete alert?,அறிவிப்பை நீக்கவா?,translated,
job_alerts.delete_confirm_body,"""{{name}}"" will be removed. You won't get notifications for it anymore.","""{{name}}"" அகற்றப்படும். இதற்கான அறிவிப்புகள் இனி கிடைக்காது.",translated,
job_alerts.delete_cancel,Cancel,ரத்து,translated,
job_alerts.delete_confirm,Delete,நீக்கு,translated,
job_alerts.row_no_matches,No matches yet,இன்னும் பொருத்தங்கள் இல்லை,translated,
job_alerts.row_matches_one,{{count}} match,{{count}} பொருத்தம்,translated,
job_alerts.row_matches_other,{{count}} matches,{{count}} பொருத்தங்கள்,translated,
job_alerts.row_last_match,Last match {{when}},கடைசி பொருத்தம் {{when}},translated,
job_alerts.criteria_urgent_only,urgent only,அவசரம் மட்டும்,translated,
job_alerts.criteria_any_job_anywhere,"Any job, anywhere","எந்த வேலையும், எங்கும்",translated,
job_alert_form.title_edit,Edit alert,அறிவிப்பைத் திருத்து,translated,
job_alert_form.title_new,New alert,புதிய அறிவிப்பு,translated,
job_alert_form.field_name_label,Name this alert,இந்த அறிவிப்புக்குப் பெயரிடுங்கள்,translated,
job_alert_form.field_name_placeholder,e.g. Delivery in Indiranagar,எ.கா. இந்திராநகரில் டெலிவரி,translated,
job_alert_form.field_keyword_label,Keyword (optional),முக்கிய சொல் (விருப்பம்),translated,
job_alert_form.field_keyword_placeholder,"e.g. delivery, helper, welder","எ.கா. டெலிவரி, உதவியாளர், வெல்டர்",translated,
job_alert_form.field_city_label,City (optional),நகரம் (விருப்பம்),translated,
job_alert_form.field_city_placeholder,e.g. Bengaluru,எ.கா. பெங்களூரு,translated,
job_alert_form.field_job_types_label,Job types (optional),வேலை வகைகள் (விருப்பம்),translated,
job_alert_form.field_job_types_hint,Leave empty to match any type.,எந்த வகையிலும் பொருந்த வெறுமையாக விடவும்.,translated,
job_alert_form.urgent_only_title,Urgent only,அவசரம் மட்டும்,translated,
job_alert_form.urgent_only_hint,Only ping me when an urgent job matches,அவசர வேலை பொருந்தியபோது மட்டும் பிங் செய்,translated,
job_alert_form.summary_eyebrow,YOU'LL HEAR ABOUT,நீங்கள் கேள்விப்படுவீர்கள்,translated,
job_alert_form.summary_urgent,Urgent,அவசரம்,translated,
job_alert_form.summary_any_type,Any job type,எந்த வேலை வகையும்,translated,
job_alert_form.summary_matching,"matching ""{{q}}""","""{{q}}"" உடன் பொருந்தும்",translated,
job_alert_form.summary_in_city,in {{city}},{{city}}-இல்,translated,
job_alert_form.summary_anywhere,anywhere,எங்கும்,translated,
job_alert_form.save_changes,Save changes,மாற்றங்களைச் சேமி,translated,
job_alert_form.create_alert,Create alert,அறிவிப்பை உருவாக்கு,translated,
job_alert_form.saving,Saving…,சேமிக்கப்படுகிறது…,translated,
job_alert_form.couldnt_save_title,Couldn't save alert,அறிவிப்பைச் சேமிக்க முடியவில்லை,translated,
job_alert_form.alert_not_found_title,Alert not found,அறிவிப்பு கிடைக்கவில்லை,translated,
job_alert_form.alert_not_found_body,This alert no longer exists.,இந்த அறிவிப்பு இனி இல்லை.,translated,
job_alert_form.ok,OK,சரி,translated,
job_alert_form.add_name_title,Add a name,ஒரு பெயரைச் சேர்,translated,
job_alert_form.add_name_body,Give your alert a short name to identify it.,அடையாளம் காண உங்கள் அறிவிப்புக்கு ஒரு குறுகிய பெயரைக் கொடுங்கள்.,translated,
job_alert_form.too_broad_title,Too broad,மிகவும் பரந்த,translated,
job_alert_form.too_broad_body,"Add at least one criterion (keyword, city, job type, or urgent only) so we know what to ping you about.","குறைந்தபட்சம் ஒரு அளவுகோலை (முக்கிய சொல், நகரம், வேலை வகை அல்லது அவசரம் மட்டும்) சேருங்கள், எதைப் பற்றி பிங் செய்ய வேண்டும் என்று எங்களுக்குத் தெரியும்.",translated,
edit_salary.cancel_back,← Cancel,← ரத்து,translated,
edit_salary.eyebrow,EXPECTED SALARY,எதிர்பார்த்த சம்பளம்,translated,
edit_salary.title,How do you want to be paid?,நீங்கள் எப்படி ஊதியம் பெற விரும்புகிறீர்கள்?,translated,
edit_salary.hint,Pick what matches the kind of work you want. Employers see this on your profile.,நீங்கள் விரும்பும் வேலைக்குப் பொருந்துவதைத் தேர்ந்தெடு. முதலாளிகள் இதை உங்கள் சுயவிவரத்தில் பார்ப்பார்கள்.,translated,
edit_salary.error_enter_valid,Enter a valid amount,சரியான தொகையை உள்ளிடு,translated,
edit_salary.error_max_lt_min,Max must be at least the minimum,அதிகபட்சம் குறைந்தபட்சத்தை விட அதிகமாக இருக்க வேண்டும்,translated,
edit_salary.error_save_default,Could not save,சேமிக்க முடியவில்லை,translated,
edit_salary.how_paid_eyebrow,HOW YOU'RE PAID,நீங்கள் எப்படி ஊதியம் பெறுகிறீர்கள்,translated,
edit_salary.amount_eyebrow,AMOUNT (₹),தொகை (₹),translated,
edit_salary.min_label,Minimum,குறைந்தபட்சம்,translated,
edit_salary.max_label,Maximum (optional),அதிகபட்சம் (விருப்பம்),translated,
edit_salary.max_placeholder,Stretch target,ஸ்ட்ரெச் இலக்கு,translated,
edit_salary.amount_hint,White-collar candidates: set both for a range. Daily-wage workers: leave Maximum empty.,வைட்-காலர் வேட்பாளர்கள்: வரம்பிற்காக இரண்டையும் அமைக்கவும். தினசரி கூலி தொழிலாளர்கள்: அதிகபட்சம் வெறுமையாக விடவும்.,translated,
edit_salary.preview_eyebrow,EMPLOYERS WILL SEE,முதலாளிகள் காண்பார்கள்,translated,
edit_salary.save_a11y,Save expected salary,எதிர்பார்த்த சம்பளத்தைச் சேமி,translated,
edit_salary.save_btn,Save,சேமி,translated,
edit_salary.saving_btn,Saving…,சேமிக்கப்படுகிறது…,translated,
edit_salary.clear_a11y,Clear expected salary,எதிர்பார்த்த சம்பளத்தை அழி,translated,
edit_salary.clear_btn,Clear,அழி,translated,
edit_salary.footer_note,You can change this anytime. We use it to suggest jobs that match your pay expectation.,நீங்கள் எப்போது வேண்டுமானாலும் இதை மாற்றலாம். உங்கள் ஊதிய எதிர்பார்ப்புக்குப் பொருந்தும் வேலைகளைப் பரிந்துரைக்க நாங்கள் இதைப் பயன்படுத்துகிறோம்.,translated,
edit_salary.period_label_day,Per day,ஒரு நாளுக்கு,translated,
edit_salary.period_label_month,Per month,ஒரு மாதத்திற்கு,translated,
edit_salary.period_label_hour,Per hour,மணிக்கு,translated,
edit_salary.period_label_fixed,Fixed (per gig),நிலையான (ஒவ்வொரு கிக்),translated,
edit_salary.period_label_week,Per week,ஒரு வாரத்திற்கு,translated,
edit_salary.period_hint_day,"Daily wage work — construction, helper, delivery on commission, mason","தினசரி கூலி வேலை — கட்டுமானம், உதவியாளர், கமிஷன் டெலிவரி, கொத்தனார்",translated,
edit_salary.period_hint_month,"Full-time monthly salary — delivery boy at a company, salon assistant, retail staff","முழு நேர மாத சம்பளம் — நிறுவனத்தில் டெலிவரி பாய், சலூன் உதவியாளர், சில்லறை பணியாளர்கள்",translated,
edit_salary.period_hint_hour,"Hourly contract or part-time work — tutoring, freelance, evening shifts","மணிநேர ஒப்பந்தம் அல்லது பகுதி நேர வேலை — பயிற்சி, ஃப்ரீலான்ஸ், மாலை ஷிஃப்ட்கள்",translated,
edit_salary.period_hint_fixed,"One-time job paid as a single amount — event photography, repairs, single tasks","ஒரு முறை வேலை ஒரே தொகையாகச் செலுத்தப்படும் — நிகழ்வு புகைப்படம், பழுதுபார்ப்பு, ஒரே பணிகள்",translated,
edit_salary.period_hint_week,"Weekly wage — less common, used in some seasonal or contract roles","வாராந்திர கூலி — பொதுவாக குறைவு, சில பருவகால அல்லது ஒப்பந்த பாத்திரங்களில் பயன்படுத்தப்படுகிறது",translated,
edit_salary.sample_day,e.g. 600 — typical for daily-wage roles,எ.கா. 600 — தினசரி கூலி பாத்திரங்களுக்கு பொதுவானது,translated,
edit_salary.sample_month,e.g. 15000 — typical for full-time roles,எ.கா. 15000 — முழு நேர பாத்திரங்களுக்கு பொதுவானது,translated,
edit_salary.sample_hour,e.g. 100 — typical for hourly work,எ.கா. 100 — மணிநேர வேலைக்கு பொதுவானது,translated,
edit_salary.sample_fixed,e.g. 3000 — one-time payment,எ.கா. 3000 — ஒரு முறை செலுத்துதல்,translated,
edit_salary.sample_week,e.g. 4000 — for weekly-paid roles,எ.கா. 4000 — வாராந்திர செலுத்தப்படும் பாத்திரங்களுக்கு,translated,
edit_salary.period_suffix_day,/ day,/ நாள்,translated,
edit_salary.period_suffix_month,/ month,/ மாதம்,translated,
edit_salary.period_suffix_hour,/ hour,/ மணி,translated,
edit_salary.period_suffix_fixed,fixed,நிலையான,translated,
edit_salary.period_suffix_week,/ week,/ வாரம்,translated,
earnings.title,My Earnings,என் வருமானம்,translated,
earnings.info_a11y,About earnings,வருமானம் பற்றி,translated,
earnings.info_dialog_title,How earnings work,வருமானம் எப்படி வேலை செய்கிறது,translated,
earnings.info_dialog_body,"Doondo records the pay each employer agreed to when you were hired. The total here is the value of every contract you've won — it does NOT include money actually moved to your bank yet.

Direct bank payouts arrive in a future update. Until then, payment happens between you and the employer the way you agreed (cash, UPI, etc.). If an employer doesn't pay, message Doondo Support.","நீங்கள் பணியமர்த்தப்பட்டபோது ஒவ்வொரு முதலாளி ஒப்புக்கொண்ட ஊதியத்தை Doondo பதிவு செய்கிறது. இங்கே உள்ள மொத்தம் நீங்கள் வென்ற ஒவ்வொரு ஒப்பந்தத்தின் மதிப்பு — உங்கள் வங்கிக்கு நகர்த்தப்பட்ட பணத்தை இது சேர்க்கவில்லை.

நேரடி வங்கி பணம் எதிர்கால புதுப்பிப்பில் வரும். அதுவரை, பணம் நீங்களும் முதலாளியும் ஒப்புக்கொண்ட வழியில் (பணம், UPI போன்றவை) நடக்கும். ஒரு முதலாளி பணம் செலுத்தவில்லை என்றால் Doondo ஆதரவுக்கு செய்தி அனுப்புங்கள்.",translated,
earnings.info_dialog_ok,Got it,புரிந்தது,translated,
earnings.contracts_won,Contracts won,வென்ற ஒப்பந்தங்கள்,translated,
earnings.summary_pending,Pending,நிலுவையில்,translated,
earnings.summary_hires,Hires,பணியமர்த்தல்கள்,translated,
earnings.summary_cash_logged,Cash logged,பணம் பதிவு,translated,
earnings.log_cta,+ Log cash earning,+ பண வருமானத்தை பதிவு செய்,translated,
earnings.log_cta_a11y,Log a cash earning,பண வருமானத்தைப் பதிவு செய்,translated,
earnings.transactions_eyebrow,TRANSACTIONS,பரிவர்த்தனைகள்,translated,
earnings.error_title,Couldn't load earnings,வருமானத்தை ஏற்ற முடியவில்லை,translated,
earnings.error_message,Check your connection and try again.,உங்கள் இணைப்பைச் சரிபார்த்து மீண்டும் முயற்சிக்கவும்.,translated,
earnings.retry_cta,Retry,மீண்டும்,translated,
earnings.empty_eyebrow,NO EARNINGS YET,இன்னும் வருமானம் இல்லை,translated,
earnings.empty_title,No contracts yet,இன்னும் ஒப்பந்தங்கள் இல்லை,translated,
earnings.empty_message,Every job you're hired for shows up here with the pay the employer agreed to. Direct bank payouts arrive in a future update.,நீங்கள் பணியமர்த்தப்பட்ட ஒவ்வொரு வேலையும் முதலாளி ஒப்புக்கொண்ட ஊதியத்துடன் இங்கே காட்டப்படும். நேரடி வங்கி பணம் எதிர்கால புதுப்பிப்பில் வரும்.,translated,
earnings.empty_cta,Browse jobs,வேலைகளைப் பார்,translated,
earnings.log_modal_eyebrow,CASH EARNING,பண வருமானம்,translated,
earnings.log_modal_title,Log a cash gig,பண கிக் ஐ பதிவு செய்,translated,
earnings.log_modal_body,"Worked outside Doondo and got paid in cash? Add it here to keep your earnings record complete — useful for loans, tax, and remittance planning. Stays private to you.","Doondo-விற்கு வெளியே வேலை செய்து பணமாகப் பெற்றீர்களா? உங்கள் வருமான பதிவை முழுமையாக வைத்திருக்க இங்கே சேர்க்கவும் — கடன், வரி மற்றும் பணம் அனுப்புதல் திட்டமிடுதலுக்கு பயனுள்ளது. உங்களுக்கு மட்டும் தனிப்பட்டது.",translated,
earnings.log_modal_amount_label,Amount (₹),தொகை (₹),translated,
earnings.log_modal_amount_placeholder,e.g. 800,எ.கா. 800,translated,
earnings.log_modal_desc_label,What was the work?,எந்த வேலை?,translated,
earnings.log_modal_desc_placeholder,e.g. Painting at Mr. Sharma's house,எ.கா. சர்மா அவர்களின் வீட்டில் பெயிண்டிங்,translated,
earnings.log_modal_cancel,Cancel,ரத்து,translated,
earnings.log_modal_save,Save,சேமி,translated,
earnings.log_modal_saving,Saving…,சேமிக்கப்படுகிறது…,translated,
earnings.error_amount,Enter a valid amount,சரியான தொகையை உள்ளிடு,translated,
earnings.error_desc,Add a short description,ஒரு குறுகிய விளக்கத்தைச் சேர்,translated,
earnings.error_default,Try again.,மீண்டும் முயற்சிக்கவும்.,translated,
earnings.couldnt_log_title,Couldn't log,பதிவு செய்ய முடியவில்லை,translated,
earnings.tx_status_settled,Settled,தீர்க்கப்பட்டது,translated,
earnings.tx_status_pending,Pending,நிலுவையில்,translated,
earnings.tx_status_reversed,Reversed,திருப்பப்பட்டது,translated,
earnings.tx_status_cash_self_logged,Cash (self-logged),பணம் (சுய-பதிவு),translated,
earnings.generate_receipt,📄 Generate receipt,📄 ரசீது உருவாக்கு,translated,
earnings.preparing_receipt,Preparing receipt…,ரசீது தயாரிக்கப்படுகிறது…,translated,
earnings.receipt_error_title,Couldn't make receipt,ரசீதை உருவாக்க முடியவில்லை,translated,
earnings.receipt_unavailable_title,Receipt unavailable,ரசீது கிடைக்கவில்லை,translated,
earnings.receipt_unavailable_body,We couldn't generate a PDF on this device. The amount is still recorded in your diary.,இந்த சாதனத்தில் PDF உருவாக்க முடியவில்லை. தொகை இன்னும் உங்கள் டயரியில் பதிவாகியுள்ளது.,translated,
leave_rating.cancel_back,← Cancel,← ரத்து,translated,
leave_rating.eyebrow,LEAVE A RATING,மதிப்பீடு அளி,translated,
leave_rating.title_named,How was {{name}}?,{{name}} எப்படி இருந்தார்?,translated,
leave_rating.for_job,For: {{job}},இதற்காக: {{job}},translated,
leave_rating.tap_a_star,Tap a star,ஒரு நட்சத்திரத்தைத் தட்டவும்,translated,
leave_rating.error_tap_one_to_five,Tap a star from 1 to 5,1 முதல் 5 வரை ஒரு நட்சத்திரத்தைத் தட்டவும்,translated,
leave_rating.score.poor,Poor,மோசம்,translated,
leave_rating.score.below_avg,Below average,சராசரிக்குக் கீழே,translated,
leave_rating.score.okay,Okay,சரி,translated,
leave_rating.score.very_good,Very good,மிக நல்லது,translated,
leave_rating.score.excellent,Excellent,சிறந்தது,translated,
leave_rating.note_label,ADD A NOTE (OPTIONAL),குறிப்பைச் சேர் (விருப்பம்),translated,
leave_rating.note_placeholder,What stood out? Anything others should know?,எது தனித்து நின்றது? மற்றவர்கள் தெரிந்து கொள்ள வேண்டிய ஏதாவது?,translated,
leave_rating.char_count,{{n}} / 500,{{n}} / 500,translated,
leave_rating.submit,Submit rating,மதிப்பீட்டைச் சமர்ப்பி,translated,
leave_rating.submitting,Submitting…,சமர்ப்பிக்கப்படுகிறது…,translated,
leave_rating.error_default,Could not save your rating,உங்கள் மதிப்பீட்டைச் சேமிக்க முடியவில்லை,translated,
skill_tests.header_title,Skill tests,திறன் சோதனைகள்,translated,
skill_tests.header_blurb,"Short 5-question tests per trade. Pass 4 of 5 and earn a ""✓ Tested"" pill that shows on your resume.","ஒவ்வொரு தொழிலுக்கும் சிறு 5-கேள்வி சோதனைகள். 5இல் 4 தேர்ச்சி பெறுங்கள் மற்றும் உங்கள் ரெஸ்யூமேயில் ""✓ சோதிக்கப்பட்டது"" பில் பெறுங்கள்.",translated,
skill_tests.error_title,Couldn't load tests,சோதனைகளை ஏற்ற முடியவில்லை,translated,
skill_tests.error_message,Check your connection and try again.,உங்கள் இணைப்பை சரிபார்த்து மீண்டும் முயற்சிக்கவும்.,translated,
skill_tests.retry,Retry,மீண்டும் முயற்சி,translated,
skill_tests.card_meta,{{q}} questions · pass {{pass}}/{{q}} · {{min}} min,{{q}} கேள்விகள் · தேர்ச்சி {{pass}}/{{q}} · {{min}} நிமிடம்,translated,
skill_tests.status_passed,✓ Passed,✓ தேர்ச்சி,translated,
skill_tests.status_cooldown,Try in {{h}}h,{{h}} மணி நேரத்தில் முயற்சிக்கவும்,translated,
skill_tests.cta_take,Take test,சோதனை எடுக்க,translated,
skill_tests.couldnt_submit_title,Couldn't submit,சமர்ப்பிக்க முடியவில்லை,translated,
skill_tests.couldnt_submit_default,Try again.,மீண்டும் முயற்சிக்கவும்.,translated,
skill_tests.question_label,QUESTION {{i}} / {{n}},கேள்வி {{i}} / {{n}},translated,
skill_tests.cta_done,Done,முடிந்தது,translated,
skill_tests.cta_submit,Submit,சமர்ப்பி,translated,
skill_tests.cta_grading,Grading…,மதிப்பீடு…,translated,
skill_tests.cta_answer_all,Answer all {{n}} to submit,சமர்ப்பிக்க அனைத்து {{n}} கேள்விகளுக்கும் பதிலளிக்கவும்,translated,
skill_tests.result_passed_title,Passed,தேர்ச்சி,translated,
skill_tests.result_passed_body,"You scored {{score}} / {{total}}. The ""✓ Tested: {{title}}"" pill now shows on your resume.","நீங்கள் {{score}} / {{total}} ஸ்கோர் பெற்றீர்கள். ""✓ சோதிக்கப்பட்டது: {{title}}"" பில் இப்போது உங்கள் ரெஸ்யூமேயில் உள்ளது.",translated,
skill_tests.result_failed_title,Not quite,சற்று குறைவு,translated,
skill_tests.result_failed_body,You scored {{score}} / {{total}}. You need {{pass}} to pass.,நீங்கள் {{score}} / {{total}} ஸ்கோர் பெற்றீர்கள். தேர்ச்சிக்கு {{pass}} தேவை.,translated,
skill_tests.result_failed_retry,Try again in 24 hours — pace lets you actually study between attempts.,24 மணி நேரத்திற்குப் பிறகு மீண்டும் முயற்சிக்கவும் — முயற்சிகளுக்கு இடையில் படிக்க நேரம் கிடைக்கிறது.,translated,
courses.header_title,Training & courses,பயிற்சி & கோர்ஸ்கள்,translated,
courses.header_blurb,Short lessons that take 15–25 minutes. Finish all the lessons and earn a badge that shows on your resume.,15–25 நிமிடங்களில் முடியும் சிறு பாடங்கள். அனைத்து பாடங்களையும் முடித்து உங்கள் ரெஸ்யூமேயில் காட்டப்படும் பேட்ஜ் பெறுங்கள்.,translated,
courses.error_title,Couldn't load courses,கோர்ஸ்களை ஏற்ற முடியவில்லை,translated,
courses.error_message,Check your connection and try again.,உங்கள் இணைப்பை சரிபார்த்து மீண்டும் முயற்சிக்கவும்.,translated,
courses.retry,Retry,மீண்டும் முயற்சி,translated,
courses.all_courses,ALL COURSES,அனைத்து கோர்ஸ்கள்,translated,
courses.your_badges,YOUR BADGES · {{n}},உங்கள் பேட்ஜ்கள் · {{n}},translated,
courses.in_progress,IN PROGRESS · {{n}},நடைபெறுகிறது · {{n}},translated,
courses.card_lessons_meta,{{n}} lessons · {{min}} min,{{n}} பாடங்கள் · {{min}} நிமிடம்,translated,
courses.card_a11y,Open course: {{title}},கோர்ஸ் திற: {{title}},translated,
courses.progress_meta,{{done}} / {{total}} lessons done,{{done}} / {{total}} பாடங்கள் முடிந்தது,translated,
course_detail.error_title,Couldn't load this course,இந்த கோர்ஸை ஏற்ற முடியவில்லை,translated,
course_detail.error_message,Check your connection and try again.,உங்கள் இணைப்பை சரிபார்த்து மீண்டும் முயற்சிக்கவும்.,translated,
course_detail.retry,Retry,மீண்டும் முயற்சி,translated,
course_detail.header_meta,{{n}} lessons · {{min}} min · {{level}},{{n}} பாடங்கள் · {{min}} நிமிடம் · {{level}},translated,
course_detail.badge_earned,BADGE EARNED,பேட்ஜ் பெற்றீர்கள்,translated,
course_detail.your_progress,YOUR PROGRESS,உங்கள் முன்னேற்றம்,translated,
course_detail.start_course,Start course,கோர்ஸ் தொடங்கு,translated,
course_detail.starting,Starting…,தொடங்குகிறது…,translated,
course_detail.lessons_section,LESSONS,பாடங்கள்,translated,
course_detail.lesson_min_read,{{n}} min read,{{n}} நிமிடம் வாசிப்பு,translated,
course_detail.a11y_open_lesson,Open lesson: {{title}},பாடத்தை திற: {{title}},translated,
course_detail.couldnt_enroll,Couldn't enroll,சேர்க்க முடியவில்லை,translated,
course_detail.try_again,Try again.,மீண்டும் முயற்சிக்கவும்.,translated,
course_detail.couldnt_complete,Couldn't mark complete,முடிந்ததாக குறிக்க முடியவில்லை,translated,
course_detail.badge_alert_title,🏅 Badge earned,🏅 பேட்ஜ் பெற்றீர்கள்,translated,
course_detail.badge_alert_body,You've completed this course. The badge now shows on your resume.,நீங்கள் இந்த கோர்ஸை முடித்துவிட்டீர்கள். பேட்ஜ் இப்போது உங்கள் ரெஸ்யூமேயில் உள்ளது.,translated,
course_detail.lesson_complete_done,✓ Completed,✓ முடிந்தது,translated,
course_detail.lesson_complete_saving,Saving…,சேமிக்கிறது…,translated,
course_detail.lesson_complete_cta,Mark as complete,முடிந்ததாக குறி,translated,
course_detail.a11y_completed,Lesson completed,பாடம் முடிந்தது,translated,
course_detail.a11y_mark_complete,Mark this lesson complete,இந்த பாடத்தை முடிந்ததாக குறிக்கவும்,translated,
sos.header_title,Safety SOS,பாதுகாப்பு SOS,translated,
sos.how_it_works_title,How it works,இது எப்படி வேலை செய்கிறது,translated,
sos.how_it_works_body,"If you ever feel unsafe at work, hold the SOS button for 2 seconds. Doondo will open your phone's SMS app pre-filled with your location and a help message to your emergency contact. You decide whether to send.","வேலையில் எப்போதாவது பாதுகாப்பற்ற உணர்வு இருந்தால், SOS பொத்தானை 2 விநாடிகள் அழுத்திப் பிடிக்கவும். டூண்டோ உங்கள் தொலைபேசியின் SMS ஆப்பை திறக்கும், அதில் உங்கள் இடம் மற்றும் உதவி செய்தி முன்கூட்டியே நிரப்பப்பட்டிருக்கும். அனுப்புவது உங்கள் தேர்வு.",translated,
sos.emergency_contact,EMERGENCY CONTACT,அவசர தொடர்பு,translated,
sos.edit_contact,EDIT CONTACT,தொடர்பை திருத்து,translated,
sos.add_contact,ADD EMERGENCY CONTACT,அவசர தொடர்பை சேர்,translated,
sos.name_placeholder,"Contact name (e.g. Amma, Brother)","தொடர்பு பெயர் (உ-ம் அம்மா, அண்ணன்)",translated,
sos.phone_placeholder,Phone number (e.g. 9876543210),தொலைபேசி எண் (உ-ம் 9876543210),translated,
sos.edit,Edit,திருத்து,translated,
sos.remove_contact,Remove contact,தொடர்பை அகற்று,translated,
sos.remove_confirm_title,Remove contact?,தொடர்பை அகற்றவா?,translated,
sos.remove_confirm_body,We'll clear the saved name and number from this device. SOS will be disabled until you add a new one.,நாங்கள் சேமித்த பெயரையும் எண்ணையும் இந்த சாதனத்தில் இருந்து அகற்றுவோம். புதிய ஒன்றை சேர்க்கும் வரை SOS முடக்கப்படும்.,translated,
sos.remove_confirm_cancel,Cancel,ரத்து,translated,
sos.remove_confirm_ok,Remove,அகற்று,translated,
sos.cancel,Cancel,ரத்து,translated,
sos.save,Save contact,தொடர்பை சேமி,translated,
sos.saving,Saving…,சேமிக்கிறது…,translated,
sos.couldnt_save,Could not save,சேமிக்க முடியவில்லை,translated,
sos.try_again,Try again.,மீண்டும் முயற்சிக்கவும்.,translated,
sos.add_name_title,Add a name,பெயரை சேர்,translated,
sos.add_name_body,Please enter the contact's name.,தொடர்பின் பெயரை உள்ளிடவும்.,translated,
sos.add_phone_title,Add a valid phone,சரியான தொலைபேசியை சேர்,translated,
sos.add_phone_body,Please enter a real phone number.,சரியான தொலைபேசி எண்ணை உள்ளிடவும்.,translated,
sos.couldnt_open_sms_title,Couldn't open SMS,SMS திறக்க முடியவில்லை,translated,
sos.couldnt_open_sms_default,Please try calling your contact directly.,உங்கள் தொடர்பை நேரடியாக அழைக்கவும்.,translated,
sos.sender_fallback_name,A Doondo user,ஒரு டூண்டோ பயனர்,translated,
sos.sos_label,SOS,SOS,translated,
sos.sos_pressing,KEEP HOLDING…,பிடித்திருங்கள்…,translated,
sos.sos_press_and_hold,PRESS AND HOLD,அழுத்தி பிடி,translated,
sos.hold_two_seconds_hint,Hold for 2 seconds to open SMS,SMS திறக்க 2 விநாடிகள் பிடிக்கவும்,translated,
sos.disclaimer_pre,"Doondo does not send the SMS for you. Your phone's SMS app opens with the message ready — you choose whether to send. For life-threatening emergencies, dial",டூண்டோ உங்களுக்காக SMS அனுப்புவதில்லை. உங்கள் தொலைபேசியின் SMS ஆப் செய்தி தயாராக திறக்கிறது — அனுப்புவது உங்கள் தேர்வு. உயிருக்கு ஆபத்தான சூழ்நிலையில் நேரடியாக,translated,
sos.disclaimer_emergency_number,112,112,translated,
sos.disclaimer_post, directly., டயல் செய்யவும்.,translated,
voice_search.back,← Back,← பின்,translated,
voice_search.header_title,Voice Search,குரல் தேடல்,translated,
voice_search.language_label,LANGUAGE,மொழி,translated,
voice_search.listening,Listening… speak your skill,கேட்கிறது… உங்கள் திறமையை சொல்லுங்கள்,translated,
voice_search.prompt,What kind of work are you looking for?,நீங்கள் என்ன வகையான வேலை தேடுகிறீர்கள்?,translated,
voice_search.tell_your_skill,Tell your skill…,உங்கள் திறமையை சொல்லுங்கள்…,translated,
voice_search.unavailable,Voice input isn't available on this device. Type your search below.,இந்த சாதனத்தில் குரல் உள்ளீடு கிடைக்கவில்லை. கீழே தட்டச்சு செய்து தேடவும்.,translated,
voice_search.input_listening,Listening…,கேட்கிறது…,translated,
voice_search.input_placeholder,Or type to search,அல்லது தேட தட்டச்சு செய்யுங்கள்,translated,
voice_search.search_jobs,Search jobs,வேலை தேடு,translated,
voice_search.a11y_search_jobs,Search jobs,வேலை தேடு,translated,
voice_search.popular_searches,POPULAR SEARCHES,பிரபல தேடல்கள்,translated,
voice_search.popular_delivery,Delivery jobs,டெலிவரி வேலைகள்,translated,
voice_search.popular_electrician,Electrician jobs,மின்னியல் வேலைகள்,translated,
voice_search.popular_driver,Driver jobs,ஓட்டுநர் வேலைகள்,translated,
voice_search.popular_helper,Helper jobs,உதவியாளர் வேலைகள்,translated,
voice_search.popular_mason,Mason jobs,கொத்தனார் வேலைகள்,translated,
auth.welcome.eyebrow,DOONDO,டூண்டோ,translated,
auth.welcome.hero,Hire nearby.,அருகில் வேலைக்கு எடுக்கவும்.,translated,
auth.welcome.tagline,"Doondo connects you with work in your city, area, and walking radius.","டூண்டோ உங்களை உங்கள் நகரம், பகுதி மற்றும் நடந்து செல்ல முடியும் தூரத்தில் உள்ள வேலைகளுடன் இணைக்கிறது.",translated,
auth.welcome.cta_create,Create your account,உங்கள் கணக்கை உருவாக்கு,translated,
auth.welcome.cta_have_account,I already have an account,என்னிடம் ஏற்கனவே கணக்கு உள்ளது,translated,
auth.welcome.terms,By continuing you agree to Doondo's Terms and Privacy Policy.,தொடர்வதன் மூலம் நீங்கள் டூண்டோவின் விதிமுறைகள் மற்றும் தனியுரிமை கொள்கையை ஏற்கிறீர்கள்.,translated,
auth.onboarding.brand,Doondo,டூண்டோ,translated,
auth.onboarding.skip,Skip,தவிர்,translated,
auth.onboarding.next,Next,அடுத்து,translated,
auth.onboarding.get_started,Get started,தொடங்கு,translated,
auth.onboarding.slide1_eyebrow,JUST SPEAK,பேசுங்கள்,translated,
auth.onboarding.slide1_title,Find work by voice,குரல் மூலம் வேலை கண்டறி,translated,
auth.onboarding.slide1_body,"Tell us what you're looking for in your language — English, Kannada, Hindi, Tamil, or Telugu. We do the searching.","உங்கள் மொழியில் நீங்கள் எதைத் தேடுகிறீர்கள் என்று சொல்லுங்கள் — ஆங்கிலம், கன்னடம், ஹிந்தி, தமிழ் அல்லது தெலுங்கு. தேடுவது எங்கள் வேலை.",translated,
auth.onboarding.slide2_eyebrow,ONE TAP,ஒரு தட்டல்,translated,
auth.onboarding.slide2_title,Apply in seconds,நொடிகளில் விண்ணப்பி,translated,
auth.onboarding.slide2_body,See nearby jobs that match your skills. Tap Apply Now and you’re done. The employer sees your profile right away.,உங்கள் திறமைகளுக்கு பொருந்தும் அருகிலுள்ள வேலைகளை பாருங்கள். Apply Now தட்டி — முடிந்தது. தொழில்தந்தை உடனே உங்கள் சுயவிவரம் பார்ப்பார்.,translated,
auth.onboarding.slide3_eyebrow,BUILD TRUST,நம்பிக்கையை வளர்க்கவும்,translated,
auth.onboarding.slide3_title,"Get hired, get rated","வேலைக்கு எடுக்கப்படு, மதிப்பீடு பெறு",translated,
auth.onboarding.slide3_body,"Every hire shows up in your earnings. After the work's done, you and the employer rate each other — your reputation grows.","ஒவ்வொரு வேலைக்கு எடுக்கப்படுவதும் உங்கள் வருமானத்தில் தெரியும். வேலை முடிந்த பிறகு, நீங்களும் தொழில்தந்தையும் ஒருவருக்கொருவர் மதிப்பீடு செய்கிறீர்கள் — உங்கள் நற்பெயர் வளரும்.",translated,
auth.login.eyebrow,SIGN IN,உள்நுழைவு,translated,
auth.login.title,Welcome back,மீண்டும் வரவேற்கிறோம்,translated,
auth.login.eyebrow_seeker,SIGN IN AS JOB SEEKER,,MISSING — needs translation,
auth.login.eyebrow_employer,SIGN IN AS EMPLOYER,,MISSING — needs translation,
auth.login.title_seeker,Welcome back,,MISSING — needs translation,
auth.login.title_employer,Welcome back,,MISSING — needs translation,
auth.login.role_toggle_seeker,Job seeker,,MISSING — needs translation,
auth.login.role_toggle_employer,Employer,,MISSING — needs translation,
auth.login.email_label,Email,ஈமெயில்,translated,
auth.login.email_placeholder,you@example.com,you@example.com,translated,
auth.login.password_label,Password,கடவுச்சொல்,translated,
auth.login.password_placeholder,At least 8 characters,குறைந்தது 8 எழுத்துகள்,translated,
auth.login.cta_signin,Sign in,உள்நுழை,translated,
auth.login.cta_signin_seeker,Sign in as job seeker,,MISSING — needs translation,
auth.login.cta_signin_employer,Sign in as employer,,MISSING — needs translation,
auth.login.cta_signing_in,Signing in…,உள்நுழைகிறது…,translated,
auth.login.cta_forgot,Forgot password?,கடவுச்சொல் மறந்துவிட்டதா?,translated,
auth.login.remember_me,Remember me,என்னை நினைவில் கொள்,translated,
auth.login.or_divider,OR,அல்லது,translated,
auth.login.continue_with_google,Continue with Google,Google மூலம் தொடரவும்,translated,
auth.login.no_account,Don't have an account?,கணக்கு இல்லையா?,translated,
auth.login.create_one,Create one,உருவாக்கு,translated,
auth.login.err_email_required,Email is required,ஈமெயில் தேவை,translated,
auth.login.err_password_required,Password is required,கடவுச்சொல் தேவை,translated,
auth.login.err_role_required,Choose job seeker or employer to continue,தொடர ஜாப் சீக்கர் அல்லது எம்ப்ளாயர் என்பதைத் தேர்வுசெய்யவும்,translated,
auth.login.err_invalid_credentials,Email or password is incorrect.,ஈமெயில் அல்லது கடவுச்சொல் தவறு.,translated,
auth.login.err_rate_limited,Too many sign-in attempts. Try again in a minute.,அதிக உள்நுழைவு முயற்சிகள். ஒரு நிமிடம் கழித்து முயற்சிக்கவும்.,translated,
auth.login.err_generic,Something went wrong. Please try again.,ஏதோ தவறு. மீண்டும் முயற்சிக்கவும்.,translated,
auth.login.role_picker_eyebrow,"ONE EMAIL, TWO ACCOUNTS",,MISSING — needs translation,
auth.login.role_picker_title,Which account?,,MISSING — needs translation,
auth.login.role_picker_subtitle,You have both a job seeker and an employer account on this email. Pick which one you want to sign in to.,,MISSING — needs translation,
auth.login.role_picker_option_seeker,Job seeker,,MISSING — needs translation,
auth.login.role_picker_option_seeker_subtitle,"Find work, apply to jobs, build your profile",,MISSING — needs translation,
auth.login.role_picker_option_employer,Employer,,MISSING — needs translation,
auth.login.role_picker_option_employer_subtitle,"Post jobs, review applicants, hire workers",,MISSING — needs translation,
auth.login.role_picker_cancel,Back,,MISSING — needs translation,
auth.forgot.eyebrow,RESET PASSWORD,கடவுச்சொல் மீட்டமை,translated,
auth.forgot.title,Enter your phone,உங்கள் தொலைபேசியை உள்ளிடவும்,translated,
auth.forgot.subtitle,We'll text a 6-digit code to the number on your account.,உங்கள் கணக்கின் எண்ணுக்கு 6-இலக்க குறியீட்டை SMS அனுப்புவோம்.,translated,
auth.forgot.phone_label,Phone,தொலைபேசி,translated,
auth.forgot.phone_placeholder,+91 9876543210,+91 9876543210,translated,
auth.forgot.cta_send,Send code,குறியீடு அனுப்பு,translated,
auth.forgot.cta_sending,Sending code…,அனுப்புகிறது…,translated,
auth.forgot.cta_back,Back to sign in,உள்நுழைவுக்கு திரும்பு,translated,
auth.forgot.err_phone_required,Phone number is required,தொலைபேசி தேவை,translated,
auth.forgot.err_phone_invalid,Enter a valid phone number,சரியான தொலைபேசி எண்ணை உள்ளிடவும்,translated,
auth.forgot.err_rate_limited,Too many reset requests. Try again in a minute.,அதிக மீட்டமை கோரிக்கைகள். ஒரு நிமிடம் கழித்து முயற்சிக்கவும்.,translated,
auth.forgot.err_generic,Something went wrong. Please try again.,ஏதோ தவறு. மீண்டும் முயற்சிக்கவும்.,translated,
auth.forgot_code.eyebrow,RESET PASSWORD,கடவுச்சொல் மீட்டமை,translated,
auth.forgot_code.title,Enter the code,குறியீட்டை உள்ளிடவும்,translated,
auth.forgot_code.subtitle,We sent a 6-digit code to {{phone}}. It expires in 10 minutes.,{{phone}}க்கு 6-இலக்க குறியீட்டை அனுப்பினோம். இது 10 நிமிடங்களில் காலாவதியாகும்.,translated,
auth.forgot_code.code_label,6-digit code,6-இலக்க குறியீடு,translated,
auth.forgot_code.code_placeholder,123456,123456,translated,
auth.forgot_code.cta_verify,Verify code,குறியீட்டை சரிபார்,translated,
auth.forgot_code.cta_verifying,Verifying…,சரிபார்க்கிறது…,translated,
auth.forgot_code.cta_resend,Resend code,குறியீட்டை மீண்டும் அனுப்பு,translated,
auth.forgot_code.cta_resending,Sending…,அனுப்புகிறது…,translated,
auth.forgot_code.cta_different_number,Use a different number,வேறு எண் பயன்படுத்து,translated,
auth.forgot_code.err_code_invalid,Enter the 6-digit code,6-இலக்க குறியீட்டை உள்ளிடவும்,translated,
auth.forgot_code.err_code_wrong,That code is incorrect. Try again.,அந்த குறியீடு தவறு. மீண்டும் முயற்சிக்கவும்.,translated,
auth.forgot_code.err_code_expired,This code has expired. Request a new one.,இந்த குறியீடு காலாவதியானது. புதியதை கோருங்கள்.,translated,
auth.forgot_code.err_code_too_many,Too many wrong attempts. Request a new code.,அதிக தவறான முயற்சிகள். புதிய குறியீட்டை கோருங்கள்.,translated,
auth.forgot_code.err_code_not_found,No active code for this number. Request a new one.,இந்த எண்ணுக்கு செயலில் உள்ள குறியீடு இல்லை. புதியதை கோருங்கள்.,translated,
auth.forgot_code.err_rate_limited,Too many attempts. Try again in a minute.,அதிக முயற்சிகள். ஒரு நிமிடம் கழித்து முயற்சிக்கவும்.,translated,
auth.forgot_code.err_resend_rate,Slow down — wait a minute before requesting another code.,மெதுவாக — மற்றொரு குறியீட்டை கோரும் முன் ஒரு நிமிடம் காத்திருக்கவும்.,translated,
auth.forgot_code.err_resend_generic,Could not resend the code. Try again in a moment.,குறியீட்டை மீண்டும் அனுப்ப முடியவில்லை. சிறிது நேரம் கழித்து முயற்சிக்கவும்.,translated,
auth.forgot_code.err_generic,Something went wrong. Please try again.,ஏதோ தவறு. மீண்டும் முயற்சிக்கவும்.,translated,
auth.reset.eyebrow,RESET PASSWORD,கடவுச்சொல் மீட்டமை,translated,
auth.reset.title,Set a new password,புதிய கடவுச்சொல்லை அமை,translated,
auth.reset.subtitle,Pick something you'll remember. We'll sign you out everywhere else when you save.,நீங்கள் நினைவில் வைக்கக்கூடியதை தேர்வு செய்யுங்கள். சேமிக்கும் போது மற்ற எல்லா இடங்களிலிருந்தும் உங்களை வெளியேற்றுவோம்.,translated,
auth.reset.password_label,New password,புதிய கடவுச்சொல்,translated,
auth.reset.password_placeholder,"8+ chars, mix letters and numbers","8+ எழுத்துகள், எழுத்து மற்றும் எண் கலந்து",translated,
auth.reset.confirm_label,Confirm new password,புதிய கடவுச்சொல்லை உறுதிப்படுத்து,translated,
auth.reset.confirm_placeholder,Type it again,மீண்டும் தட்டச்சு செய்,translated,
auth.reset.cta_save,Save new password,புதிய கடவுச்சொல்லை சேமி,translated,
auth.reset.cta_saving,Saving…,சேமிக்கிறது…,translated,
auth.reset.cta_start_over,Start over,மீண்டும் தொடங்கு,translated,
auth.reset.done_eyebrow,ALL SET,அனைத்தும் தயார்,translated,
auth.reset.done_title,Password updated,கடவுச்சொல் புதுப்பிக்கப்பட்டது,translated,
auth.reset.done_body,Sign in with your new password to continue. We've signed you out of every other device for safety.,தொடர புதிய கடவுச்சொல்லை பயன்படுத்தி உள்நுழைய. பாதுகாப்பிற்காக மற்ற எல்லா சாதனங்களிலிருந்தும் உங்களை வெளியேற்றினோம்.,translated,
auth.reset.done_cta,Back to sign in,உள்நுழைவுக்கு திரும்பு,translated,
auth.reset.err_choose,Choose a password,கடவுச்சொல் தேர்வு செய்,translated,
auth.reset.err_too_short,At least 8 characters,குறைந்தது 8 எழுத்துகள்,translated,
auth.reset.err_mix,Mix letters and numbers,எழுத்து மற்றும் எண் கலந்து,translated,
auth.reset.err_no_match,Passwords don't match,கடவுச்சொற்கள் பொருந்தவில்லை,translated,
auth.reset.err_token_expired,This reset code expired. Start over to get a new one.,இந்த மீட்டமை குறியீடு காலாவதியானது. புதிய ஒன்றை பெற மீண்டும் தொடங்கு.,translated,
auth.reset.err_token_invalid,This reset link is no longer valid. Start over.,இந்த மீட்டமை இணைப்பு செல்லாது. மீண்டும் தொடங்கு.,translated,
auth.reset.err_generic,Something went wrong. Please try again.,ஏதோ தவறு. மீண்டும் முயற்சிக்கவும்.,translated,
auth.signup.eyebrow,CREATE ACCOUNT,கணக்கை உருவாக்கு,translated,
auth.signup.title,Join Doondo,டூண்டோவில் சேருங்கள்,translated,
auth.signup.role_label,I want to,நான் விரும்புகிறேன்,translated,
auth.signup.role_seeker,Find work,வேலை கண்டறி,translated,
auth.signup.role_seeker_helper,I'm looking for a job,நான் வேலை தேடுகிறேன்,translated,
auth.signup.role_employer,Hire workers,தொழிலாளர்களை வேலைக்கு எடு,translated,
auth.signup.role_employer_helper,I'm posting jobs,நான் வேலை இடுகிறேன்,translated,
auth.signup.worktype_label,I am applying as,நான் இவ்வாறு விண்ணப்பிக்கிறேன்,translated,
auth.signup.worktype_solo,Solo,தனியாக,translated,
auth.signup.worktype_solo_helper,One person applying,ஒரு நபர் விண்ணப்பிக்கிறார்,translated,
auth.signup.worktype_team,Team,குழு,translated,
auth.signup.worktype_team_helper,Applying with a crew,குழுவுடன் விண்ணப்பிக்கிறோம்,translated,
auth.signup.team_size_label,Team size,குழு அளவு,translated,
auth.signup.team_size_placeholder,2,2,translated,
auth.signup.team_size_helper,How many people are applying together?,எத்தனை பேர் சேர்ந்து விண்ணப்பிக்கிறீர்கள்?,translated,
auth.signup.name_label,Name,பெயர்,translated,
auth.signup.name_label_worker,Worker's name,தொழிலாளியின் பெயர்,translated,
auth.signup.name_placeholder_seeker,Your full name,உங்கள் முழுப் பெயர்,translated,
auth.signup.name_placeholder_employer,Your business name,உங்கள் வணிகத்தின் பெயர்,translated,
auth.signup.name_placeholder_worker,The worker's full name,தொழிலாளியின் முழுப் பெயர்,translated,
auth.signup.name_helper_assisted,Not your name — the person who will use this account.,உங்கள் பெயர் அல்ல — இந்த கணக்கை பயன்படுத்தும் நபர்.,translated,
auth.signup.email_label,Email,ஈமெயில்,translated,
auth.signup.email_placeholder,you@example.com,you@example.com,translated,
auth.signup.email_placeholder_worker,"Worker's email, if any","தொழிலாளியின் ஈமெயில், இருந்தால்",translated,
auth.signup.email_helper_assisted,"If they don't have one, use yours — you can change it later.",அவர்களிடம் இல்லை என்றால் உங்களுடையதை பயன்படுத்துங்கள் — பின்னர் மாற்றலாம்.,translated,
auth.signup.password_label,Password,கடவுச்சொல்,translated,
auth.signup.password_placeholder,"8+ chars, mix letters and numbers","8+ எழுத்துகள், எழுத்து மற்றும் எண் கலந்து",translated,
auth.signup.password_helper_assisted,Share this with the worker so they can sign in on any phone.,எந்த தொலைபேசியிலும் உள்நுழைய தொழிலாளியுடன் பகிர்ந்து கொள்ளுங்கள்.,translated,
auth.signup.phone_label,Phone,தொலைபேசி,translated,
auth.signup.phone_label_worker,Worker's phone,தொழிலாளியின் தொலைபேசி,translated,
auth.signup.phone_placeholder,+91 9876543210,+91 9876543210,translated,
auth.signup.phone_helper,Used to reset your password if you forget it.,கடவுச்சொல் மறந்தால் மீட்டமைக்க பயன்படுகிறது.,translated,
auth.signup.phone_helper_worker,The worker's number — employers will call here.,தொழிலாளியின் எண் — தொழில்தந்தைகள் இங்கே அழைப்பார்கள்.,translated,
auth.signup.cta_create,Create account,கணக்கை உருவாக்கு,translated,
auth.signup.cta_creating,Creating account…,கணக்கை உருவாக்குகிறோம்…,translated,
auth.signup.have_account,Already have an account?,ஏற்கனவே கணக்கு உள்ளதா?,translated,
auth.signup.sign_in,Sign in,உள்நுழை,translated,
auth.signup.assisted_title,Setting this up for someone else?,வேறொருவருக்காக அமைக்கிறீர்களா?,translated,
auth.signup.assisted_body,Common for family members helping a worker who can't use the app alone.,தனியாக ஆப் பயன்படுத்த முடியாத தொழிலாளர்களுக்கு குடும்ப உறுப்பினர்கள் உதவுவது வழக்கம்.,translated,
auth.signup.assisted_a11y,Setting this up for someone else,வேறொருவருக்காக அமைக்கிறீர்களா,translated,
auth.signup.assisted_banner,"Enter the worker's name, phone and email below — not yours. Job alerts and employer calls will go to the phone you enter. Share the password with them so they can sign in.","கீழே தொழிலாளியின் பெயர், தொலைபேசி மற்றும் ஈமெயில் உள்ளிடுங்கள் — உங்களுடையது அல்ல. வேலை எச்சரிக்கைகள் மற்றும் தொழில்தந்தை அழைப்புகள் நீங்கள் உள்ளிடும் தொலைபேசிக்கு செல்லும். உள்நுழைய அவர்களிடம் கடவுச்சொல்லை பகிர்ந்து கொள்ளுங்கள்.",translated,
auth.signup.err_name_seeker,Your name helps employers recognize you,உங்கள் பெயர் தொழில்தந்தைகள் உங்களை அடையாளம் காண உதவுகிறது,translated,
auth.signup.err_name_employer,Your business name helps workers recognize you,உங்கள் வணிகப் பெயர் தொழிலாளர்கள் உங்களை அடையாளம் காண உதவுகிறது,translated,
auth.signup.err_email_required,Email is required,ஈமெயில் தேவை,translated,
auth.signup.err_password_required,Choose a password,கடவுச்சொல் தேர்வு செய்,translated,
auth.signup.err_password_short,At least 8 characters,குறைந்தது 8 எழுத்துகள்,translated,
auth.signup.err_password_mix,Mix letters and numbers,எழுத்து மற்றும் எண் கலந்து,translated,
auth.signup.err_phone_required,We'll use this to reset your password if you forget it,கடவுச்சொல் மறந்தால் மீட்டமைக்க இதை பயன்படுத்துவோம்,translated,
auth.signup.err_phone_invalid,Enter a valid phone number,சரியான தொலைபேசி எண் உள்ளிடவும்,translated,
auth.signup.err_team_min,Team size must be at least 2,குழு அளவு குறைந்தது 2 இருக்க வேண்டும்,translated,
auth.signup.err_team_max,Keep team size to 50 or fewer,குழு அளவை 50 அல்லது குறைவாக வைத்திருங்கள்,translated,
auth.signup.err_email_taken,An account with this email already exists,இந்த ஈமெயிலுடன் கணக்கு ஏற்கனவே உள்ளது,translated,
auth.signup.err_rate_limited,Too many attempts. Try again in a minute.,அதிக முயற்சிகள். ஒரு நிமிடம் கழித்து முயற்சிக்கவும்.,translated,
auth.signup.err_generic,Something went wrong. Please try again.,ஏதோ தவறு. மீண்டும் முயற்சிக்கவும்.,translated,
auth.add_account_signup.eyebrow_employer,ADD EMPLOYER ACCOUNT,தொழில்தந்தை கணக்கை சேர்,translated,
auth.add_account_signup.eyebrow_default,ADD ACCOUNT,கணக்கை சேர்,translated,
auth.add_account_signup.title_employer,Start hiring on Doondo,டூண்டோவில் வேலைக்கு எடுக்க தொடங்குங்கள்,translated,
auth.add_account_signup.title_default,Add another account,மற்றொரு கணக்கை சேர்,translated,
auth.add_account_signup.subtitle_seeker,Your seeker account stays signed in — you can switch back any time from your profile.,உங்கள் சீக்கர் கணக்கு உள்நுழைந்திருக்கும் — உங்கள் சுயவிவரத்திலிருந்து எப்போது வேண்டுமானாலும் திரும்பி மாறலாம்.,translated,
auth.add_account_signup.subtitle_default,Your current account stays signed in — you can switch back any time from your profile.,உங்கள் தற்போதைய கணக்கு உள்நுழைந்திருக்கும் — சுயவிவரத்திலிருந்து எப்போது வேண்டுமானாலும் திரும்பி மாறலாம்.,translated,
auth.add_account_signup.banner_title,You're creating an Employer account,நீங்கள் ஒரு தொழில்தந்தை கணக்கை உருவாக்குகிறீர்கள்,translated,
auth.add_account_signup.banner_body,"Post jobs, review applicants, and chat with workers.","வேலைகளை இடுங்கள், விண்ணப்பதாரர்களை மதிப்பாய்வு செய்யுங்கள் மற்றும் தொழிலாளர்களுடன் அரட்டையடியுங்கள்.",translated,
auth.add_account_signup.name_label_employer,Business name,வணிகப் பெயர்,translated,
auth.add_account_signup.name_label_default,Name,பெயர்,translated,
auth.add_account_signup.name_placeholder_employer,Your business or company name,உங்கள் வணிகம் அல்லது நிறுவனத்தின் பெயர்,translated,
auth.add_account_signup.name_placeholder_default,Your full name,உங்கள் முழுப் பெயர்,translated,
auth.add_account_signup.name_helper_employer,This is what workers will see on your job posts.,உங்கள் வேலை இடுகைகளில் தொழிலாளர்கள் இதை பார்ப்பார்கள்.,translated,
auth.add_account_signup.email_label,Email,ஈமெயில்,translated,
auth.add_account_signup.email_placeholder,employer@example.com,employer@example.com,translated,
auth.add_account_signup.email_helper,We've prefilled the email and phone from your current account — you can keep them as-is or use different ones.,உங்கள் தற்போதைய கணக்கின் ஈமெயிலிலிருந்து வேறுபட்டதாக இருக்க வேண்டும்.,translated,
auth.add_account_signup.password_label,Password,கடவுச்சொல்,translated,
auth.add_account_signup.password_placeholder,"8+ chars, mix letters and numbers","8+ எழுத்துகள், எழுத்து மற்றும் எண் கலந்து",translated,
auth.add_account_signup.phone_label,Phone,தொலைபேசி,translated,
auth.add_account_signup.phone_placeholder,+91 9876543210,+91 9876543210,translated,
auth.add_account_signup.phone_helper,Used to reset your password if you forget it.,கடவுச்சொல் மறந்தால் மீட்டமைக்க பயன்படுகிறது.,translated,
auth.add_account_signup.cta_create_employer,Create employer account,தொழில்தந்தை கணக்கை உருவாக்கு,translated,
auth.add_account_signup.cta_create_default,Create account,கணக்கை உருவாக்கு,translated,
auth.add_account_signup.cta_creating,Creating account…,கணக்கை உருவாக்குகிறோம்…,translated,
auth.add_account_signup.cta_cancel,Cancel,ரத்து,translated,
auth.add_account_signup.err_name_employer,Your business name helps workers recognize you,வணிகப் பெயர் தொழிலாளர்கள் அடையாளம் காண உதவுகிறது,translated,
auth.add_account_signup.err_name_default,Your name helps employers recognize you,உங்கள் பெயர் தொழில்தந்தைகள் அடையாளம் காண உதவுகிறது,translated,
auth.add_account_signup.err_email_required,Email is required,ஈமெயில் தேவை,translated,
auth.add_account_signup.err_password_required,Choose a password,கடவுச்சொல் தேர்வு செய்,translated,
auth.add_account_signup.err_password_short,At least 8 characters,குறைந்தது 8 எழுத்துகள்,translated,
auth.add_account_signup.err_password_mix,Mix letters and numbers,எழுத்து மற்றும் எண் கலந்து,translated,
auth.add_account_signup.err_phone_required,We'll use this to reset your password if you forget it,கடவுச்சொல் மறந்தால் மீட்டமைக்க இதை பயன்படுத்துவோம்,translated,
auth.add_account_signup.err_phone_invalid,Enter a valid phone number,சரியான தொலைபேசி எண் உள்ளிடவும்,translated,
auth.add_account_signup.err_email_taken,You already have an employer account on this email. Switch to it from your profile instead.,இந்த ஈமெயிலுடன் கணக்கு ஏற்கனவே உள்ளது — இந்த தொழில்தந்தை கணக்கிற்கு வேறு ஈமெயில் பயன்படுத்தவும்,translated,
auth.add_account_signup.err_rate_limited,Too many attempts. Try again in a minute.,அதிக முயற்சிகள். ஒரு நிமிடம் கழித்து முயற்சிக்கவும்.,translated,
auth.add_account_signup.err_generic,Something went wrong. Please try again.,ஏதோ தவறு. மீண்டும் முயற்சிக்கவும்.,translated,
auth.add_account_signup.login_eyebrow,SIGN IN TO ANOTHER ACCOUNT,மற்றொரு கணக்கில் உள்நுழையவும்,translated,
auth.add_account_signup.login_title,Sign in to add an account,கணக்கைச் சேர்க்க உள்நுழையவும்,translated,
auth.add_account_signup.login_subtitle,Sign in to an account you already have. It's added next to this one — both stay signed in.,உங்களிடம் ஏற்கனவே உள்ள கணக்கில் உள்நுழையவும். அது இந்தக் கணக்குடன் சேர்க்கப்படும் — இரண்டும் உள்நுழைந்தே இருக்கும்.,translated,
auth.add_account_signup.cta_signin,Sign in & add account,உள்நுழைந்து கணக்கைச் சேர்,translated,
auth.add_account_signup.cta_signing_in,Signing in…,உள்நுழைகிறது…,translated,
auth.add_account_signup.have_account_q,Already have an account?,ஏற்கனவே கணக்கு உள்ளதா?,translated,
auth.add_account_signup.have_account_cta,Sign in,உள்நுழையவும்,translated,
auth.add_account_signup.no_account_q,Need a new account?,புதிய கணக்கு வேண்டுமா?,translated,
auth.add_account_signup.no_account_cta,Create one,ஒன்றை உருவாக்கு,translated,
auth.add_account_signup.err_invalid_credentials,Email or password is incorrect,மின்னஞ்சல் அல்லது கடவுச்சொல் தவறானது,translated,
auth.add_account_signup.cta_forgot,Forgot password?,,MISSING — needs translation,
auth.add_account_signup.recovery_eyebrow,ACCOUNT ALREADY EXISTS,,MISSING — needs translation,
auth.add_account_signup.recovery_title_employer,You already have an employer account,,MISSING — needs translation,
auth.add_account_signup.recovery_title_default,You already have an account,,MISSING — needs translation,
auth.add_account_signup.recovery_subtitle,There's already an account on {{email}}. Pick how you'd like to continue.,,MISSING — needs translation,
auth.add_account_signup.recovery_card_title,Two ways to get back in,,MISSING — needs translation,
auth.add_account_signup.recovery_card_body,"If you remember the password, sign in to add the account to this device. If not, reset it — we'll text a code to the phone on file.",,MISSING — needs translation,
auth.add_account_signup.recovery_signin_employer,Sign in to my employer account,,MISSING — needs translation,
auth.add_account_signup.recovery_signin_default,Sign in to that account,,MISSING — needs translation,
auth.add_account_signup.recovery_forgot,Forgot password? Reset it,,MISSING — needs translation,
auth.add_account_signup.recovery_back,Use a different email,,MISSING — needs translation,
role_picker.eyebrow,"LESS WHO HIRED THEM?, MORE WHO FOUND THEM? 😌",யார் வேலைக்கு எடுத்தார்கள்? என்பதை விட யார் கண்டுபிடித்தார்கள்? 😌,translated,
role_picker.title,Choose your side.,உங்கள் பக்கத்தை தேர்வு செய்.,translated,
role_picker.subtitle,One clean start for finding work or building a team nearby.,அருகில் வேலை கண்டறிய அல்லது குழுவை உருவாக்க ஒரு சுத்தமான தொடக்கம்.,translated,
role_picker.sign_in,Sign in,உள்நுழை,translated,
role_picker.seeker_badge,FOR JOB SEEKERS,வேலை தேடுபவர்களுக்காக,translated,
role_picker.seeker_body,"Discover local jobs that match your skills, schedule, and lifestyle.","உங்கள் திறமைகள், அட்டவணை மற்றும் வாழ்க்கை முறைக்கு பொருந்தும் உள்ளூர் வேலைகளை கண்டறியுங்கள்.",translated,
role_picker.seeker_headline,Find work near you.,அருகில் வேலை கண்டறியுங்கள்.,translated,
role_picker.seeker_cta,I'm looking for work,நான் வேலை தேடுகிறேன்,translated,
role_picker.seeker_subtext,Find jobs near you,அருகிலுள்ள வேலைகளை கண்டறியுங்கள்,translated,
role_picker.employer_badge,FOR EMPLOYERS,தொழில்தந்தைகளுக்காக,translated,
role_picker.employer_body,Find reliable people nearby and hire faster without the usual friction.,அருகிலுள்ள நம்பகமான மக்களை கண்டறிந்து வழக்கமான தடைகள் இல்லாமல் வேகமாக வேலைக்கு எடுங்கள்.,translated,
role_picker.employer_headline,Find people to hire.,வேலைக்கு எடுக்க மக்களை கண்டறியுங்கள்.,translated,
role_picker.employer_cta,I'm hiring,நான் ஆட்களை வேலைக்கு எடுக்கிறேன்,translated,
role_picker.employer_subtext,Find skilled people nearby,அருகிலுள்ள திறமையான மக்களை கண்டறியுங்கள்,translated,
role_picker.how_eyebrow,HOW IT WORKS,இது எப்படி வேலை செய்கிறது,translated,
role_picker.how_step1_title,Choose your side,உங்கள் பக்கத்தை தேர்வு செய்,translated,
role_picker.how_step1_body,Job seeker or employer.,வேலை தேடுபவர் அல்லது தொழில்தந்தை.,translated,
role_picker.how_step2_title,Set your area,உங்கள் பகுதியை அமை,translated,
role_picker.how_step2_body,Find work or hires nearby.,அருகில் வேலை அல்லது வேலைக்கு எடுத்தல்.,translated,
role_picker.how_step3_title,Match in hours,மணிநேரத்தில் பொருத்தம்,translated,
role_picker.how_step3_body,"Real people, real fast.","உண்மையான மக்கள், உண்மையான வேகமாக.",translated,
role_picker.push_all_set,You're all set — notifications are on.,நீங்கள் தயார் — அறிவிப்புகள் ஆன் ஆகியுள்ளன.,translated,
role_picker.push_dev_build,Notifications need a development build (Phase 5).,அறிவிப்புகளுக்கு டெவெலப்மென்ட் பில்ட் தேவை (Phase 5).,translated,
role_picker.push_granted,Notifications are on. We will let you know when there is news.,அறிவிப்புகள் ஆன் ஆகியுள்ளன. செய்தி இருக்கும்போது தெரிவிப்போம்.,translated,
role_picker.push_denied,Notifications are off. Enable from Settings if you change your mind.,அறிவிப்புகள் ஆஃப் ஆகியுள்ளன. மனம் மாறினால் அமைப்புகளிலிருந்து இயக்கவும்.,translated,
role_picker.sheet_eyebrow,FIND WORK,வேலை கண்டறி,translated,
role_picker.sheet_title,Solo or as a team?,தனியாக அல்லது குழுவாக?,translated,
role_picker.sheet_subtitle,Pick how you'll be applying. You can change this later.,நீங்கள் எப்படி விண்ணப்பிப்பீர்கள் என்று தேர்வு செய்யுங்கள். பின்னர் மாற்றலாம்.,translated,
role_picker.sheet_solo,Solo,தனியாக,translated,
role_picker.sheet_solo_sub,Just me,நான் மட்டும்,translated,
role_picker.sheet_team,Team,குழு,translated,
role_picker.sheet_team_sub,A small group,சிறு குழு,translated,
role_picker.sheet_team_label,HOW MANY MEMBERS?,எத்தனை உறுப்பினர்கள்?,translated,
role_picker.sheet_team_more,Need more than 20? Pick the closest — you can refine the exact number on the next screen.,20-க்கு மேல் வேண்டுமா? அருகில் உள்ளதை தேர்வு செய்யுங்கள் — அடுத்த திரையில் சரியான எண்ணை உள்ளிடலாம்.,translated,
role_picker.sheet_cancel,Cancel,ரத்து,translated,
role_picker.sheet_continue,Continue,தொடரு,translated,
role_picker.footer_tagline,We all had an 'ex'. Now hire better,நம் அனைவருக்கும் ஒரு 'எக்ஸ்' இருந்தது. இப்போது சிறப்பாக வேலைக்கு எடு,translated,
role_picker.footer_meta,Bengaluru 🇮🇳  ·  est. 2025  ·  v{{version}},பெங்களூரு 🇮🇳  ·  est. 2025  ·  v{{version}},translated,
role_picker.footer_terms,Terms,விதிமுறைகள்,translated,
role_picker.footer_privacy,Privacy,தனியுரிமை,translated,
role_picker.footer_support,Support,ஆதரவு,translated,
role_picker.ticker_live,LIVE,நேரடி,translated,
employer.trusted_workers.heading,Rated highly by other employers near you,,MISSING — needs translation,
employer.trusted_workers.rated_by,★{{avg}} · rated by {{n}} local employers,,MISSING — needs translation,
employer.trusted_workers.call,Call,,MISSING — needs translation,
employer.past_applicants.heading,{{n}} applied to you before — free nearby now,,MISSING — needs translation,
employer.past_applicants.applied_for,Applied for {{title}},,MISSING — needs translation,
employer.past_applicants.applied_before,Applied to you before,,MISSING — needs translation,
employer.past_applicants.call,Call,,MISSING — needs translation,
employer.work_proof.label,WORK PHOTO,,MISSING — needs translation,
employer.work_proof.awaiting,Waiting for the worker to send a photo of the finished job.,,MISSING — needs translation,
employer.work_proof.approve,Approve,,MISSING — needs translation,
employer.work_proof.reject,Reject,,MISSING — needs translation,
employer.work_proof.approved,Approved ✓,,MISSING — needs translation,
employer.work_proof.rejected,Rejected — worker can resubmit,,MISSING — needs translation,
employer.offer.label,OFFER,,MISSING — needs translation,
employer.offer.pending,Offer sent — {{when}},,MISSING — needs translation,
employer.offer.accepted,Offer accepted ✓,,MISSING — needs translation,
employer.offer.declined,Candidate declined,,MISSING — needs translation,
employer.offer.expired,Offer expired — no reply,,MISSING — needs translation,
employer.offer.countered,Worker counter-offered ₹{{wage}},,MISSING — needs translation,
employer.offer.accept_counter,Accept ₹{{wage}},,MISSING — needs translation,
employer.offer.decline_counter,Decline,,MISSING — needs translation,
employer.offer.make_24h,Offer · 24h,,MISSING — needs translation,
employer.offer.make_48h,Offer · 48h,,MISSING — needs translation,
employer.arrival.label,WILL THEY SHOW UP?,,MISSING — needs translation,
employer.arrival.band_high,Likely,,MISSING — needs translation,
employer.arrival.band_medium,Maybe,,MISSING — needs translation,
employer.arrival.band_low,Risky,,MISSING — needs translation,
employer.arrival.score,Arrival score {{score}}/100,,MISSING — needs translation,
employer.skill_check.label,SKILL CHECK,,MISSING — needs translation,
employer.skill_check.passed,Passed the skill check,,MISSING — needs translation,
employer.skill_check.not_passed,Hasn't passed yet,,MISSING — needs translation,
employer.response_settings.title,Quiet hours,,MISSING — needs translation,
employer.response_settings.hint,We won't flag you for slow replies during these hours,,MISSING — needs translation,
employer.response_settings.sms_title,SMS new-applicant alerts,,MISSING — needs translation,
employer.response_settings.sms_hint,Get a text when someone applies — even with the app closed,,MISSING — needs translation,
employer.response_settings.from,FROM,,MISSING — needs translation,
employer.response_settings.to,TO,,MISSING — needs translation,
employer.response_settings.auto_reply_label,Auto-reply (optional),,MISSING — needs translation,
employer.response_settings.auto_reply_ph,e.g. Thanks! I'll reply in the morning.,,MISSING — needs translation,
employer.response_settings.save,Save,,MISSING — needs translation,
employer.response_settings.saving,Saving…,,MISSING — needs translation,
employer.labor_budget.label,LABOR BUDGET,,MISSING — needs translation,
employer.labor_budget.spent_of,{{spent}} of {{cap}} this {{period}},,MISSING — needs translation,
employer.labor_budget.spent_this_month,Paid out this month: {{spent}},,MISSING — needs translation,
employer.labor_budget.remaining,{{remaining}} left,,MISSING — needs translation,
employer.labor_budget.over,Over budget — heads up,,MISSING — needs translation,
employer.labor_budget.period_week,Week,,MISSING — needs translation,
employer.labor_budget.period_month,Month,,MISSING — needs translation,
employer.labor_budget.amount_label,Budget amount (₹),,MISSING — needs translation,
employer.labor_budget.set,Set a budget,,MISSING — needs translation,
employer.labor_budget.edit,Edit budget,,MISSING — needs translation,
employer.labor_budget.save,Save,,MISSING — needs translation,
employer.labor_budget.saving,Saving…,,MISSING — needs translation,
employer.labor_budget.cancel,Cancel,,MISSING — needs translation,
employer.shift_schedule.label,NEXT SHIFT,,MISSING — needs translation,
employer.shift_schedule.none,No shift scheduled yet,,MISSING — needs translation,
employer.shift_schedule.status_confirmed,Worker confirmed ✓,,MISSING — needs translation,
employer.shift_schedule.status_declined,Worker can't make it — line up a backfill,,MISSING — needs translation,
employer.shift_schedule.status_awaiting,Waiting for confirmation,,MISSING — needs translation,
employer.shift_schedule.tomorrow_morning,Tomorrow 8 AM,,MISSING — needs translation,
employer.shift_schedule.tomorrow_evening,Tomorrow 6 PM,,MISSING — needs translation,
employer.shift_schedule.on_the_way,Worker is on the way,,MISSING — needs translation,
employer.shift_schedule.on_the_way_eta,On the way · ~{{eta}} min away,,MISSING — needs translation,
employer.shift_schedule.checklist_ack,Pre-shift checklist acknowledged ✓,,MISSING — needs translation,
employer.shift_schedule.checklist_pending,Pre-shift checklist not acknowledged yet,,MISSING — needs translation,
employer.shift_schedule.endorse,👍 Great at {{skill}}? Endorse,,MISSING — needs translation,
employer.shift_schedule.endorsed,Endorsed for {{skill}} ✓,,MISSING — needs translation,
employer.documents.label,DOCUMENTS & EXPIRY,,MISSING — needs translation,
employer.documents.label_ph,Document (e.g. Driving licence),,MISSING — needs translation,
employer.documents.expiry_ph,Expiry date (YYYY-MM-DD),,MISSING — needs translation,
employer.documents.add,Add document,,MISSING — needs translation,
employer.documents.adding,Adding…,,MISSING — needs translation,
employer.documents.remove,Remove,,MISSING — needs translation,
employer.documents.expires,Expires {{date}},,MISSING — needs translation,
employer.incident.label,INCIDENT LOG (PRIVATE),,MISSING — needs translation,
employer.incident.empty,No incidents logged. Only you can see these.,,MISSING — needs translation,
employer.incident.placeholder,e.g. Arrived 40 min late,,MISSING — needs translation,
employer.incident.add_photo,Add photo,,MISSING — needs translation,
employer.incident.photo_added,Photo ✓,,MISSING — needs translation,
employer.incident.log,Log it,,MISSING — needs translation,
employer.incident.logging,Saving…,,MISSING — needs translation,
employer.moderation.block,Block,,MISSING — needs translation,
employer.moderation.report,Report,,MISSING — needs translation,
employer.moderation.cancel,Cancel,,MISSING — needs translation,
employer.moderation.block_title,Block {{name}}?,,MISSING — needs translation,
employer.moderation.block_body,They won't be able to apply to your jobs again. You can unblock later.,,MISSING — needs translation,
employer.moderation.report_title,Report this worker,,MISSING — needs translation,
employer.moderation.report_body,What's the problem? Our team will review it.,,MISSING — needs translation,
employer.moderation.report_done,Reported. Thanks — our team will take a look.,,MISSING — needs translation,
employer.moderation.reason_fake,Fake profile,,MISSING — needs translation,
employer.moderation.reason_scam,Scam,,MISSING — needs translation,
employer.moderation.reason_abusive,Abusive behaviour,,MISSING — needs translation,
employer.briefing.cta,Site briefing,,MISSING — needs translation,
employer.briefing.title,Before-you-arrive briefing,,MISSING — needs translation,
employer.briefing.hint,"Instructions + photos shown to workers you hire — park behind the shop, ask for Raju, wear boots.",,MISSING — needs translation,
employer.briefing.placeholder,"e.g. Park behind the shop, ask for Raju, wear boots",,MISSING — needs translation,
employer.briefing.add_photo,Add photo ({{n}}/3),,MISSING — needs translation,
employer.briefing.save,Save briefing,,MISSING — needs translation,
employer.briefing.saving,Saving…,,MISSING — needs translation,
employer.wage_nudge.title,Your wage is below the local rate,,MISSING — needs translation,
employer.wage_nudge.body,Similar jobs near you pay around {{median}}. Yours is {{yours}} — raising it usually pulls more applicants.,,MISSING — needs translation,
employer.bulk_message.cta,Message all {{n}} shortlisted,,MISSING — needs translation,
employer.bulk_message.title,Message {{n}} shortlisted candidates,,MISSING — needs translation,
employer.bulk_message.placeholder,"e.g. Interviews tomorrow 10–12, reply to confirm.",,MISSING — needs translation,
employer.bulk_message.send,Send to all,,MISSING — needs translation,
employer.bulk_message.sending,Sending…,,MISSING — needs translation,
employer.bulk_message.sent_title,Message sent,,MISSING — needs translation,
employer.bulk_message.sent_body,Sent to {{n}} candidates.,,MISSING — needs translation,
employer.bulk_message.fail,Couldn't send. Try again.,,MISSING — needs translation,
employer.blind_review.toggle_title,Blind first-pass,,MISSING — needs translation,
employer.blind_review.toggle_hint,Hide photos & names while you shortlist on skills,,MISSING — needs translation,
employer.blind_review.candidate_n,Candidate {{n}},,MISSING — needs translation,
employer.worker_note.label,PRIVATE NOTE,,MISSING — needs translation,
employer.worker_note.placeholder,"e.g. Great with customers, bring back for weekends",,MISSING — needs translation,
employer.worker_note.private_hint,Only you can see this. Never shown to the worker.,,MISSING — needs translation,
employer.worker_note.save,Save note,,MISSING — needs translation,
employer.worker_note.saving,Saving…,,MISSING — needs translation,
employer.worker_note.saved,Saved ✓,,MISSING — needs translation,
employer.voice_post.title,Speak your job,,MISSING — needs translation,
employer.voice_post.hint,"Tap and say it — e.g. ""2 dishwashers, Friday night, ₹600""",,MISSING — needs translation,
employer.voice_post.listening,Listening… tap to stop,,MISSING — needs translation,
employer.voice_post.thinking,Got it — filling the form…,,MISSING — needs translation,
employer.voice_post.failed,Didn't catch that. Try again or type below.,,MISSING — needs translation,
employer.voice_post.mic_label,Speak the job post,,MISSING — needs translation,
employer.voice_post.note_headcount,Need {{count}} people.,,MISSING — needs translation,
employer.voice_post.note_days,Days: {{days}}.,,MISSING — needs translation,
employer.voice_post.note_start,Starts {{time}}.,,MISSING — needs translation,
employer.back,← Back,← பின்,translated,
employer.retry,Retry,மீண்டும் முயற்சி,translated,
employer.crew.title,My crew,,MISSING — needs translation,
employer.crew.import_cta,Import workers from contacts,,MISSING — needs translation,
employer.crew.importing,Importing…,,MISSING — needs translation,
employer.crew.remove,Remove,,MISSING — needs translation,
employer.crew.rehire,Re-hire,,MISSING — needs translation,
employer.crew.rehire_pick,Re-hire {{name}} for which job?,,MISSING — needs translation,
employer.crew.rehire_no_jobs,You have no active jobs. Post one first.,,MISSING — needs translation,
employer.crew.rehire_sent_title,Offer sent,,MISSING — needs translation,
employer.crew.rehire_sent_body,We've sent them a direct offer — they'll accept or decline.,,MISSING — needs translation,
employer.crew.rehire_fail,Couldn't send the offer. They may already be hired for that job.,,MISSING — needs translation,
employer.crew.roster_title,THIS WEEK'S ROSTER,,MISSING — needs translation,
employer.crew.roster_no_days,No days set,,MISSING — needs translation,
employer.crew.roster_unfilled,Not filled yet,,MISSING — needs translation,
employer.crew.docs_expiring_title,DOCUMENTS EXPIRING SOON,,MISSING — needs translation,
employer.crew.docs_expires,Expires {{date}},,MISSING — needs translation,
employer.crew.docs_expired,Expired {{date}},,MISSING — needs translation,
employer.crew.churn_title,DRIFTING AWAY?,,MISSING — needs translation,
employer.crew.churn_row,{{hires}} hires · quiet {{days}} days,,MISSING — needs translation,
employer.crew.churn_reach_out,Reach out,,MISSING — needs translation,
employer.crew.timesheet_title,HOURS THIS MONTH,,MISSING — needs translation,
employer.crew.timesheet_export,Export,,MISSING — needs translation,
employer.crew.timesheet_row,{{hours}} · {{days}} days,,MISSING — needs translation,
employer.crew.empty_eyebrow,BUILD YOUR CREW,,MISSING — needs translation,
employer.crew.empty_title,No crew yet,,MISSING — needs translation,
employer.crew.empty_body,Import your contacts to add workers you already know — they'll be one tap away for your next job.,,MISSING — needs translation,
employer.crew.no_contacts_title,Contacts unavailable,,MISSING — needs translation,
employer.crew.no_contacts_body,Contact import isn't available on this device.,,MISSING — needs translation,
employer.crew.permission_title,Permission needed,,MISSING — needs translation,
employer.crew.permission_body,Allow contacts access to find workers you already know.,,MISSING — needs translation,
employer.crew.import_done_title,{{n}} added to your crew,,MISSING — needs translation,
employer.crew.import_done_body,{{invite}} of your contacts aren't on Doondo yet.,,MISSING — needs translation,
employer.crew.import_fail,Couldn't import contacts. Try again.,,MISSING — needs translation,
employer.crew.invite,Invite them,,MISSING — needs translation,
employer.crew.later,Later,,MISSING — needs translation,
employer.crew.invite_message,I'm hiring on Doondo — join and I'll add you to my crew: https://doondo.app,,MISSING — needs translation,
employer.needs_now.title,NEEDS YOU NOW,,MISSING — needs translation,
employer.needs_now.on_the_way_one,{{name}} is on the way,,MISSING — needs translation,
employer.needs_now.on_the_way_many,{{n}} workers are on the way,,MISSING — needs translation,
employer.needs_now.counter_one,{{name}} countered your offer,,MISSING — needs translation,
employer.needs_now.counter_many,{{n}} workers countered your offer,,MISSING — needs translation,
employer.needs_now.proof_one,1 work photo waiting for your review,,MISSING — needs translation,
employer.needs_now.proof_many,{{n}} work photos waiting for your review,,MISSING — needs translation,
employer.needs_now.waiting_one,{{name}} has been waiting over a day,,MISSING — needs translation,
employer.needs_now.waiting_many,{{n}} applicants have waited over a day,,MISSING — needs translation,
employer.needs_now.doc_one,{{sample}} document expiring,,MISSING — needs translation,
employer.needs_now.doc_many,{{n}} crew documents expiring soon,,MISSING — needs translation,
employer.project.title,Project progress,,MISSING — needs translation,
employer.project.day_of,Day {{day}} of {{total}},,MISSING — needs translation,
employer.project.range,{{start}} → {{end}},,MISSING — needs translation,
employer.project.remaining,{{n}} days left,,MISSING — needs translation,
employer.project.complete,Project complete,,MISSING — needs translation,
employer.project.days_attended,{{done}}/{{total}} days,,MISSING — needs translation,
employer.statement.cta,Monthly statement (PDF),,MISSING — needs translation,
employer.statement.generating,Preparing…,,MISSING — needs translation,
employer.statement.pdf_title,Monthly statement,,MISSING — needs translation,
employer.statement.pdf_footer,Generated by Doondo. Hours are from on-site check-ins; pay is settled UPI payments for the month.,,MISSING — needs translation,
employer.statement.share_title,Share monthly statement,,MISSING — needs translation,
employer.statement.col_worker,Worker,,MISSING — needs translation,
employer.statement.col_days,Days,,MISSING — needs translation,
employer.statement.col_shifts,Shifts,,MISSING — needs translation,
employer.statement.col_hours,Hours,,MISSING — needs translation,
employer.statement.col_paid,Paid,,MISSING — needs translation,
employer.statement.total,Total · {{n}} workers,,MISSING — needs translation,
employer.statement.empty_title,Nothing to report,,MISSING — needs translation,
employer.statement.empty_body,No worked hours or settled payments this month yet.,,MISSING — needs translation,
employer.statement.fail,Couldn't generate the statement. Try again.,,MISSING — needs translation,
employer.squad.title,SQUADS,,MISSING — needs translation,
employer.squad.new,+ New squad,,MISSING — needs translation,
employer.squad.none,No squads yet. Group workers you hire together for one-tap deploys.,,MISSING — needs translation,
employer.squad.member_count,{{n}} members,,MISSING — needs translation,
employer.squad.deploy,Deploy to job,,MISSING — needs translation,
employer.squad.delete,Delete,,MISSING — needs translation,
employer.squad.deploy_pick,"Send ""{{name}}"" to which job?",,MISSING — needs translation,
employer.squad.deploy_done_title,Squad deployed,,MISSING — needs translation,
employer.squad.deploy_done_body,Offers sent to {{sent}} members. {{failed}} couldn't be offered.,,MISSING — needs translation,
employer.squad.deploy_fail,Couldn't deploy the squad. Try again.,,MISSING — needs translation,
employer.squad.builder_title,New squad,,MISSING — needs translation,
employer.squad.name_placeholder,Squad name (e.g. Morning kitchen crew),,MISSING — needs translation,
employer.squad.save,Save squad ({{n}}),,MISSING — needs translation,
employer.squad.saving,Saving…,,MISSING — needs translation,
employer.squad.save_fail,Couldn't save the squad. The name may already be taken.,,MISSING — needs translation,
employer.workforce.eyebrow,WORKFORCE,வேலையாட்கள்,translated,
employer.workforce.title,Your team.,உங்கள் குழு.,translated,
employer.workforce.coming_soon_eyebrow,COMING SOON,விரைவில் வருகிறது,translated,
employer.workforce.coming_soon_body,"Phase 4 brings active hires, attendance, and recurring worker management to this tab.","Phase 4-இல் செயலில் உள்ள வேலைக்கு எடுத்தல், வருகை மற்றும் தொடர்ச்சியான தொழிலாளர் மேலாண்மை இந்த தாவலில் வரும்.",translated,
employer.applicant_card.reel_pill,Reel,,MISSING — needs translation,
employer.applicant_card.for_job,for {{title}},{{title}}க்காக,translated,
employer.applicant_card.anon,Anonymous,அநாமதேய,translated,
employer.applicant_card.verified,Verified,சரிபார்க்கப்பட்டது,translated,
employer.applicant_card.team_of,Team of {{n}},{{n}} பேர் கொண்ட குழு,translated,
employer.applicant_card.time_just_now,just now,இப்போதே,translated,
employer.applicant_card.time_minutes_ago,{{n}}m ago,{{n}} நிமி முன்,translated,
employer.applicant_card.time_hours_ago,{{n}}h ago,{{n}} மணி முன்,translated,
employer.applicant_card.time_days_ago,{{n}}d ago,{{n}} நாள் முன்,translated,
employer.applicant_card.status_pending,New,புதிய,translated,
employer.applicant_card.status_viewed,Viewed,பார்க்கப்பட்டது,translated,
employer.applicant_card.status_shortlisted,Shortlisted,குறுகிய பட்டியல்,translated,
employer.applicant_card.status_rejected,Rejected,நிராகரிக்கப்பட்டது,translated,
employer.applicant_card.status_hired,Hired,வேலைக்கு எடுக்கப்பட்டது,translated,
employer.applicant_card.status_withdrawn,Withdrawn,திரும்பப் பெறப்பட்டது,translated,
employer.applicant_card.fallback_name,Applicant,விண்ணப்பதாரர்,translated,
employer.applicants.eyebrow,APPLICANTS,விண்ணப்பதாரர்கள்,translated,
employer.applicants.title,People who want this.,விரும்புகிறவர்கள்.,translated,
employer.applicants.per_job_title,Applicants,விண்ணப்பதாரர்கள்,translated,
employer.applicants.per_job_total,{{n}} total,மொத்தம் {{n}},translated,
employer.applicants.fill,{{hired}} of {{headcount}} hired,,MISSING — needs translation,
employer.applicants.filter_all,All,அனைத்தும்,translated,
employer.applicants.filter_pending,New,புதிய,translated,
employer.applicants.filter_viewed,Viewed,பார்த்த,translated,
employer.applicants.filter_shortlisted,Shortlisted,குறுகிய பட்டியல்,translated,
employer.applicants.filter_hired,Hired,வேலைக்கு எடுத்த,translated,
employer.applicants.offline_eyebrow,OFFLINE,ஆஃப்லைன்,translated,
employer.applicants.offline_title,Couldn't load applicants,விண்ணப்பதாரர்களை ஏற்ற முடியவில்லை,translated,
employer.applicants.offline_message,"Pull down to retry, or check your connection.","மீண்டும் முயற்சிக்க கீழே இழுக்கவும், அல்லது இணைப்பை சரிபார்க்கவும்.",translated,
employer.applicants.empty_waiting_eyebrow,WAITING ROOM,காத்திருப்பு அறை,translated,
employer.applicants.empty_no_applicants_title,No applicants yet,இன்னும் விண்ணப்பதாரர்கள் இல்லை,translated,
employer.applicants.empty_no_applicants_message,"Once someone applies to one of your jobs, they'll show up here.","யாராவது உங்கள் வேலை ஒன்றுக்கு விண்ணப்பிக்கும்போது, அவர்கள் இங்கே தோன்றுவார்கள்.",translated,
employer.applicants.empty_no_applicants_per_job,"When someone applies, you'll see them here. Verified candidates show a champagne ring around their avatar.","யாராவது விண்ணப்பிக்கும்போது, நீங்கள் அவர்களை இங்கே காண்பீர்கள். சரிபார்க்கப்பட்ட விண்ணப்பதாரர்கள் தங்கள் அவதாரத்தைச் சுற்றி ஷாம்பேன் வளையத்தை காட்டுகிறார்கள்.",translated,
employer.applicants.empty_filter_eyebrow,EMPTY FILTER,காலி வடிகட்டி,translated,
employer.applicants.empty_filter_title,"No applicants in ""{{filter}}""","""{{filter}}""இல் விண்ணப்பதாரர்கள் இல்லை",translated,
employer.applicants.empty_filter_message,"Try a different filter, or wait for new applications.","வேறு வடிகட்டியை முயற்சி செய், அல்லது புதிய விண்ணப்பங்களுக்காக காத்திருக்கவும்.",translated,
employer.applicants.available_now_title,Workers available right now,வேலையாட்கள் இப்போது கிடைக்கின்றனர்,translated,
employer.applicants.available_now_subtitle,"Workers nearby broadcasting ""available now"" — tap to view","அருகிலுள்ள தொழிலாளர்கள் ""இப்போது கிடைக்கிறது"" என்று ஒலிபரப்புகிறார்கள் — பார்க்க தட்டவும்",translated,
employer.applicants.available_off_title,Available workers,கிடைக்கும் தொழிலாளர்கள்,translated,
employer.applicants.available_off_subtitle,"When workers are broadcasting nearby, they show up here","அருகிலுள்ள தொழிலாளர்கள் ஒலிபரப்பும்போது, அவர்கள் இங்கே தோன்றுவார்கள்",translated,
employer.applicants.available_now_a11y,See workers available right now,இப்போது கிடைக்கும் தொழிலாளர்களைப் பார்க்கவும்,translated,
employer.upi.title,💸 Pay via UPI,💸 UPI மூலம் பணம் செலுத்து,translated,
employer.upi.receipt_share,Share receipt,,MISSING — needs translation,
employer.upi.receipt_sharing,Preparing…,,MISSING — needs translation,
employer.upi.receipt_fail,Couldn't load the receipt. Try again.,,MISSING — needs translation,
employer.upi.receipt_heading,DOONDO PAYMENT RECEIPT,,MISSING — needs translation,
employer.upi.receipt_no,Receipt no,,MISSING — needs translation,
employer.upi.receipt_date,Date,,MISSING — needs translation,
employer.upi.receipt_from,From,,MISSING — needs translation,
employer.upi.receipt_to,To,,MISSING — needs translation,
employer.upi.receipt_amount,Amount,,MISSING — needs translation,
employer.upi.receipt_method,Method,,MISSING — needs translation,
employer.upi.amount_placeholder,Amount,தொகை,translated,
employer.upi.cta_open,Open UPI app,UPI ஆப்பை திற,translated,
employer.upi.no_upi_title,No UPI app found,UPI ஆப் காணப்படவில்லை,translated,
employer.upi.no_upi_body,Pay {{amount}} to {{vpa}} with reference {{ref}}.,{{vpa}}க்கு குறிப்பு {{ref}} கொண்டு {{amount}} செலுத்தவும்.,translated,
employer.upi.could_not_create,Could not create payment,பணம் செலுத்தலை உருவாக்க முடியவில்லை,translated,
employer.upi.ref_label,Ref {{ref}} · {{vpa}},குறிப்பு {{ref}} · {{vpa}},translated,
employer.upi.cta_paid,✓ I paid,✓ நான் செலுத்தினேன்,translated,
employer.upi.cta_cancel,Cancel,ரத்து,translated,
employer.upi.enter_amount,Enter an amount,தொகையை உள்ளிடவும்,translated,
employer.upi.marked_paid_title,Marked paid,செலுத்தப்பட்டதாகக் குறிக்கப்பட்டது,translated,
employer.upi.marked_paid_body,The worker's earnings have been updated.,தொழிலாளரின் வருமானம் புதுப்பிக்கப்பட்டது.,translated,
employer.posts.eyebrow,POSTS,பதிவுகள்,translated,
employer.posts.title,Your jobs.,உங்கள் வேலைகள்.,translated,
employer.posts.subtitle_one,{{n}} total · pull down to refresh,மொத்தம் {{n}} · புதுப்பிக்க கீழே இழுக்கவும்,translated,
employer.posts.subtitle_other,{{n}} total · pull down to refresh,மொத்தம் {{n}} · புதுப்பிக்க கீழே இழுக்கவும்,translated,
employer.posts.subtitle_empty,Post a job to start hiring,வேலைக்கு எடுக்க தொடங்க ஒரு வேலையை இடவும்,translated,
employer.posts.subtitle_manage,Manage and track your job posts,உங்கள் வேலை பதிவுகளை நிர்வகித்து கண்காணிக்கவும்,translated,
employer.posts.count_one,{{n}} Job,{{n}} வேலை,translated,
employer.posts.count_other,{{n}} Jobs,{{n}} வேலைகள்,translated,
employer.posts.view_applicants,View applicants,விண்ணப்பதாரர்களைக் காண,translated,
employer.posts.tip_title,Tip,குறிப்பு,translated,
employer.posts.tip_body,Keep your jobs updated to attract the best talent.,சிறந்த திறமைகளை ஈர்க்க உங்கள் வேலைகளை புதுப்பித்து வையுங்கள்.,translated,
employer.posts.cta_new,+ New,+ புதிய,translated,
employer.posts.cta_post,Post a job,வேலை இடு,translated,
employer.posts.offline_eyebrow,OFFLINE,ஆஃப்லைன்,translated,
employer.posts.offline_title,Couldn't load your posts,உங்கள் பதிவுகளை ஏற்ற முடியவில்லை,translated,
employer.posts.offline_message,"Pull down to retry, or check your connection.","மீண்டும் முயற்சிக்க கீழே இழுக்கவும், அல்லது இணைப்பை சரிபார்க்கவும்.",translated,
employer.posts.empty_eyebrow,NO POSTS YET,இன்னும் பதிவுகள் இல்லை,translated,
employer.posts.empty_title,Post your first job,உங்கள் முதல் வேலையை இடவும்,translated,
employer.posts.empty_message,Tap the button below and be hiring in under a minute.,கீழே உள்ள பொத்தானை தட்டி ஒரு நிமிடத்திற்குள் வேலைக்கு எடுக்கத் தொடங்கவும்.,translated,
employer.posts.section_open,Open,திறந்த,translated,
employer.posts.section_closed,Closed,மூடப்பட்ட,translated,
employer.posts.applicants_one,{{n}} applicant,{{n}} விண்ணப்பதாரர்,translated,
employer.posts.applicants_other,{{n}} applicants,{{n}} விண்ணப்பதாரர்கள்,translated,
employer.posts.action_pause,Pause,நிறுத்து,translated,
employer.posts.action_reopen,Reopen,மீண்டும் திற,translated,
employer.posts.action_close,Close,மூடு,translated,
employer.posts.action_repost,Re-post,,MISSING — needs translation,
employer.posts.status_active,Active,செயலில்,translated,
employer.posts.status_paused,Paused,நிறுத்தப்பட்டது,translated,
employer.posts.status_filled,Filled,நிரப்பப்பட்டது,translated,
employer.posts.status_expired,Closed,மூடப்பட்டது,translated,
employer.posts.escalation_boosted,⬆ Boosted,,MISSING — needs translation,
employer.posts.escalation_attention,Needs attention,,MISSING — needs translation,
employer.posts.type_full_time,Full-time,முழு நேரம்,translated,
employer.posts.type_part_time,Part-time,பகுதி நேரம்,translated,
employer.posts.type_gig,Gig,கிக்,translated,
employer.posts.type_shift,Shift,ஷிஃப்ட்,translated,
employer.posts.type_contract,Contract,ஒப்பந்தம்,translated,
employer.available_workers.header_title,Available right now,இப்போது கிடைக்கிறது,translated,
employer.available_workers.header_subtitle,Workers who broadcast their availability within ~15 km. Tap to call — they've opted in to be reached.,~15 கி.மீக்குள் தங்கள் இருப்பை ஒலிபரப்பும் தொழிலாளர்கள். அழைக்க தட்டவும் — அவர்கள் தொடர்பு கொள்ள ஒப்புதல் அளித்துள்ளனர்.,translated,
employer.available_workers.error_title,Couldn't load,ஏற்ற முடியவில்லை,translated,
employer.available_workers.error_message,Check your connection and try again.,உங்கள் இணைப்பை சரிபார்த்து மீண்டும் முயற்சிக்கவும்.,translated,
employer.available_workers.retry,Retry,மீண்டும் முயற்சி,translated,
employer.available_workers.empty_eyebrow,NOBODY BROADCASTING,யாரும் ஒலிபரப்பவில்லை,translated,
employer.available_workers.empty_title,No workers available right now,இப்போது தொழிலாளர்கள் இல்லை,translated,
employer.available_workers.empty_message,"When a worker raises their availability beacon nearby, they'll show up here. Pull to refresh.","ஒரு தொழிலாளர் அருகில் தங்கள் இருப்பு கலங்கரை எழுப்பும்போது, அவர்கள் இங்கே தோன்றுவார்கள். புதுப்பிக்க இழுக்கவும்.",translated,
employer.available_workers.meters_short,{{n}}m,{{n}}மீ,translated,
employer.available_workers.kilometers_short,{{n}}km,{{n}}கி.மீ,translated,
employer.available_workers.drive,🚗 {{n}} min,,MISSING — needs translation,
employer.available_workers.drive_est,🚗 ~{{n}} min,,MISSING — needs translation,
employer.available_workers.minutes_left,{{n}}m left,{{n}}மி மீதம்,translated,
employer.available_workers.expiring,expiring,காலாவதி,translated,
employer.available_workers.wants_wage,Wants ₹{{amount}}/{{period}},,MISSING — needs translation,
employer.available_workers.period_hour,hr,,MISSING — needs translation,
employer.available_workers.period_day,day,,MISSING — needs translation,
employer.available_workers.period_week,wk,,MISSING — needs translation,
employer.available_workers.period_month,mo,,MISSING — needs translation,
employer.available_workers.period_fixed,fixed,,MISSING — needs translation,
employer.available_workers.call_a11y,Call {{name}},{{name}}ஐ அழைக்கவும்,translated,
employer.available_workers.call_now,📞 Call now,📞 இப்போது அழை,translated,
employer.available_workers.opening_dialer,Opening dialer…,டயலரை திறக்கிறது…,translated,
employer.available_workers.no_phone_title,Couldn't call,அழைக்க முடியவில்லை,translated,
employer.available_workers.no_phone_body,This worker hasn't added a phone number to their profile.,இந்த தொழிலாளர் தங்கள் சுயவிவரத்தில் தொலைபேசி எண்ணை சேர்க்கவில்லை.,translated,
employer.available_workers.no_dialer_title,Couldn't open dialer,டயலரை திறக்க முடியவில்லை,translated,
employer.available_workers.no_dialer_body,Your phone's dialer isn't available. The number is {{phone}},உங்கள் தொலைபேசியின் டயலர் கிடைக்கவில்லை. எண் {{phone}},translated,
employer.available_workers.not_available_title,Not available,கிடைக்கவில்லை,translated,
employer.available_workers.not_available_default,Couldn't reveal contact.,தொடர்பை வெளிப்படுத்த முடியவில்லை.,translated,
employer.available_workers.location_default,Showing a default area — turn on location (or set your city in your profile) to find workers near you.,,MISSING — needs translation,
employer.profile.switch_a11y,Switch account,கணக்கை மாற்று,translated,
employer.profile.eyebrow,EMPLOYER,தொழில்தந்தை,translated,
employer.profile.favorited_by,♥ {{n}} workers favourited you,,MISSING — needs translation,
employer.profile.photo_updating,Updating photo…,புகைப்படம் புதுப்பிக்கப்படுகிறது…,translated,
employer.profile.photo_change,Change photo,புகைப்படத்தை மாற்று,translated,
employer.profile.photo_add,Add photo,புகைப்படத்தை சேர்,translated,
employer.profile.photo_failed,Failed to update photo,புகைப்படத்தை புதுப்பிக்க முடியவில்லை,translated,
employer.profile.completion_eyebrow,BUSINESS PROFILE,வணிக சுயவிவரம்,translated,
employer.profile.completion_incomplete,Complete your profile so seekers trust your posts.,"உங்கள் சுயவிவரத்தை பூர்த்தி செய்யுங்கள், விண்ணப்பதாரர்கள் உங்கள் பதிவுகளை நம்புவார்கள்.",translated,
employer.profile.completion_complete,Your business profile is complete.,உங்கள் வணிக சுயவிவரம் முழுமையானது.,translated,
employer.profile.section_business,BUSINESS,வணிகம்,translated,
employer.profile.section_compliance,COMPLIANCE,இணக்கம்,translated,
employer.profile.section_location,LOCATION,இடம்,translated,
employer.profile.edit,Edit,திருத்து,translated,
employer.profile.business_empty_title,Add your business name,உங்கள் வணிகப் பெயரை சேர்,translated,
employer.profile.business_empty_subtitle,Tap to set business type,வணிக வகையை அமைக்க தட்டவும்,translated,
employer.profile.gstin_empty_title,GSTIN not set,GSTIN அமைக்கப்படவில்லை,translated,
employer.profile.gstin_set_subtitle,GST registration on file,GST பதிவு கோப்பில் உள்ளது,translated,
employer.profile.gstin_empty_subtitle,Add to verify your business,உங்கள் வணிகத்தை சரிபார்க்க சேர்க்கவும்,translated,
employer.profile.location_empty_title,Set your business address,உங்கள் வணிக முகவரியை அமை,translated,
employer.profile.location_set_subtitle,GPS set,GPS அமைக்கப்பட்டது,translated,
employer.profile.location_empty_subtitle,So seekers know where you operate from,நீங்கள் எங்கிருந்து செயல்படுகிறீர்கள் என்று விண்ணப்பதாரர்கள் தெரிய,translated,
employer.profile.recovery_title,Add recovery phone,மீட்பு தொலைபேசியை சேர்,translated,
employer.profile.recovery_body,Needed to reset your password if you ever forget it.,நீங்கள் கடவுச்சொல்லை மறந்தால் மீட்டமைக்க தேவை.,translated,
employer.profile.recovery_pill,Add,சேர்,translated,
employer.profile.verification_title,Verification,சரிபார்ப்பு,translated,
employer.profile.verification_verified_copy,Your business carries the gold ★ everywhere.,உங்கள் வணிகம் எல்லா இடங்களிலும் தங்க ★ ஐ கொண்டுள்ளது.,translated,
employer.profile.verification_pending_with_gstin,Phone confirmed — finish with a quick selfie.,தொலைபேசி உறுதிப்படுத்தப்பட்டது — விரைவான செல்ஃபியுடன் முடிக்கவும்.,translated,
employer.profile.verification_pending_no_gstin,"Add a valid GSTIN, then finish with a selfie.","சரியான GSTIN சேர், பின் செல்ஃபியுடன் முடிக்கவும்.",translated,
employer.profile.verification_rejected,Verification didn't pass. Tap to try again.,சரிபார்ப்பு தேர்ச்சியடையவில்லை. மீண்டும் முயற்சிக்க தட்டவும்.,translated,
employer.profile.verification_default,Confirm your phone + selfie to earn the gold ★.,தங்க ★ பெற உங்கள் தொலைபேசி + செல்ஃபியை உறுதிப்படுத்தவும்.,translated,
employer.profile.verification_verified_pill,Verified,சரிபார்க்கப்பட்டது,translated,
employer.profile.verification_continue,Continue,தொடரு,translated,
employer.profile.verification_verify,Verify,சரிபார்,translated,
employer.profile.cta_signout,Sign out,வெளியேறு,translated,
employer.profile.business_type_individual,Individual,தனியார்,translated,
employer.profile.business_type_shop,Shop,கடை,translated,
employer.profile.business_type_restaurant,Restaurant,உணவகம்,translated,
employer.profile.business_type_salon,Salon,சலூன்,translated,
employer.profile.business_type_agency,Agency,ஏஜென்சி,translated,
employer.profile.business_type_startup,Startup,ஸ்டார்ட்அப்,translated,
employer.profile.business_type_enterprise,Enterprise,நிறுவனம்,translated,
employer.profile.business_type_other,Other,மற்றவை,translated,
employer.applicant_detail.error_eyebrow,UNAVAILABLE,கிடைக்கவில்லை,translated,
employer.applicant_detail.error_title,Couldn't load this applicant,இந்த விண்ணப்பதாரரை ஏற்ற முடியவில்லை,translated,
employer.applicant_detail.error_message,"They may have withdrawn, or your connection dropped.","அவர்கள் விண்ணப்பத்தைத் திரும்பப் பெற்றிருக்கலாம், அல்லது உங்கள் இணைப்பு துண்டிக்கப்பட்டிருக்கலாம்.",translated,
employer.applicant_detail.close,Close,மூடு,translated,
employer.applicant_detail.back,Back,பின்செல்,translated,
employer.applicant_detail.rate_worker,Rate this worker,இந்தத் தொழிலாளரை மதிப்பிடுங்கள்,translated,
employer.applicant_detail.rate_worker_hint,Your review helps other employers find great hires.,உங்கள் மதிப்பீடு மற்ற முதலாளிகள் சிறந்த தொழிலாளர்களைக் கண்டறிய உதவுகிறது.,translated,
employer.applicant_detail.rate_cta,Rate,மதிப்பிடு,translated,
employer.applicant_detail.applicant_fallback,Applicant,விண்ணப்பதாரர்,translated,
employer.applicant_detail.status_new,NEW APPLICANT,புதிய விண்ணப்பதாரர்,translated,
employer.applicant_detail.status_viewed,VIEWED,பார்க்கப்பட்டது,translated,
employer.applicant_detail.status_shortlisted,SHORTLISTED,பட்டியலிடப்பட்டது,translated,
employer.applicant_detail.status_rejected,REJECTED,நிராகரிக்கப்பட்டது,translated,
employer.applicant_detail.status_hired,HIRED,பணியமர்த்தப்பட்டது,translated,
employer.applicant_detail.status_withdrawn,WITHDRAWN,திரும்பப் பெறப்பட்டது,translated,
employer.applicant_detail.team_of,Team of {{n}},{{n}} பேர் கொண்ட குழு,translated,
employer.applicant_detail.teammates,TEAMMATES,குழு உறுப்பினர்கள்,translated,
employer.applicant_detail.applied_to,APPLIED TO,இதற்கு விண்ணப்பித்தார்,translated,
employer.applicant_detail.skills,SKILLS,திறன்கள்,translated,
employer.applicant_detail.cover_note,COVER NOTE,அறிமுகக் குறிப்பு,translated,
employer.applicant_detail.call_worker,📞 Call this worker,📞 இந்தத் தொழிலாளரை அழைக்கவும்,translated,
employer.applicant_detail.call_worker_a11y,Call this worker,இந்தத் தொழிலாளரை அழைக்கவும்,translated,
employer.applicant_detail.call_opening,Opening dialer…,டயலரைத் திறக்கிறது…,translated,
employer.applicant_detail.call_fail_title,Couldn't call,அழைக்க முடியவில்லை,translated,
employer.applicant_detail.call_fail_no_phone,This worker hasn't added a phone number yet.,இந்தத் தொழிலாளர் இன்னும் தொலைபேசி எண்ணைச் சேர்க்கவில்லை.,translated,
employer.applicant_detail.call_dialer_fail_title,Couldn't open dialer,டயலரைத் திறக்க முடியவில்லை,translated,
employer.applicant_detail.call_dialer_fail_msg,Their number is {{phone}},அவர்களின் எண் {{phone}},translated,
employer.applicant_detail.call_reveal_fail,Couldn't reveal contact.,தொடர்பைக் காட்ட முடியவில்லை.,translated,
employer.applicant_detail.call_not_available,Not available,கிடைக்கவில்லை,translated,
employer.applicant_detail.endorsements,ENDORSEMENTS,பரிந்துரைகள்,translated,
employer.applicant_detail.endorsements_intro,You worked with this person — vouch for them on the trades they actually delivered. 3 employer endorsements = verified status.,நீங்கள் இவருடன் பணியாற்றியுள்ளீர்கள் — அவர் உண்மையில் செய்த வேலைகளுக்குப் பரிந்துரைக்கவும். 3 முதலாளி பரிந்துரைகள் = சரிபார்க்கப்பட்ட நிலை.,translated,
employer.applicant_detail.endorsements_hint,Tap a trade to endorse the worker. You can endorse each trade once.,தொழிலாளரைப் பரிந்துரைக்க ஒரு தொழிலைத் தட்டவும். ஒவ்வொரு தொழிலையும் ஒருமுறை பரிந்துரைக்கலாம்.,translated,
employer.applicant_detail.endorse_fail_title,Couldn't endorse,பரிந்துரைக்க முடியவில்லை,translated,
employer.applicant_detail.try_again,Try again.,மீண்டும் முயற்சிக்கவும்.,translated,
employer.applicant_detail.course_badges,COURSE BADGES,பாடப் பதக்கங்கள்,translated,
employer.applicant_detail.work_photos,WORK PHOTOS,வேலைப் புகைப்படங்கள்,translated,
employer.applicant_detail.photo_verified,Verified,சரிபார்க்கப்பட்டது,translated,
employer.applicant_detail.verify_photo,✓ Verify this work,✓ இந்த வேலையைச் சரிபார்க்கவும்,translated,
employer.applicant_detail.verify_photo_a11y,Verify this work photo,இந்த வேலைப் புகைப்படத்தைச் சரிபார்க்கவும்,translated,
employer.applicant_detail.verify_fail_title,Couldn't verify,சரிபார்க்க முடியவில்லை,translated,
employer.applicant_detail.work_history,WORK HISTORY,பணி வரலாறு,translated,
employer.applicant_detail.current,CURRENT,தற்போது,translated,
employer.applicant_detail.resume,RESUME,விண்ணப்பப் பதிவு,translated,
employer.applicant_detail.resume_fallback,Resume,விண்ணப்பப் பதிவு,translated,
employer.applicant_detail.resume_opening,Opening…,திறக்கிறது…,translated,
employer.applicant_detail.resume_open,Open resume,விண்ணப்பப் பதிவைத் திற,translated,
employer.applicant_detail.resume_open_fail,Couldn't open resume,விண்ணப்பப் பதிவைத் திறக்க முடியவில்லை,translated,
employer.applicant_detail.interview,INTERVIEW,நேர்காணல்,translated,
employer.applicant_detail.interview_mode_in_person,In-person,நேரில்,translated,
employer.applicant_detail.interview_mode_video,Video,வீடியோ,translated,
employer.applicant_detail.interview_mode_phone,Phone,தொலைபேசி,translated,
employer.applicant_detail.interview_mode_video_call,Video call,வீடியோ அழைப்பு,translated,
employer.applicant_detail.interview_mode_phone_call,Phone call,தொலைபேசி அழைப்பு,translated,
employer.applicant_detail.interview_reschedule,Reschedule,நேரத்தை மாற்று,translated,
employer.applicant_detail.interview_cancel,Cancel,ரத்து செய்,translated,
employer.applicant_detail.interview_cancelling,Cancelling…,ரத்து செய்கிறது…,translated,
employer.applicant_detail.interview_intro,"Set a time and the applicant gets a push, a chat note, and a card on their application.","ஒரு நேரத்தை அமைக்கவும் — விண்ணப்பதாரருக்கு ஒரு புஷ், ஒரு அரட்டைக் குறிப்பு, மற்றும் அவர்களின் விண்ணப்பத்தில் ஒரு கார்டு கிடைக்கும்.",translated,
employer.applicant_detail.interview_schedule,Schedule interview,நேர்காணலை அமைக்கவும்,translated,
employer.applicant_detail.interview_when,When,எப்போது,translated,
employer.applicant_detail.interview_when_placeholder,2026-05-12 15:00,2026-05-12 15:00,translated,
employer.applicant_detail.interview_how,How,எப்படி,translated,
employer.applicant_detail.interview_location,Location,இடம்,translated,
employer.applicant_detail.interview_location_placeholder,"Third Wave Coffee, Indiranagar 12th Main","தர்ட் வேவ் காஃபி, இந்திரா நகர் 12வது மெயின்",translated,
employer.applicant_detail.interview_link,Meeting link,சந்திப்பு இணைப்பு,translated,
employer.applicant_detail.interview_link_placeholder,https://meet.google.com/...,https://meet.google.com/...,translated,
employer.applicant_detail.interview_note,Note (optional),குறிப்பு (விருப்பத்திற்குரியது),translated,
employer.applicant_detail.interview_note_placeholder,"Bring an ID, ask for Sneha at reception.","அடையாள அட்டையைக் கொண்டு வாருங்கள், வரவேற்பில் ஸ்னேகாவைக் கேளுங்கள்.",translated,
employer.applicant_detail.interview_err_format,Use a format like 2026-05-12 15:00.,2026-05-12 15:00 போன்ற வடிவத்தைப் பயன்படுத்தவும்.,translated,
employer.applicant_detail.interview_err_future,Pick a future date and time.,எதிர்கால தேதி மற்றும் நேரத்தைத் தேர்ந்தெடுக்கவும்.,translated,
employer.applicant_detail.interview_err_location,Add a location for in-person interviews.,நேரில் நேர்காணலுக்கு ஒரு இடத்தைச் சேர்க்கவும்.,translated,
employer.applicant_detail.interview_err_link,Add a meeting link for video interviews.,வீடியோ நேர்காணலுக்கு ஒரு சந்திப்பு இணைப்பைச் சேர்க்கவும்.,translated,
employer.applicant_detail.interview_scheduling,Scheduling…,அமைக்கிறது…,translated,
employer.applicant_detail.interview_schedule_short,Schedule,அமை,translated,
employer.applicant_detail.cancel,Cancel,ரத்து செய்,translated,
employer.applicant_detail.outcome_hired,You hired them.,நீங்கள் இவரைப் பணியமர்த்தினீர்கள்.,translated,
employer.applicant_detail.outcome_rejected,You declined this applicant.,நீங்கள் இந்த விண்ணப்பதாரரை நிராகரித்தீர்கள்.,translated,
employer.applicant_detail.outcome_withdrawn,They withdrew their application.,அவர்கள் தங்கள் விண்ணப்பத்தைத் திரும்பப் பெற்றனர்.,translated,
employer.applicant_detail.hire,Hire,பணியமர்த்து,translated,
employer.applicant_detail.hiring,Hiring…,பணியமர்த்துகிறது…,translated,
employer.applicant_detail.shortlist,Shortlist,பட்டியலிடு,translated,
employer.applicant_detail.saving,Saving…,சேமிக்கிறது…,translated,
employer.applicant_detail.decline,Decline,நிராகரி,translated,
employer.applicant_detail.tailored_resume,Tailored resume for this job,இந்த வேலைக்காக தயாரிக்கப்பட்ட ரெஸ்யூம்,translated,
employer.applicant_detail.skill_proof,Skills & proof,திறன்கள் & சான்று,translated,
employer.post_job.cancel,Cancel,ரத்து செய்,translated,
employer.post_job.eyebrow,POST A JOB,வேலையை இடுகையிடுங்கள்,translated,
employer.post_job.heading,Tell us what you need.,உங்களுக்கு என்ன தேவை என்று சொல்லுங்கள்.,translated,
employer.post_job.err_post_failed,Could not post the job,வேலையை இடுகையிட முடியவில்லை,translated,
employer.post_job.val_title,Add a title (at least 2 characters),ஒரு தலைப்பைச் சேர்க்கவும் (குறைந்தது 2 எழுத்துகள்),translated,
employer.post_job.val_description,Add a description (at least 10 characters),ஒரு விளக்கத்தைச் சேர்க்கவும் (குறைந்தது 10 எழுத்துகள்),translated,
employer.post_job.val_amount,Enter the pay amount in rupees,ஊதியத் தொகையை ரூபாயில் உள்ளிடவும்,translated,
employer.post_job.val_city,Enter the city,நகரத்தை உள்ளிடவும்,translated,
employer.post_job.field_title,Title,தலைப்பு,translated,
employer.post_job.field_title_ph,"Delivery rider, salon assistant…","டெலிவரி ரைடர், சலூன் உதவியாளர்…",translated,
employer.post_job.field_description,Description,விளக்கம்,translated,
employer.post_job.field_description_ph,What does the job involve? Any requirements?,வேலையில் என்ன அடங்கும்? ஏதேனும் தேவைகள்?,translated,
employer.post_job.section_type,TYPE,வகை,translated,
employer.post_job.section_pay,PAY,ஊதியம்,translated,
employer.post_job.field_amount,Amount (₹),தொகை (₹),translated,
employer.post_job.field_amount_ph,e.g. 600,எ.கா. 600,translated,
employer.post_job.section_location,LOCATION,இடம்,translated,
employer.post_job.detect_detecting,Detecting…,கண்டறிகிறது…,translated,
employer.post_job.detect_redetect,Re-detect location,இடத்தை மீண்டும் கண்டறி,translated,
employer.post_job.detect_detect,Detect location,இடத்தைக் கண்டறி,translated,
employer.post_job.using_coords,"Using {{lat}}, {{lng}}","{{lat}}, {{lng}} பயன்படுத்துகிறது",translated,
employer.post_job.field_city,City,நகரம்,translated,
employer.post_job.field_city_ph,Bengaluru,பெங்களூரு,translated,
employer.post_job.field_area,Area / neighbourhood,பகுதி / அக்கம்பக்கம்,translated,
employer.post_job.field_area_ph,Indiranagar,இந்திரா நகர்,translated,
employer.post_job.field_pincode,Pincode (optional),பின்கோடு (விருப்பத்திற்குரியது),translated,
employer.post_job.field_pincode_ph,560038,560038,translated,
employer.post_job.section_skills,SKILLS NEEDED,தேவையான திறன்கள்,translated,
employer.post_job.field_headcount,How many people?,,MISSING — needs translation,
employer.post_job.field_headcount_hint,Post once to hire several — the pipeline tracks how many you've hired.,,MISSING — needs translation,
employer.post_job.section_checklist,PRE-SHIFT CHECKLIST,,MISSING — needs translation,
employer.post_job.checklist_hint,"Things the worker confirms before the shift — bring tools, wear uniform, know the address.",,MISSING — needs translation,
employer.post_job.field_checklist_item,Add a checklist item,,MISSING — needs translation,
employer.post_job.field_checklist_ph,e.g. Bring your own tools,,MISSING — needs translation,
employer.post_job.section_recurring,REPEATS WEEKLY?,,MISSING — needs translation,
employer.post_job.recurring_off,One-time,,MISSING — needs translation,
employer.post_job.recurring_on,Repeats weekly,,MISSING — needs translation,
employer.post_job.recurring_hint,Pick the weekdays this shift runs — it'll show on your weekly roster.,,MISSING — needs translation,
employer.post_job.section_project,MULTI-DAY PROJECT?,,MISSING — needs translation,
employer.post_job.project_off,Single shift,,MISSING — needs translation,
employer.post_job.project_on,Multi-day project,,MISSING — needs translation,
employer.post_job.project_hint,"Hire for a date range — workers commit to the whole project, and you track day-by-day progress.",,MISSING — needs translation,
employer.post_job.field_project_start,Start date,,MISSING — needs translation,
employer.post_job.field_project_end,End date,,MISSING — needs translation,
employer.post_job.section_crew_first,OFFER TO MY CREW FIRST,,MISSING — needs translation,
employer.post_job.crew_first_hint,Give your saved crew a head-start before the job goes public.,,MISSING — needs translation,
employer.post_job.crew_first_off,Public now,,MISSING — needs translation,
employer.post_job.crew_first_2h,Crew first · 2h,,MISSING — needs translation,
employer.post_job.crew_first_6h,Crew first · 6h,,MISSING — needs translation,
employer.post_job.crew_first_24h,Crew first · 24h,,MISSING — needs translation,
employer.post_job.section_skill_check,SELF-QUALIFYING CHECK,,MISSING — needs translation,
employer.post_job.skill_check_hint,Attach a short quiz applicants can take to qualify — you'll see who passed.,,MISSING — needs translation,
employer.post_job.skill_check_none,No check,,MISSING — needs translation,
employer.post_job.field_skill,Add skill,திறனைச் சேர்,translated,
employer.post_job.field_skill_ph,"driving, customer service","ஓட்டுநர், வாடிக்கையாளர் சேவை",translated,
employer.post_job.section_work_mode,WORK MODE,வேலை முறை,translated,
employer.post_job.mode_onsite,Onsite,பணியிடத்தில்,translated,
employer.post_job.mode_hybrid,Hybrid,கலப்பு,translated,
employer.post_job.mode_remote,Remote,தொலைவிலிருந்து,translated,
employer.post_job.urgent_title,Mark as urgent,அவசரம் என குறிக்கவும்,translated,
employer.post_job.urgent_hint,Urgent jobs sort ahead of others and notify nearby seekers. Use sparingly so it stays meaningful.,"அவசர வேலைகள் மற்றவற்றுக்கு முன்பாக வரிசைப்படுத்தப்பட்டு அருகிலுள்ள தொழிலாளர்களுக்கு அறிவிக்கப்படுகின்றன. இது அர்த்தமுள்ளதாக இருக்க, அளவோடு பயன்படுத்தவும்.",translated,
employer.post_job.posting,Posting…,இடுகையிடுகிறது…,translated,
employer.post_job.post_job,Post job,வேலையை இடுகையிடு,translated,
employer.post_job.type_full_time,Full-time,முழுநேரம்,translated,
employer.post_job.type_part_time,Part-time,பகுதிநேரம்,translated,
employer.post_job.type_gig,Gig,கிக்,translated,
employer.post_job.type_shift,Shift,ஷிஃப்ட்,translated,
employer.post_job.type_contract,Contract,ஒப்பந்தம்,translated,
employer.post_job.pay_hour,per hour,மணிக்கு,translated,
employer.post_job.pay_day,per day,நாளுக்கு,translated,
employer.post_job.pay_week,per week,வாரத்திற்கு,translated,
employer.post_job.pay_month,per month,மாதத்திற்கு,translated,
employer.post_job.pay_fixed,fixed,நிலையானது,translated,
employer.post_job.voice_recorded,Voice description recorded,குரல் விளக்கம் பதிவு செய்யப்பட்டது,translated,
employer.post_job.voice_recorded_meta,{{n}}s · sent with the job posting,{{n}} வினாடிகள் · வேலை இடுகையுடன் அனுப்பப்பட்டது,translated,
employer.post_job.voice_remove,Remove,அகற்று,translated,
employer.post_job.voice_a11y_stop,Release to stop recording,பதிவை நிறுத்த விடுவிக்கவும்,translated,
employer.post_job.voice_a11y_start,Hold to record a voice description,குரல் விளக்கத்தைப் பதிவு செய்ய அழுத்திப் பிடிக்கவும்,translated,
employer.post_job.voice_recording,Recording… release to stop,பதிவு செய்கிறது… நிறுத்த விடுவிக்கவும்,translated,
employer.post_job.voice_hold,Hold to record voice description,குரல் விளக்கத்தைப் பதிவு செய்ய அழுத்திப் பிடிக்கவும்,translated,
employer.post_job.voice_hint,Optional · up to 60 seconds,விருப்பத்திற்குரியது · 60 வினாடிகள் வரை,translated,
employer.post_job.voice_err_start,Couldn't start recording,பதிவைத் தொடங்க முடியவில்லை,translated,
employer.post_job.voice_err_save,Couldn't save recording,பதிவைச் சேமிக்க முடியவில்லை,translated,
first_match.skip,Skip for now,இப்போதைக்கு தவிர்,translated,
first_match.a11y_back,Back,பின்செல்,translated,
first_match.a11y_skip,Skip preview and continue to sign up,முன்னோட்டத்தைத் தவிர்த்து பதிவு செய்யவும்,translated,
first_match.eyebrow,FIRST LOOK,முதல் பார்வை,translated,
first_match.title,Jobs hiring near you right now.,உங்கள் அருகில் இப்போது ஆள் தேடும் வேலைகள்.,translated,
first_match.subtitle,A quick preview before you sign up. Tap any card to see details.,பதிவு செய்வதற்கு முன் ஒரு விரைவுப் பார்வை. விவரங்களைக் காண எந்த அட்டையையும் தட்டவும்.,translated,
first_match.error_load,We couldn't load matches. Try again in a moment.,பொருத்தங்களை ஏற்ற முடியவில்லை. சிறிது நேரத்தில் மீண்டும் முயற்சிக்கவும்.,translated,
first_match.empty_title,No matches near you in this radius.,இந்த தூரத்தில் உங்கள் அருகில் பொருத்தம் இல்லை.,translated,
first_match.empty_body,Sign up to set your area and we'll find work the moment it shows up.,பதிவு செய்து உங்கள் பகுதியை அமைக்கவும் — வேலை வந்தவுடன் சொல்கிறோம்.,translated,
first_match.cta,Sign up to apply,விண்ணப்பிக்க பதிவு செய்யவும்,translated,
first_match.cta_caption,Takes 30 seconds. Phone OTP only.,30 விநாடிகள் ஆகும். தொலைபேசி OTP மட்டும்.,translated,
first_match.pill_urgent,Urgent,அவசரம்,translated,
first_match.pill_verified,Verified,சரிபார்க்கப்பட்டது,translated,
first_match.pill_safe_women,Safe for women,பெண்களுக்குப் பாதுகாப்பானது,translated,
first_match.distance_m,{{n}} m away,{{n}} மீ தொலைவில்,translated,
first_match.distance_km,{{n}} km away,{{n}} கிமீ தொலைவில்,translated,
first_match.pay_hour,/hr,/மணி,translated,
first_match.pay_day,/day,/நாள்,translated,
first_match.pay_week,/wk,/வாரம்,translated,
first_match.pay_month,/mo,/மாதம்,translated,
profile_from_photo.header,Photo to profile,புகைப்படத்திலிருந்து சுயவிவரம்,translated,
profile_from_photo.a11y_back,Back,பின்செல்,translated,
profile_from_photo.eyebrow,FAST PROFILE,விரைவு சுயவிவரம்,translated,
profile_from_photo.title,Snap a photo. We'll fill your profile.,ஒரு படம் எடுங்கள். உங்கள் சுயவிவரத்தை நிரப்புகிறோம்.,translated,
profile_from_photo.subtitle,"Take a photo of an old resume, an ID card, or even a handwritten sheet. We'll read your name, skills, experience, and where you live — then you confirm.","பழைய ரெஸ்யூம், அடையாள அட்டை, அல்லது கையால் எழுதிய தாள் — எதன் படத்தையும் எடுங்கள். உங்கள் பெயர், திறன், அனுபவம், இடம் ஆகியவற்றைப் படித்துக்கொள்வோம் — பிறகு நீங்கள் உறுதிப்படுத்துங்கள்.",translated,
profile_from_photo.pick_camera_title,Take a photo,படம் எடுங்கள்,translated,
profile_from_photo.pick_camera_sub,Best for handwritten sheets and ID cards,"கையால் எழுதிய தாள்கள், அடையாள அட்டைகளுக்கு ஏற்றது",translated,
profile_from_photo.pick_library_title,Pick from gallery,கேலரியில் இருந்து தேர்வு செய்யவும்,translated,
profile_from_photo.pick_library_sub,Use a resume you've already saved,ஏற்கனவே சேமித்த ரெஸ்யூமைப் பயன்படுத்தவும்,translated,
profile_from_photo.tips_label,TIPS,குறிப்புகள்,translated,
profile_from_photo.tips_body,"• Hold the page flat in good light.
• Get all four corners in the frame.
• Wait a second so the camera focuses.
• English, Hindi, Tamil, Telugu, Kannada all work.","• நல்ல வெளிச்சத்தில் தாளை நேராகப் பிடிக்கவும்.
• நான்கு மூலைகளும் சட்டகத்தில் வரட்டும்.
• கேமரா கவனம் குவிக்க ஒரு வினாடி காத்திருங்கள்.
• ஆங்கிலம், இந்தி, தமிழ், தெலுங்கு, கன்னடம் — அனைத்தும் வேலை செய்யும்.",translated,
profile_from_photo.extracting_title,Reading your photo…,உங்கள் படம் படிக்கப்படுகிறது…,translated,
profile_from_photo.extracting_sub,This usually takes 5–15 seconds.,இதற்கு பொதுவாக 5–15 விநாடிகள் ஆகும்.,translated,
profile_from_photo.confirm_title,Looks right?,சரியாக இருக்கிறதா?,translated,
profile_from_photo.confirm_sub,Tap any field to edit. Tap Save when it's right.,மாற்ற எந்தப் புலத்தையும் தட்டவும். சரியாக இருந்தால் Save அழுத்தவும்.,translated,
profile_from_photo.confidence_high,Looks clear,தெளிவாகத் தெரிகிறது,translated,
profile_from_photo.confidence_medium,Mostly clear,பெரும்பாலும் தெளிவு,translated,
profile_from_photo.confidence_low,Please review,தயவுசெய்து சரிபார்க்கவும்,translated,
profile_from_photo.field_name,NAME,பெயர்,translated,
profile_from_photo.field_name_ph,Your name,உங்கள் பெயர்,translated,
profile_from_photo.field_bio,ABOUT YOU,உங்களைப் பற்றி,translated,
profile_from_photo.field_bio_ph,One line about your work and what you're looking for,"உங்கள் வேலை, நீங்கள் எதைத் தேடுகிறீர்கள் — ஒரு வரியில்",translated,
profile_from_photo.field_skills,SKILLS,திறன்கள்,translated,
profile_from_photo.field_skills_hint,{{count}}/20 · comma-separated,{{count}}/20 · கமாவால் பிரிக்கவும்,translated,
profile_from_photo.field_experience,YEARS OF EXPERIENCE,அனுபவ ஆண்டுகள்,translated,
profile_from_photo.field_city,CITY,நகரம்,translated,
profile_from_photo.field_area,AREA,பகுதி,translated,
profile_from_photo.work_history_label,WORK HISTORY ({{count}}),வேலை வரலாறு ({{count}}),translated,
profile_from_photo.present,Present,இப்போது வரை,translated,
profile_from_photo.work_history_note,You can edit these later in your resume.,இவற்றை பிறகு உங்கள் ரெஸ்யூமில் மாற்றலாம்.,translated,
profile_from_photo.education_label,EDUCATION ({{count}}),கல்வி ({{count}}),translated,
profile_from_photo.retake,Retake,மீண்டும் எடுக்கவும்,translated,
profile_from_photo.saving,Saving…,சேமிக்கப்படுகிறது…,translated,
profile_from_photo.save,Save to my profile,என் சுயவிவரத்தில் சேமிக்கவும்,translated,
profile_from_photo.saved_title,Profile filled,சுயவிவரம் நிரப்பப்பட்டது,translated,
profile_from_photo.saved_body,Your profile is ready. Employers can now find you.,உங்கள் சுயவிவரம் தயார். இப்போது முதலாளிகள் உங்களைக் கண்டுபிடிக்கலாம்.,translated,
profile_from_photo.saved_cta,Done,முடிந்தது,translated,
profile_from_photo.error_read,We couldn't read the photo. Try a clearer image in good light.,படத்தைப் படிக்க முடியவில்லை. நல்ல வெளிச்சத்தில் தெளிவான படம் எடுக்கவும்.,translated,
profile_from_photo.error_save,We couldn't save your profile. Please try again.,உங்கள் சுயவிவரத்தைச் சேமிக்க முடியவில்லை. மீண்டும் முயற்சிக்கவும்.,translated,
profile_from_photo.field_skills_ph,"cook, kitchen_helper, customer_service","cook, kitchen_helper, customer_service",translated,
hired_nearby.header,HIRED NEAR YOU TODAY,இன்று உங்கள் அருகில் வேலை கிடைத்தது,translated,
hired_nearby.hired_as,Hired as {{title}},{{title}} ஆக வேலை கிடைத்தது,translated,
hired_nearby.hired_as_in,Hired as {{title}} in {{area}},{{area}}-இல் {{title}} ஆக வேலை கிடைத்தது,translated,
hired_nearby.min_ago,{{n}} min ago,{{n}} நிமிடம் முன்பு,translated,
hired_nearby.hr_ago,{{n}} hr ago,{{n}} மணி முன்பு,translated,
hired_nearby.yesterday,yesterday,நேற்று,translated,
streak_strip.apply,Apply,விண்ணப்பம்,translated,
streak_strip.learn,Learn,கற்றல்,translated,
streak_strip.show_up,Show up,வருகை,translated,
streak_strip.unit_day,day,நாள்,translated,
streak_strip.unit_days,days,நாட்கள்,translated,
streak_strip.best,best {{n}},அதிகபட்சம் {{n}},translated,
streak_strip.start_today,start today,இன்று தொடங்குங்கள்,translated,
streak_strip.a11y_active,{{label}} streak: {{n}} {{unit}} in a row. Tap to continue.,{{label}} தொடர்: தொடர்ந்து {{n}} {{unit}}. தொடர தட்டவும்.,translated,
streak_strip.a11y_best,{{label}} streak. Personal best {{n}} {{unit}}. Tap to start again.,{{label}} தொடர். உங்கள் சிறந்தது {{n}} {{unit}}. மீண்டும் தொடங்க தட்டவும்.,translated,
streak_strip.a11y_start,{{label}} streak. Tap to start today.,{{label}} தொடர். இன்று தொடங்க தட்டவும்.,translated,
streak_strip.banner_title,Snap a photo to fill your profile,படம் எடுத்து உங்கள் சுயவிவரத்தை நிரப்புங்கள்,translated,
streak_strip.banner_body,"30 seconds. Resume, ID, or a handwritten sheet — all work.","30 விநாடிகள். ரெஸ்யூம், அடையாள அட்டை, அல்லது கையெழுத்துத் தாள் — அனைத்தும் வேலை செய்யும்.",translated,
streak_strip.banner_cta,Start ›,தொடங்கு ›,translated,
employer_signals.slow_title,Slow to respond,பதில் சொல்ல தாமதம்,translated,
employer_signals.slow_body,Left {{pct}}% of applicants without a reply. You may wait a while.,{{pct}}% விண்ணப்பதாரர்களுக்குப் பதில் இல்லை. நீங்கள் சிறிது காத்திருக்க நேரிடலாம்.,translated,
employer_signals.responsive_title,Responsive employer,விரைவாகப் பதிலளிக்கும் முதலாளி,translated,
employer_signals.responsive_body,Replies to almost every applicant. Worth applying.,கிட்டத்தட்ட எல்லா விண்ணப்பதாரர்களுக்கும் பதிலளிக்கிறார். விண்ணப்பிக்கலாம்.,translated,
employer_signals.workers_say,WORKERS SAY,தொழிலாளர்கள் சொல்கிறார்கள்,translated,
employer_signals.reviews_one,{{count}} review,{{count}} மதிப்புரை,translated,
employer_signals.reviews_other,{{count}} reviews,{{count}} மதிப்புரைகள்,translated,
employer_signals.heads_up,HEADS UP,கவனிக்கவும்,translated,
employer_signals.wage_flag_title,{{n}} workers have reported wage issues here,,MISSING — needs translation,
employer_signals.wage_flag_reason_below_promised_wage,{{pct}}% report being paid less than promised,,MISSING — needs translation,
employer_signals.wage_flag_reason_late_payment,{{pct}}% report late payment,,MISSING — needs translation,
employer_signals.wage_flag_reason_unpaid_overtime,{{pct}}% report unpaid overtime,,MISSING — needs translation,
employer_signals.wage_flag_reason_wage_theft,{{pct}}% report not being paid at all,,MISSING — needs translation,
employer_signals.wage_flag_reason_other,{{pct}}% report another wage issue,,MISSING — needs translation,
work_proof.title,Proof of work,,MISSING — needs translation,
work_proof.prompt,Snap a photo of the finished job for your employer to approve.,,MISSING — needs translation,
work_proof.submitted,Photo sent — waiting for approval,,MISSING — needs translation,
work_proof.approved,Approved by employer ✓,,MISSING — needs translation,
work_proof.rejected,Not approved — please submit a new photo,,MISSING — needs translation,
work_proof.cta,Take work photo,,MISSING — needs translation,
work_proof.sending,Sending…,,MISSING — needs translation,
offer_response.title,You've got an offer!,,MISSING — needs translation,
offer_response.title_wage,Offer: ₹{{wage}},,MISSING — needs translation,
offer_response.expires_h,Expires in {{h}}h — respond now,,MISSING — needs translation,
offer_response.expires_m,Expires in {{m}} min — respond now,,MISSING — needs translation,
offer_response.expiring,Expiring now,,MISSING — needs translation,
offer_response.accept,Accept,,MISSING — needs translation,
offer_response.decline,Decline,,MISSING — needs translation,
offer_response.counter,Counter,,MISSING — needs translation,
offer_response.counter_placeholder,Your wage (₹),,MISSING — needs translation,
offer_response.counter_send,Send counter,,MISSING — needs translation,
offer_response.counter_cancel,Cancel,,MISSING — needs translation,
site_briefing.title,Before you arrive,,MISSING — needs translation,
prep_checklist.title,Before your shift,,MISSING — needs translation,
prep_checklist.ready,You're ready — checklist done ✓,,MISSING — needs translation,
prep_checklist.ready_cta,I'm ready,,MISSING — needs translation,
shift_confirm.title,Your shift · {{when}},,MISSING — needs translation,
shift_confirm.confirmed,Confirmed — see you there ✓,,MISSING — needs translation,
shift_confirm.declined,You told them you can't make it,,MISSING — needs translation,
shift_confirm.coming,I'll be there,,MISSING — needs translation,
shift_confirm.cant,Can't make it,,MISSING — needs translation,
shift_confirm.im_on_my_way,I'm on my way,,MISSING — needs translation,
shift_confirm.on_the_way,You're marked on the way,,MISSING — needs translation,
shift_confirm.on_the_way_eta,On the way · ~{{eta}} min,,MISSING — needs translation,
shift_card.on_shift_at,On shift · checked in at {{time}},பணியில் · {{time}}க்கு செக்-இன் செய்தீர்கள்,translated,
shift_card.on_shift,On shift,பணியில்,translated,
shift_card.off_shift_at,Off shift · last out at {{time}},பணி முடிந்தது · கடைசி செக்-அவுட் {{time}},translated,
shift_card.off_shift,Off shift,பணி முடிந்தது,translated,
shift_card.ready,Ready to check in,செக்-இன் செய்யத் தயார்,translated,
shift_card.check_in,Check in with selfie,செல்ஃபியுடன் செக்-இன் செய்யவும்,translated,
shift_card.check_out,Check out,செக்-அவுட் செய்யவும்,translated,
shift_card.working,Working…,செயல்படுகிறது…,translated,
shift_card.error_save,We couldn't save your check-in. Try again.,உங்கள் செக்-இனை சேமிக்க முடியவில்லை. மீண்டும் முயற்சிக்கவும்.,translated,
shift_card.error_location,We need your location to check in. Allow location access in Settings.,செக்-இன் செய்ய உங்கள் இருப்பிடம் தேவை. Settings-இல் இருப்பிட அனுமதி கொடுக்கவும்.,translated,
interview_card.starting_now,Starting now,இப்போது தொடங்குகிறது,translated,
interview_card.starting_in,Starting in {{n}} min,{{n}} நிமிடத்தில் தொடங்கும்,translated,
interview_card.mode_in_person,In-person,நேரில்,translated,
interview_card.mode_video,Video,வீடியோ,translated,
interview_card.mode_phone,Phone,தொலைபேசி,translated,
interview_card.add_to_calendar,Add to calendar,காலெண்டரில் சேர்க்கவும்,translated,
interview_card.adding,Adding…,சேர்க்கப்படுகிறது…,translated,
interview_card.added,Added to calendar,காலெண்டரில் சேர்க்கப்பட்டது,translated,
interview_card.a11y_added,Interview added to your calendar,நேர்காணல் உங்கள் காலெண்டரில் சேர்க்கப்பட்டது,translated,
interview_card.a11y_add,Add interview to calendar,நேர்காணலை காலெண்டரில் சேர்க்கவும்,translated,
interview_card.cal_fail_title,Couldn't add to calendar,காலெண்டரில் சேர்க்க முடியவில்லை,translated,
interview_card.cal_fail_permission,Allow calendar access in Settings to save the interview.,நேர்காணலை சேமிக்க Settings-இல் காலெண்டர் அனுமதி கொடுக்கவும்.,translated,
interview_card.cal_fail_no_calendar,We couldn't find a calendar on this device to write to.,இந்த சாதனத்தில் எழுத ஒரு காலெண்டர் கிடைக்கவில்லை.,translated,
interview_card.cal_fail_generic,Something went wrong. Try again.,ஏதோ தவறு நடந்தது. மீண்டும் முயற்சிக்கவும்.,translated,
skill_gap_card.missing,Missing: {{skill}}. Find a short course to close the gap.,குறை: {{skill}}. இந்தக் குறையைப் போக்கும் ஒரு குறுகிய பாடத்தைத் தேடுங்கள்.,translated,
skill_gap_card.open,Open,திற,translated,
skill_gap_card.error,We couldn't open the course. Try again.,பாடத்தைத் திறக்க முடியவில்லை. மீண்டும் முயற்சிக்கவும்.,translated,
skill_gap_card.ghosted,No reply yet — the employer hasn't responded.,இன்னும் பதில் இல்லை — முதலாளி பதிலளிக்கவில்லை.,translated,
why_rejected.back,Back,,MISSING — needs translation,
why_rejected.title,Why was I rejected?,,MISSING — needs translation,
why_rejected.error,We couldn't load this. Try again.,,MISSING — needs translation,
why_rejected.retry,Retry,,MISSING — needs translation,
why_rejected.explanation_label,What happened,,MISSING — needs translation,
why_rejected.missing_label,Skills this job asked for,,MISSING — needs translation,
why_rejected.course_label,Recommended course,,MISSING — needs translation,
why_rejected.course_cta,Start this course,,MISSING — needs translation,
why_rejected.similar_label,Similar jobs hiring now,,MISSING — needs translation,
why_rejected.done,Done,,MISSING — needs translation,
trust_circle.a11y_back,Back,பின்செல்,translated,
trust_circle.header,Trust Circle,நம்பிக்கை வட்டம்,translated,
trust_circle.explainer_title,Up to 3 people who get an alert when you SOS.,நீங்கள் SOS அழுத்தும்போது 3 பேருக்கு எச்சரிக்கை செல்லும்.,translated,
trust_circle.explainer_body,"If a contact is already on Doondo, they get an instant push. If not, your phone opens an SMS draft for them when you trigger SOS — so they're notified either way.","ஒரு தொடர்பு ஏற்கனவே Doondo-வில் இருந்தால், அவருக்கு உடனடி புஷ் செல்கிறது. இல்லையென்றால், நீங்கள் SOS அழுத்தும்போது உங்கள் தொலைபேசி அவருக்கு SMS வரைவைத் திறக்கிறது — இரு வழியிலும் அவருக்குத் தெரிவிக்கப்படுகிறது.",translated,
trust_circle.add_contact,Add contact,தொடர்பைச் சேர்க்கவும்,translated,
trust_circle.a11y_slot_filled,"{{name}}, {{relationship}}. Tap to edit.","{{name}}, {{relationship}}. திருத்த தட்டவும்.",translated,
trust_circle.a11y_slot_empty,Add contact in slot {{n}},இடம் {{n}}-இல் தொடர்பைச் சேர்க்கவும்,translated,
trust_circle.rel_family,Family,குடும்பம்,translated,
trust_circle.rel_friend,Friend,நண்பர்,translated,
trust_circle.rel_employer,Employer,முதலாளி,translated,
trust_circle.rel_other,Other,மற்றவை,translated,
trust_circle.field_name,NAME,பெயர்,translated,
trust_circle.field_name_ph,e.g. Priya (sister),எ.கா. பிரியா (சகோதரி),translated,
trust_circle.field_phone,PHONE,தொலைபேசி,translated,
trust_circle.field_phone_ph,+91 …,+91 …,translated,
trust_circle.field_relationship,RELATIONSHIP,உறவு,translated,
trust_circle.field_relationship_other_ph,"e.g. neighbour, colleague","எ.கா. அண்டை வீட்டார், சக ஊழியர்",translated,
trust_circle.remove,Remove,நீக்கு,translated,
trust_circle.save_changes,Save changes,மாற்றங்களைச் சேமிக்கவும்,translated,
trust_circle.save_contact,Save contact,தொடர்பைச் சேமிக்கவும்,translated,
trust_circle.saving,Saving…,சேமிக்கப்படுகிறது…,translated,
trust_circle.peer_label,BE A PEER RESPONDER,பியர் ரெஸ்பாண்டராக இருங்கள்,translated,
trust_circle.peer_title,Help nearby workers in trouble,அருகில் சிக்கலில் உள்ள தொழிலாளர்களுக்கு உதவுங்கள்,translated,
trust_circle.peer_body,"When you're on, you may get a push if another worker triggers SOS within 5 km of you. We only choose 2 verified peers per alert, so you won't be flooded.","இது இயக்கத்தில் இருக்கும்போது, உங்களுக்கு 5 கிமீ தொலைவில் இன்னொரு தொழிலாளர் SOS அழுத்தினால் உங்களுக்கு புஷ் வரலாம். ஒவ்வொரு எச்சரிக்கைக்கும் 2 சரிபார்க்கப்பட்ட பியர்களை மட்டுமே தேர்வு செய்கிறோம், எனவே உங்களுக்கு அதிக அறிவிப்புகள் வராது.",translated,
trust_circle.peer_a11y,Be a peer responder for nearby SOS alerts,அருகிலுள்ள SOS எச்சரிக்கைகளுக்கு பியர் ரெஸ்பாண்டராக இருங்கள்,translated,
trust_circle.shifts_label,SHARE YOUR SHIFTS,உங்கள் பணியைப் பகிருங்கள்,translated,
trust_circle.shifts_title,Let your circle know you're safe,நீங்கள் பாதுகாப்பாக இருப்பதை உங்கள் வட்டத்துக்குத் தெரியப்படுத்துங்கள்,translated,
trust_circle.shifts_body,"When you check in and out of a shift, the contacts above who are on Doondo get a quiet ""shift started / ended"" ping. A simple safety net for family.","நீங்கள் பணியில் செக்-இன், செக்-அவுட் செய்யும்போது, மேலே உள்ள Doondo-வில் உள்ள தொடர்புகளுக்கு ஒரு அமைதியான ""பணி தொடங்கியது / முடிந்தது"" அறிவிப்பு செல்கிறது. குடும்பத்துக்கு ஒரு எளிய பாதுகாப்பு வலை.",translated,
trust_circle.shifts_a11y,Notify my Trust Circle when I start and end a shift,"நான் பணியைத் தொடங்கும், முடிக்கும்போது என் நம்பிக்கை வட்டத்துக்குத் தெரிவிக்கவும்",translated,
trust_circle.alert_name_title,Add a name,பெயரைச் சேர்க்கவும்,translated,
trust_circle.alert_name_body,Please add a name with at least 2 letters.,குறைந்தது 2 எழுத்துகள் கொண்ட பெயரைச் சேர்க்கவும்.,translated,
trust_circle.alert_phone_title,Add a phone,தொலைபேசியைச் சேர்க்கவும்,translated,
trust_circle.alert_phone_body,Please enter a valid phone number.,சரியான தொலைபேசி எண்ணை உள்ளிடவும்.,translated,
trust_circle.alert_remove_title,Remove contact?,தொடர்பை நீக்கவா?,translated,
trust_circle.alert_remove_body,This person won't get an alert if you trigger SOS.,நீங்கள் SOS அழுத்தினால் இந்த நபருக்கு எச்சரிக்கை செல்லாது.,translated,
trust_circle.alert_cancel,Cancel,ரத்து,translated,
trust_circle.alert_save_fail,Couldn't save,சேமிக்க முடியவில்லை,translated,
trust_circle.alert_update_fail,Couldn't update,புதுப்பிக்க முடியவில்லை,translated,
trust_circle.alert_conn,Please check your connection and try again.,உங்கள் இணைப்பைச் சரிபார்த்து மீண்டும் முயற்சிக்கவும்.,translated,
review_tags.paid_on_time,Paid on time,சரியான நேரத்தில் ஊதியம்,translated,
review_tags.safe_site,Safe worksite,பாதுகாப்பான பணியிடம்,translated,
review_tags.fair_hours,Fair hours,நியாயமான நேரம்,translated,
review_tags.clean_workplace,Clean workplace,சுத்தமான பணியிடம்,translated,
review_tags.respectful,Respectful,மரியாதையானவர்,translated,
review_tags.good_communication,Good communication,நல்ல தொடர்பு,translated,
review_tags.ppe_provided,PPE provided,பாதுகாப்பு உபகரணம் வழங்கப்பட்டது,translated,
review_tags.flexible_schedule,Flexible schedule,நெகிழ்வான நேரம்,translated,
review_tags.meals_provided,Meals provided,உணவு வழங்கப்பட்டது,translated,
review_tags.late_pay,Paid late,தாமதமாக ஊதியம்,translated,
review_tags.unsafe,Felt unsafe,பாதுகாப்பற்றதாக உணர்ந்தேன்,translated,
review_tags.overtime_unpaid,Overtime not paid,கூடுதல் நேர ஊதியம் இல்லை,translated,
review_tags.disrespectful,Disrespectful,மரியாதையற்றவர்,translated,
review_tags.punctual,Punctual,நேரம் தவறாதவர்,translated,
review_tags.hardworking,Hardworking,கடின உழைப்பாளி,translated,
review_tags.skilled,Skilled,திறமையானவர்,translated,
review_tags.polite,Polite,பணிவானவர்,translated,
review_tags.team_player,Team player,குழுவுடன் சிறந்தவர்,translated,
review_tags.reliable,Reliable,நம்பகமானவர்,translated,
review_tags.late,Frequently late,அடிக்கடி தாமதம்,translated,
review_tags.no_show,No-show,வரவில்லை,translated,
review_tags.low_skill,Needs more training,மேலும் பயிற்சி தேவை,translated,
quick_replies.emp.available_tomorrow,Are you available tomorrow?,நாளை நீங்கள் கிடைப்பீர்களா?,translated,
quick_replies.emp.when_can_start,When can you start?,நீங்கள் எப்போது வேலையைத் தொடங்க முடியும்?,translated,
quick_replies.emp.come_for_interview,Can you come for an interview?,நேர்காணலுக்கு வர முடியுமா?,translated,
quick_replies.emp.share_location,Please share your location.,தயவுசெய்து உங்கள் இருப்பிடத்தைப் பகிரவும்.,translated,
quick_replies.emp.bring_documents,Please bring your ID and documents.,தயவுசெய்து உங்கள் அடையாள அட்டை மற்றும் ஆவணங்களைக் கொண்டு வாருங்கள்.,translated,
quick_replies.emp.position_filled,Thank you. This position has been filled.,நன்றி. இந்தப் பணியிடம் நிரப்பப்பட்டுவிட்டது.,translated,
quick_replies.seek.yes_available,"Yes, I am available.","ஆம், நான் கிடைப்பேன்.",translated,
quick_replies.seek.not_available,"Sorry, I am not available right now.","மன்னிக்கவும், இப்போது நான் கிடைக்கமாட்டேன்.",translated,
quick_replies.seek.what_is_pay,What is the pay for this job?,இந்த வேலைக்கு ஊதியம் எவ்வளவு?,translated,
quick_replies.seek.where_is_job,Where is the job located?,வேலை எங்கே இருக்கிறது?,translated,
quick_replies.seek.what_time,What time should I come?,நான் எத்தனை மணிக்கு வர வேண்டும்?,translated,
quick_replies.seek.on_my_way,I am on my way.,நான் வழியில் இருக்கிறேன்.,translated,
pulse.title,Your Pulse,உங்கள் முன்னேற்றம்,translated,
pulse.score_label,Doondo Score,தூண்டோ ஸ்கோர்,translated,
pulse.streak_label,Day streak,தொடர் நாட்கள்,translated,
pulse.applications_label,In play,பரிசீலனையில்,translated,
pulse.nudge_cta,Let's go,செல்லலாம்,translated,
pulse.nudge.verify,Verify your account — verified workers get 3x more replies.,உங்கள் கணக்கைச் சரிபார்க்கவும் — சரிபார்க்கப்பட்ட தொழிலாளர்களுக்கு 3 மடங்கு அதிக பதில்கள் கிடைக்கும்.,translated,
pulse.nudge.build_profile,Add your work history so employers can see your experience.,"உங்கள் பணி அனுபவத்தைச் சேர்க்கவும், அப்போதுதான் முதலாளிகள் உங்கள் அனுபவத்தைப் பார்க்க முடியும்.",translated,
pulse.nudge.set_availability,Set your availability so we can match you to today's work.,"உங்கள் கிடைக்கும் நேரத்தை அமைக்கவும், அப்போதுதான் இன்றைய வேலையுடன் உங்களை இணைக்க முடியும்.",translated,
pulse.nudge.add_skills,Add your skills so we can show you the right jobs.,"உங்கள் திறன்களைச் சேர்க்கவும், அப்போதுதான் சரியான வேலைகளைக் காட்ட முடியும்.",translated,
pulse.nudge.explore_jobs,You're all set — explore jobs posted near you.,நீங்கள் தயார் — உங்கள் அருகில் வெளியிடப்பட்ட வேலைகளைப் பாருங்கள்.,translated,
language.title,Choose your language,உங்கள் மொழியைத் தேர்ந்தெடுக்கவும்,translated,
language.subtitle,The app switches instantly.,செயலி உடனடியாக மாறும்.,translated,
language.toggle_a11y,Change language,மொழியை மாற்று,translated,
skill_passport.title,Skill Passport,திறன் கடவுச்சீட்டு,translated,
skill_passport.tagline,Your verified work credential,உங்கள் சரிபார்க்கப்பட்ட பணிச் சான்று,translated,
skill_passport.score_label,Doondo Score,தூண்டோ ஸ்கோர்,translated,
skill_passport.verified_id,Identity verified,அடையாளம் சரிபார்க்கப்பட்டது,translated,
skill_passport.unverified_id,Identity not verified,அடையாளம் சரிபார்க்கப்படவில்லை,translated,
skill_passport.member_since,Member since {{date}},{{date}} முதல் உறுப்பினர்,translated,
skill_passport.skills_header,Skills,திறன்கள்,translated,
skill_passport.skills_empty,Add skills to your profile to start building your passport.,உங்கள் கடவுச்சீட்டை உருவாக்க சுயவிவரத்தில் திறன்களைச் சேர்க்கவும்.,translated,
skill_passport.tested,Tested,சோதிக்கப்பட்டது,translated,
skill_passport.verified,Verified,சரிபார்க்கப்பட்டது,translated,
skill_passport.unverified,Unverified,சரிபார்க்கப்படவில்லை,translated,
skill_passport.tests_header,Trade tests passed,தேர்ச்சி பெற்ற தொழில் தேர்வுகள்,translated,
skill_passport.tests_empty,No trade tests passed yet.,இதுவரை எந்தத் தொழில் தேர்விலும் தேர்ச்சி பெறவில்லை.,translated,
skill_passport.stat_experience,Years,ஆண்டுகள்,translated,
skill_passport.stat_jobs,Jobs done,முடிந்த வேலைகள்,translated,
skill_passport.stat_rating,Rating,மதிப்பீடு,translated,
skill_passport.stat_endorsements,Endorsements,பரிந்துரைகள்,translated,
skill_passport.share,Share passport,கடவுச்சீட்டைப் பகிர்,translated,
skill_passport.back,Back,பின்செல்,translated,
skill_passport.error,Couldn't load your passport.,உங்கள் கடவுச்சீட்டை ஏற்ற முடியவில்லை.,translated,
reverse_interview.post_section,What you offer workers,நீங்கள் தொழிலாளர்களுக்கு என்ன வழங்குகிறீர்கள்,translated,
reverse_interview.post_hint,Answer honestly — workers see this before they apply.,நேர்மையாகப் பதிலளியுங்கள் — தொழிலாளர்கள் விண்ணப்பிக்கும் முன் இதைப் பார்க்கிறார்கள்.,translated,
reverse_interview.detail_section,What this workplace says,இந்தப் பணியிடம் என்ன சொல்கிறது,translated,
reverse_interview.yes,Yes,ஆம்,translated,
reverse_interview.no,No,இல்லை,translated,
reverse_interview.not_answered,Not answered,பதிலளிக்கவில்லை,translated,
reverse_interview.q.pays_on_time,Wages paid on time,சரியான நேரத்தில் ஊதியம்,translated,
reverse_interview.q.overtime_paid,Overtime paid extra,கூடுதல் நேரத்திற்குக் கூடுதல் ஊதியம்,translated,
reverse_interview.q.provides_ppe,Safety equipment provided,பாதுகாப்பு உபகரணம் வழங்கப்படுகிறது,translated,
reverse_interview.q.written_contract,Written contract given,எழுத்துப்பூர்வ ஒப்பந்தம் வழங்கப்படுகிறது,translated,
reverse_interview.q.womens_facilities,Separate facilities for women,பெண்களுக்குத் தனி வசதிகள்,translated,
constitution.title,Your Work Rules,உங்கள் வேலை விதிகள்,translated,
constitution.tagline,Set your boundaries — employers see them upfront.,உங்கள் எல்லைகளை அமைக்கவும் — முதலாளிகள் இவற்றை முன்கூட்டியே பார்க்கிறார்கள்.,translated,
constitution.back,Back,பின்செல்,translated,
constitution.max_distance_label,Maximum distance you'll travel,நீங்கள் அதிகபட்சம் எவ்வளவு தூரம் செல்வீர்கள்,translated,
constitution.max_distance_placeholder,e.g. 10,எ.கா. 10,translated,
constitution.max_distance_unit,km,கி.மீ,translated,
constitution.max_distance_hint,Leave blank for no limit,வரம்பு இல்லையெனில் காலியாக விடவும்,translated,
constitution.no_nights_label,No night shifts,இரவு ஷிஃப்ட் இல்லை,translated,
constitution.no_sundays_label,No Sunday work,ஞாயிறு வேலை இல்லை,translated,
constitution.requires_ppe_label,Safety equipment must be provided,பாதுகாப்பு உபகரணம் வழங்கப்பட வேண்டும்,translated,
constitution.requires_contract_label,Written contract required,எழுத்துப்பூர்வ ஒப்பந்தம் அவசியம்,translated,
constitution.save,Save rules,விதிகளைச் சேமி,translated,
constitution.saving,Saving…,சேமிக்கிறது…,translated,
constitution.saved,Rules saved,விதிகள் சேமிக்கப்பட்டன,translated,
constitution.error,Couldn't load your work rules.,உங்கள் வேலை விதிகளை ஏற்ற முடியவில்லை.,translated,
constitution.save_error,Couldn't save. Please try again.,சேமிக்க முடியவில்லை. மீண்டும் முயற்சிக்கவும்.,translated,
constitution.detail_section,This worker's rules,இந்தத் தொழிலாளரின் விதிகள்,translated,
constitution.detail_max_distance,Travels up to {{km}} km,{{km}} கி.மீ வரை செல்வார்,translated,
constitution.detail_no_nights,No night shifts,இரவு ஷிஃப்ட் இல்லை,translated,
constitution.detail_no_sundays,No Sunday work,ஞாயிறு வேலை இல்லை,translated,
constitution.detail_requires_ppe,Needs safety equipment,பாதுகாப்பு உபகரணம் தேவை,translated,
constitution.detail_requires_contract,Needs a written contract,எழுத்துப்பூர்வ ஒப்பந்தம் தேவை,translated,
career_path.title,Career Path,தொழில் பாதை,translated,
career_path.tagline,See how your trade grows — and what unlocks each step.,உங்கள் தொழில் எப்படி வளர்கிறது — ஒவ்வொரு படியையும் எது திறக்கிறது என்று பாருங்கள்.,translated,
career_path.back,Back,பின்செல்,translated,
career_path.per_month,/ month,/ மாதம்,translated,
career_path.you_are_here,You're here,நீங்கள் இங்கே இருக்கிறீர்கள்,translated,
career_path.next_up,Next step,அடுத்த படி,translated,
career_path.unlocks,Unlocks with,இதனால் திறக்கிறது,translated,
career_path.explore_courses,Explore courses,பாடங்களைப் பார்க்கவும்,translated,
career_path.path.driving,Driving & Delivery,ஓட்டுநர் & டெலிவரி,translated,
career_path.path.construction,Construction,கட்டுமானப் பணி,translated,
career_path.path.kitchen,Kitchen & Food,சமையல் & உணவு,translated,
career_path.steps.driving_1.title,Delivery Rider,டெலிவரி ரைடர்,translated,
career_path.steps.driving_1.desc,Deliver parcels and food on a two-wheeler.,இருசக்கர வாகனத்தில் பார்சல்களையும் உணவையும் வழங்குங்கள்.,translated,
career_path.steps.driving_2.title,Commercial Driver,வணிக ஓட்டுநர்,translated,
career_path.steps.driving_2.desc,"Drive cars, taxis, or vans for a company.","ஒரு நிறுவனத்திற்காக கார், டாக்ஸி அல்லது வேன் ஓட்டுங்கள்.",translated,
career_path.steps.driving_3.title,Fleet Coordinator,ஃப்ளீட் ஒருங்கிணைப்பாளர்,translated,
career_path.steps.driving_3.desc,Plan routes and schedules for a group of drivers.,ஓட்டுநர் குழுவிற்கு வழிகளையும் நேரத்தையும் திட்டமிடுங்கள்.,translated,
career_path.steps.driving_4.title,Fleet Manager,ஃப்ளீட் மேலாளர்,translated,
career_path.steps.driving_4.desc,"Run the whole fleet — drivers, vehicles, and budgets.","முழு ஃப்ளீட்டையும் நடத்துங்கள் — ஓட்டுநர்கள், வாகனங்கள், பட்ஜெட்.",translated,
career_path.steps.construction_1.title,Site Helper,தள உதவியாளர்,translated,
career_path.steps.construction_1.desc,Carry materials and assist skilled workers on site.,பொருட்களை எடுத்துச் சென்று திறமையான தொழிலாளர்களுக்கு உதவுங்கள்.,translated,
career_path.steps.construction_2.title,Mason / Skilled Worker,கொத்தனார் / திறமையான தொழிலாளர்,translated,
career_path.steps.construction_2.desc,"Lay bricks, plaster, and finish structures.","செங்கல் அடுக்கி, பூசி, கட்டமைப்பை முடியுங்கள்.",translated,
career_path.steps.construction_3.title,Site Supervisor,தள மேற்பார்வையாளர்,translated,
career_path.steps.construction_3.desc,Lead a crew and keep the site safe and on schedule.,"குழுவை வழிநடத்தி, தளத்தைப் பாதுகாப்பாகவும் நேரத்திலும் வைத்திருங்கள்.",translated,
career_path.steps.construction_4.title,Site Manager,தள மேலாளர்,translated,
career_path.steps.construction_4.desc,"Run the project — crews, timelines, and quality.","முழுத் திட்டத்தையும் நடத்துங்கள் — குழுக்கள், காலக்கெடு, தரம்.",translated,
career_path.steps.kitchen_1.title,Kitchen Helper,சமையலறை உதவியாளர்,translated,
career_path.steps.kitchen_1.desc,Prep ingredients and keep the kitchen clean.,பொருட்களைத் தயாரித்து சமையலறையைச் சுத்தமாக வைத்திருங்கள்.,translated,
career_path.steps.kitchen_2.title,Cook,சமையல்காரர்,translated,
career_path.steps.kitchen_2.desc,Cook dishes on your own station.,உங்கள் சொந்த இடத்தில் உணவு சமையுங்கள்.,translated,
career_path.steps.kitchen_3.title,Head Cook,தலைமை சமையல்காரர்,translated,
career_path.steps.kitchen_3.desc,Plan the menu and lead the kitchen team.,மெனுவைத் திட்டமிட்டு சமையலறைக் குழுவை வழிநடத்துங்கள்.,translated,
career_path.steps.kitchen_4.title,Kitchen Manager,சமையலறை மேலாளர்,translated,
career_path.steps.kitchen_4.desc,"Run the kitchen — staff, stock, and standards.","முழு சமையலறையையும் நடத்துங்கள் — பணியாளர்கள், சரக்கு, தரம்.",translated,
payslip.title,Your Payslip Explained,உங்கள் சம்பள சீட்டு விளக்கம்,translated,
payslip.tagline,"PF, ESI and tax — what those deductions really mean.","பிஎஃப், ஈஎஸ்ஐ மற்றும் வரி — கழிவுகளின் உண்மையான அர்த்தம்.",translated,
payslip.back,Back,பின்செல்,translated,
payslip.intro,Starting your first formal job? Your payslip will show some money taken out. Most of it actually helps you — here's how.,முதல் முறையாக நிரந்தர வேலையா? உங்கள் சம்பள சீட்டில் சில பணம் கழிக்கப்படுவதைப் பார்ப்பீர்கள். பெரும்பாலானவை உங்கள் நலனுக்கே — எப்படி என்று பாருங்கள்.,translated,
payslip.pf_title,PF — your savings fund,பிஎஃப் — உங்கள் சேமிப்பு நிதி,translated,
payslip.pf_what,{{pct}}% of your basic pay goes into a savings fund. Your employer adds the same amount on top — free money for you.,உங்கள் அடிப்படை சம்பளத்தில் {{pct}}% ஒரு சேமிப்பு நிதிக்குச் செல்கிறது. உங்கள் முதலாளியும் அதே தொகையை மேலே சேர்க்கிறார் — உங்களுக்கு இலவசப் பணம்.,translated,
payslip.pf_get,It is your money. You get all of it back with interest (around 8% a year) when you change jobs or retire.,இது உங்கள் பணம். வேலையை மாற்றும்போது அல்லது ஓய்வு பெறும்போது வட்டியுடன் (ஆண்டுக்கு சுமார் 8%) முழுவதையும் திரும்பப் பெறுவீர்கள்.,translated,
payslip.pf_note,PF is not a loss — it is savings you build without thinking about it.,பிஎஃப் நஷ்டம் அல்ல — இது சிந்திக்காமல் சேரும் சேமிப்பு.,translated,
payslip.esi_title,ESI — health cover,ஈஎஸ்ஐ — சுகாதாரப் பாதுகாப்பு,translated,
payslip.esi_what,Just {{pct}}% of your wages buys health cover for you and your family — if you earn up to ₹{{ceiling}} a month.,உங்கள் சம்பளத்தில் வெறும் {{pct}}% உங்களுக்கும் உங்கள் குடும்பத்துக்கும் சுகாதாரப் பாதுகாப்பு தருகிறது — மாதம் ₹{{ceiling}} வரை சம்பாதித்தால்.,translated,
payslip.esi_get,"It pays for hospital treatment, and gives you money during sickness, injury, or maternity leave.","இது மருத்துவமனை சிகிச்சைச் செலவைக் கொடுக்கிறது, நோய், காயம் அல்லது மகப்பேறு விடுப்பின்போது பணமும் தருகிறது.",translated,
payslip.tax_title,Income tax,வருமான வரி,translated,
payslip.tax_free,"Under the new tax system, yearly income up to ₹{{lakh}} lakh is completely tax-free.","புதிய வரி முறையில், ஆண்டுக்கு ₹{{lakh}} லட்சம் வரையிலான வருமானம் முழுவதும் வரி இல்லாதது.",translated,
payslip.tax_most,Most workers on Doondo earn below this — so they pay zero income tax.,தூண்டோவில் பெரும்பாலான தொழிலாளர்கள் இதற்குக் குறைவாகச் சம்பாதிக்கிறார்கள் — எனவே அவர்கள் வருமான வரி எதுவும் கட்டுவதில்லை.,translated,
payslip.tax_slabs_intro,Earn more than that? Tax applies in steps:,இதைவிட அதிகம் சம்பாதிக்கிறீர்களா? வரி படிப்படியாக விதிக்கப்படுகிறது:,translated,
payslip.slab_upto,Up to ₹{{x}},₹{{x}} வரை,translated,
payslip.slab_above,Above ₹{{x}},₹{{x}}க்கு மேல்,translated,
payslip.slab_no_tax,No tax,வரி இல்லை,translated,
payslip.payslip_title,Example payslip,எடுத்துக்காட்டு சம்பள சீட்டு,translated,
payslip.payslip_for,A worker earning ₹{{wage}} a month:,மாதம் ₹{{wage}} சம்பாதிக்கும் ஒரு தொழிலாளர்:,translated,
payslip.payslip_gross,Monthly wage,மாதச் சம்பளம்,translated,
payslip.payslip_pf,PF (your savings),பிஎஃப் (உங்கள் சேமிப்பு),translated,
payslip.payslip_esi,ESI (health cover),ஈஎஸ்ஐ (சுகாதாரப் பாதுகாப்பு),translated,
payslip.payslip_tax,Income tax,வருமான வரி,translated,
payslip.payslip_inhand,Cash in hand,கையில் பணம்,translated,
payslip.payslip_note,"The ₹{{pf}} PF is still yours, saved for later — so your real value this month is ₹{{total}}.","₹{{pf}} பிஎஃப் இன்னும் உங்களுடையதே, பின்னர் பயன்படுத்தச் சேமிக்கப்பட்டது — எனவே இந்த மாதம் உங்கள் உண்மையான மதிப்பு ₹{{total}}.",translated,
payslip.footer,Rates shown for the {{fy}} financial year. Government rates can change with each year's Budget.,{{fy}} நிதியாண்டுக்கான விகிதங்கள். அரசு விகிதங்கள் ஒவ்வொரு ஆண்டின் பட்ஜெட்டிலும் மாறலாம்.,translated,
payslip.claim_section,Claiming what's yours,உங்களுக்கு உரியதைப் பெறுவது,translated,
payslip.pf_claim_title,Getting your PF money,உங்கள் பிஎஃப் பணத்தைப் பெறுதல்,translated,
payslip.pf_claim_1,You have a UAN — a 12-digit number that stays with you across every job. Ask your employer for it.,உங்களிடம் ஒரு UAN உள்ளது — ஒவ்வொரு வேலையிலும் உங்களுடன் இருக்கும் 12 இலக்க எண். உங்கள் முதலாளியிடம் கேளுங்கள்.,translated,
payslip.pf_claim_2,"Activate your UAN and check your balance on the UMANG app or the EPFO website. Link your Aadhaar, PAN and bank account.","உங்கள் UAN-ஐ செயல்படுத்தி, UMANG ஆப் அல்லது EPFO இணையதளத்தில் இருப்பைப் பாருங்கள். உங்கள் ஆதார், பான், வங்கிக் கணக்கை இணைக்கவும்.",translated,
payslip.pf_claim_3,"Withdraw online — no employer signature needed for most claims. Take it all after you retire or after 2 months without a job, or take a part for medical, housing, or education needs.","ஆன்லைனில் எடுத்துக்கொள்ளுங்கள் — பெரும்பாலான கோரிக்கைகளுக்கு முதலாளியின் கையொப்பம் தேவையில்லை. ஓய்வு பெற்ற பிறகு அல்லது 2 மாதம் வேலையில்லாமல் இருந்தால் முழுவதையும், அல்லது மருத்துவம், வீடு, கல்விக்கு ஒரு பகுதியையும் எடுக்கலாம்.",translated,
payslip.pf_claim_4,Online claims usually reach your bank in about 3–5 working days.,ஆன்லைன் கோரிக்கைகள் பொதுவாக 3–5 வேலை நாட்களில் உங்கள் வங்கியை அடையும்.,translated,
payslip.pf_portal_label,Open the EPFO website,EPFO இணையதளத்தைத் திற,translated,
payslip.esi_claim_title,Using your ESI cover,உங்கள் ESI பாதுகாப்பைப் பயன்படுத்துதல்,translated,
payslip.esi_claim_1,You get an ESI Pehchan card — your health ID. It covers you and your family.,உங்களுக்கு ஒரு ESI பெஹ்சான் அட்டை கிடைக்கும் — உங்கள் சுகாதார அடையாள அட்டை. இது உங்களையும் உங்கள் குடும்பத்தையும் உள்ளடக்கும்.,translated,
payslip.esi_claim_2,"For treatment, go to any ESI hospital or dispensary and show your Pehchan card with an ID. Care is free.","சிகிச்சைக்கு, ஏதேனும் ESI மருத்துவமனை அல்லது மருந்தகத்துக்குச் சென்று, உங்கள் பெஹ்சான் அட்டையையும் ஓர் ID-யையும் காட்டுங்கள். சிகிச்சை இலவசம்.",translated,
payslip.esi_claim_3,"If a doctor signs you off sick, you can claim sickness benefit — about 70% of your wage — through your employer’s ESI office.","ஒரு மருத்துவர் உங்களை நோய்வாய்ப்பட்டதாக சான்றளித்தால், உங்கள் முதலாளியின் ESI அலுவலகத்தின் மூலம் நோய் நலன் — சம்பளத்தில் சுமார் 70% — கோரலாம்.",translated,
payslip.esi_portal_label,Open the ESIC website,ESIC இணையதளத்தைத் திற,translated,
payslip.claim_note,Government portals and steps can change — these are the official sites.,அரசு இணையதளங்களும் நடைமுறைகளும் மாறலாம் — இவை அதிகாரப்பூர்வ தளங்கள்.,translated,
app_lock.lock_screen_message,"Unlock with your fingerprint, face, or screen lock to continue.","தொடர உங்கள் கைரேகை, முகம் அல்லது திரைப் பூட்டால் திறக்கவும்.",translated,
app_lock.unlock_button,Unlock,திற,translated,
app_lock.unlock_button_subtitle,Touch the sensor,சென்சாரைத் தொடவும்,translated,
app_lock.or,or,அல்லது,translated,
app_lock.unlocking,Unlocking…,திறக்கிறது…,translated,
app_lock.unlock_prompt,Unlock Doondo,தூண்டோவைத் திறக்கவும்,translated,
app_lock.unlock_failed,Couldn't verify. Try again.,சரிபார்க்க முடியவில்லை. மீண்டும் முயற்சிக்கவும்.,translated,
app_lock.sign_out,Sign in with a different account,வேறு கணக்கில் உள்நுழைக,translated,
app_lock.settings_section,App lock,ஆப் பூட்டு,translated,
app_lock.settings_toggle,Require unlock to open Doondo,தூண்டோவைத் திறக்க பூட்டுத் திறப்பு தேவை,translated,
app_lock.settings_toggle_desc,"Ask for your fingerprint, face, or screen lock each time you open the app.","ஆப்பைத் திறக்கும் ஒவ்வொரு முறையும் கைரேகை, முகம் அல்லது திரைப் பூட்டைக் கேளுங்கள்.",translated,
app_lock.settings_unavailable,Set up a fingerprint or screen lock on your phone to use this.,இதைப் பயன்படுத்த உங்கள் ஃபோனில் கைரேகை அல்லது திரைப் பூட்டை அமைக்கவும்.,translated,
voice_agent.title,Voice assistant,குரல் உதவியாளர்,translated,
voice_agent.back,Back,பின்,translated,
voice_agent.intro,"Hi! Tell me what work you're looking for — for example, 'cook jobs near me'.",வணக்கம்! நீங்கள் எந்த வேலையைத் தேடுகிறீர்கள் என்று சொல்லுங்கள் — உதாரணமாக 'என் அருகில் சமையல் வேலை'.,translated,
voice_agent.tap_to_speak,Tap the mic and speak,மைக்கைத் தட்டிப் பேசுங்கள்,translated,
voice_agent.listening,Listening…,கேட்கிறது…,translated,
voice_agent.thinking,One moment…,ஒரு நிமிடம்…,translated,
voice_agent.getting_location,Finding your location…,உங்கள் இருப்பிடத்தைத் தேடுகிறது…,translated,
voice_agent.location_failed,Couldn't find your location. Turn on location to search for jobs.,உங்கள் இருப்பிடம் கிடைக்கவில்லை. வேலை தேட இருப்பிடத்தை இயக்கவும்.,translated,
voice_agent.mic_unavailable,Voice input isn't available on this device. Type your request instead.,இந்தச் சாதனத்தில் குரல் உள்ளீடு கிடைக்கவில்லை. உங்கள் கோரிக்கையைத் தட்டச்சு செய்யுங்கள்.,translated,
voice_agent.type_placeholder,Type the work you want…,வேண்டிய வேலையைத் தட்டச்சு செய்யுங்கள்…,translated,
voice_agent.send,Send,அனுப்பு,translated,
voice_agent.you_label,You,நீங்கள்,translated,
voice_agent.assistant_label,Doondo,தூண்டோ,translated,
voice_agent.card_apply,Apply,விண்ணப்பி,translated,
voice_agent.card_open,View job,வேலையைப் பார்,translated,
voice_agent.card_applied,Applied,விண்ணப்பித்தாயிற்று,translated,
voice_agent.a11y_mic,Voice assistant microphone,குரல் உதவியாளர் மைக்ரோஃபோன்,translated,
voice_agent.example_search,Cook jobs near me,என் அருகில் சமையல் வேலை,translated,
voice_agent.example_apply,Apply to the first one,முதல் வேலைக்கு விண்ணப்பி,translated,
voice_agent.example_interview,When is my interview?,,MISSING — needs translation,
voice_agent.example_messages,Read my messages,,MISSING — needs translation,
voice_agent.example_help,What can I say?,நான் என்ன சொல்லலாம்?,translated,
voice_agent.reply.results_one,"I found 1 job nearby — {{job}}. Say 'apply to the first one' to apply, or ask for other work.","உங்கள் அருகில் 1 வேலை கிடைத்தது — {{job}}. விண்ணப்பிக்க 'முதல் வேலைக்கு விண்ணப்பி' என்று சொல்லுங்கள், அல்லது வேறு வேலை கேளுங்கள்.",translated,
voice_agent.reply.results_many,"I found {{count}} jobs nearby. The first is {{job}}. Say 'apply to the first one', or ask for other work.","உங்கள் அருகில் {{count}} வேலைகள் கிடைத்தன. முதல் வேலை {{job}}. 'முதல் வேலைக்கு விண்ணப்பி' என்று சொல்லுங்கள், அல்லது வேறு வேலை கேளுங்கள்.",translated,
voice_agent.reply.no_results,I couldn't find any jobs for that nearby. Try another kind of work.,அதற்கு அருகில் வேலை எதுவும் கிடைக்கவில்லை. வேறு வேலையை முயற்சிக்கவும்.,translated,
voice_agent.reply.applied,Done — you've applied to {{job}}. The employer will see your application.,முடிந்தது — {{job}} வேலைக்கு விண்ணப்பித்துவிட்டீர்கள். முதலாளி உங்கள் விண்ணப்பத்தைப் பார்ப்பார்.,translated,
voice_agent.reply.already_applied,You had already applied to {{job}}. Try another job.,நீங்கள் ஏற்கனவே {{job}} வேலைக்கு விண்ணப்பித்துவிட்டீர்கள். வேறு வேலையை முயற்சிக்கவும்.,translated,
voice_agent.reply.apply_failed,"Sorry, I couldn't send that application. Please open the job and apply from there.","மன்னிக்கவும், அந்த விண்ணப்பத்தை அனுப்ப முடியவில்லை. வேலையைத் திறந்து அங்கிருந்து விண்ணப்பிக்கவும்.",translated,
voice_agent.reply.need_search_first,"Search for a job first, then say 'apply to the first one'.","முதலில் ஒரு வேலையைத் தேடுங்கள், பிறகு 'முதல் வேலைக்கு விண்ணப்பி' என்று சொல்லுங்கள்.",translated,
voice_agent.reply.help,"You can say things like 'driver jobs near me', 'apply to the first one', 'when is my interview', or 'read my messages'.","நீங்கள் இப்படிச் சொல்லலாம் — 'என் அருகில் டிரைவர் வேலை', அல்லது 'முதல் வேலைக்கு விண்ணப்பி'. நீங்கள் எந்த வேலையைத் தேடுகிறீர்கள்?",translated,
voice_agent.reply.not_understood,"Sorry, I didn't catch that. Please say it again.","மன்னிக்கவும், புரியவில்லை. மீண்டும் சொல்லுங்கள்.",translated,
voice_agent.reply.nothing_to_repeat,There's nothing to repeat yet. Tell me what work you're looking for.,இப்போது மீண்டும் சொல்ல எதுவும் இல்லை. நீங்கள் எந்த வேலையைத் தேடுகிறீர்கள் என்று சொல்லுங்கள்.,translated,
voice_agent.reply.error,"Sorry, something went wrong. Check your connection and try again.","மன்னிக்கவும், ஏதோ தவறு நடந்தது. இணைப்பைச் சரிபார்த்து மீண்டும் முயற்சிக்கவும்.",translated,
voice_agent.reply.interview_upcoming,"You have an interview for {{job}} with {{employer}}, {{when}}.",,MISSING — needs translation,
voice_agent.reply.interview_none,You don't have any interviews scheduled right now.,,MISSING — needs translation,
voice_agent.reply.messages_one,{{sender}} said: {{body}},,MISSING — needs translation,
voice_agent.reply.messages_many,You have {{count}} recent messages. {{sender}} said: {{body}},,MISSING — needs translation,
voice_agent.reply.no_messages,You don't have any new messages from employers.,,MISSING — needs translation,
hire_share.brand,DOONDO,DOONDO,translated,
hire_share.fallback_role,New role,புதிய வேலை,translated,
hire_share.fallback_employer,Doondo employer,டூண்டோ முதலாளர்,translated,
hire_share.fallback_city,Nearby,அருகில்,translated,
hire_share.fallback_role_caption,a new role,புதிய வேலை,translated,
hire_share.fallback_employer_caption,an employer nearby,அருகிலுள்ள முதலாளர்,translated,
hire_share.employer_verified,Verified employer,சரிபார்க்கப்பட்ட முதலாளர்,translated,
hire_share.employer_on_doondo,Employer on Doondo,டூண்டோவில் முதலாளர்,translated,
hire_share.hired_by,HIRED BY,வேலை கொடுத்தவர்,translated,
hire_share.title,I got hired.,எனக்கு வேலை கிடைத்தது.,translated,
hire_share.subtitle,{{name}} just landed {{role}} with {{employer}}.,{{name}}க்கு {{employer}}ல் {{role}} வேலை கிடைத்தது.,translated,
hire_share.role,ROLE,பங்கு,translated,
hire_share.pay,PAY,சம்பளம்,translated,
hire_share.city,CITY,நகரம்,translated,
hire_share.moment,MOMENT,இந்த தருணம்,translated,
hire_share.worker,WORKER,தொழிலாளர்,translated,
hire_share.date,DATE,தேதி,translated,
hire_share.member_since,MEMBER SINCE,உறுப்பினரானது,translated,
hire_share.pay_confirmed,Pay confirmed,சம்பளம் உறுதி,translated,
hire_share.starts_label,STARTS,தொடக்கம்,translated,
hire_share.starts_today_at,"Starts today, {{time}}","இன்று தொடக்கம், {{time}}",translated,
hire_share.starts_tomorrow_at,"Starts tomorrow, {{time}}","நாளை தொடக்கம், {{time}}",translated,
hire_share.starts_on_at,"Starts {{day}}, {{time}}","{{day}} தொடக்கம், {{time}}",translated,
hire_share.starts_time_only,Starts at {{time}},{{time}}க்கு தொடக்கம்,translated,
hire_share.trust_label,TRUST,நம்பிக்கை,translated,
hire_share.verified,Verified,சரிபார்க்கப்பட்டது,translated,
hire_share.profile_label,PROFILE,சுயவிவரம்,translated,
hire_share.rating_label,RATING,மதிப்பீடு,translated,
hire_share.streak_label,STREAK,தொடர்,translated,
hire_share.streak_value,{{count}} days,{{count}} நாட்கள்,translated,
hire_share.recently,Recently,சமீபத்தில்,translated,
hire_share.celebration_title,You got hired.,உங்களுக்கு வேலை கிடைத்தது.,translated,
hire_share.celebration_title_with_role,You got hired as {{role}}.,உங்களுக்கு {{role}} வேலை கிடைத்தது.,translated,
hire_share.celebration_subtitle,"This is the moment worth remembering. Share it, save the details, and walk into the shift feeling chosen.","இது நினைவில் வைக்க வேண்டிய தருணம். இதை பகிரவும், சேமிக்கவும், அடுத்த படிக்கு நம்பிக்கையுடன் செல்லவும்.",translated,
hire_share.employer_confirmed,Employer confirmed,முதலாளர் உறுதிப்படுத்தினார்,translated,
hire_share.work_details_ready,Work details ready,வேலை விவரங்கள் தயார்,translated,
hire_share.share_title,I got hired on Doondo,எனக்கு Doondoவில் வேலை கிடைத்தது,translated,
hire_share.share_variant_title,Choose a share format,பகிரும் வடிவத்தைத் தேர்ந்தெடுக்கவும்,translated,
hire_share.share_variant_body,"Use a story poster for Status, or a square poster for chat sharing.","Statusக்கு story poster-ஐ தேர்ந்தெடுக்கவும், அல்லது chat பகிர்வுக்கு square poster-ஐ தேர்ந்தெடுக்கவும்.",translated,
hire_share.share_variant_story,Share to Status,Status-ல் பகிரவும்,translated,
hire_share.share_variant_square,Share in Chat,Chat-ல் பகிரவும்,translated,
hire_share.save_variant_title,Choose a poster size,போஸ்டர் அளவைத் தேர்ந்தெடுக்கவும்,translated,
hire_share.save_variant_body,Pick the poster size you want to save to Photos.,Photos-ல் சேமிக்க வேண்டிய போஸ்டர் அளவைத் தேர்ந்தெடுக்கவும்.,translated,
hire_share.share_tone_title,Choose a card style,கார்டு பாணியைத் தேர்ந்தெடுக்கவும்,translated,
hire_share.share_tone_body,Pick the version that fits where you're sending it.,நீங்கள் அனுப்பும் இடத்துக்கு ஏற்ற பதிப்பைத் தேர்ந்தெடுக்கவும்.,translated,
hire_share.share_tone_proud,Proud,பெருமை,translated,
hire_share.share_tone_professional,Professional,தொழில்முறை,translated,
hire_share.share_tone_family,Family-safe,குடும்பத்திற்கு,translated,
hire_share.save_to_photos,Save to Photos,Photos-ல் சேமிக்கவும்,translated,
hire_share.share_caption,I got hired on Doondo as {{role}} with {{employer}}.,எனக்கு Doondoவில் {{employer}} உடன் {{role}} வேலை கிடைத்தது.,translated,
hire_share.share_caption_with_area,I got hired on Doondo as {{role}} with {{employer}} in {{area}}.,எனக்கு Doondoவில் {{area}}யில் {{employer}} உடன் {{role}} வேலை கிடைத்தது.,translated,
hire_share.share_caption_professional,{{name}} was hired on Doondo as {{role}} with {{employer}}.,{{name}}க்கு Doondoவில் {{employer}} உடன் {{role}} வேலை கிடைத்துள்ளது.,translated,
hire_share.share_caption_professional_with_area,{{name}} was hired on Doondo as {{role}} with {{employer}} in {{area}}.,{{name}}க்கு Doondoவில் {{area}}யில் {{employer}} உடன் {{role}} வேலை கிடைத்துள்ளது.,translated,
hire_share.share_caption_family,Good news: {{name}} got hired on Doondo as {{role}} with {{employer}}.,நல்ல செய்தி: {{name}}க்கு Doondoவில் {{employer}} உடன் {{role}} வேலை கிடைத்துள்ளது.,translated,
hire_share.share_caption_family_with_area,Good news: {{name}} got hired on Doondo as {{role}} with {{employer}} in {{area}}.,நல்ல செய்தி: {{name}}க்கு Doondoவில் {{area}}யில் {{employer}} உடன் {{role}} வேலை கிடைத்துள்ளது.,translated,
hire_share.caption_copied_title,Caption copied,கேப்ஷன் நகலெடுக்கப்பட்டது,translated,
hire_share.caption_copied_body,"Your share caption is copied and ready to paste into WhatsApp, Status, or any story app.","உங்கள் கேப்ஷன் நகலெடுக்கப்பட்டது. அதை இப்போது WhatsApp, Status அல்லது எந்த story app-லிலும் ஒட்டலாம்.",translated,
hire_share.save_success_title,Poster saved,போஸ்டர் சேமிக்கப்பட்டது,translated,
hire_share.save_success_body,Your hire poster is now saved in Photos.,உங்கள் hire poster இப்போது Photos-ல் சேமிக்கப்பட்டுள்ளது.,translated,
hire_share.save_permission_title,Photos permission needed,Photos அனுமதி தேவை,translated,
hire_share.save_permission_body,Allow photo library access to save this poster to your gallery.,இந்த poster-ஐ gallery-ல் சேமிக்க photo library access-ஐ அனுமதிக்கவும்.,translated,
hire_share.save_error_title,Couldn't save poster,போஸ்டரை சேமிக்க முடியவில்லை,translated,
hire_share.save_error_body,Please try again in a moment.,சிறிது நேரத்தில் மீண்டும் முயற்சிக்கவும்.,translated,
hire_share.notify_family,Notify family,குடும்பத்துக்கு தெரிவிக்கவும்,translated,
hire_share.notify_family_empty_title,Add your Trust Circle first,முதலில் உங்கள் Trust Circle-ஐ சேர்க்கவும்,translated,
hire_share.notify_family_empty_body,Save a family member or trusted contact in Trust Circle to share this hiring moment by SMS.,இந்த வேலை கிடைத்த மகிழ்ச்சியை SMS மூலம் பகிர Trust Circle-ல் குடும்பம் அல்லது நம்பகமான தொடர்பை சேமிக்கவும்.,translated,
hire_share.notify_family_error_title,Couldn't open SMS,SMS திறக்க முடியவில்லை,translated,
hire_share.notify_family_error_body,Please try again or contact your family directly.,மீண்டும் முயற்சிக்கவும் அல்லது உங்கள் குடும்பத்தை நேரடியாக தொடர்புகொள்ளவும்.,translated,
hire_share.notify_family_name_fallback,Your family member,உங்கள் குடும்பத்தவர்,translated,
hire_share.notify_family_message,{{name}} just got hired on Doondo as {{role}} with {{employer}}.,{{name}}க்கு Doondoவில் {{employer}} உடன் {{role}} வேலை கிடைத்துள்ளது.,translated,
hire_share.notify_family_message_with_area,{{name}} just got hired on Doondo as {{role}} with {{employer}} in {{area}}.,{{name}}க்கு Doondoவில் {{area}}யில் {{employer}} உடன் {{role}} வேலை கிடைத்துள்ளது.,translated,
hire_share.tone.proud.brand,DOONDO,DOONDO,translated,
hire_share.tone.proud.eyebrow,PROUD MOMENT,பெருமை தருணம்,translated,
hire_share.tone.proud.moment_copy,"A better job, a stronger week, and one more reason to keep going.","சிறந்த வேலை, வலுவான வாரம், தொடர்ந்து முன்னேற இன்னொரு காரணம்.",translated,
hire_share.tone.professional.brand,DOONDO VERIFIED,DOONDO VERIFIED,translated,
hire_share.tone.professional.eyebrow,WORK UPDATE,வேலை அப்டேட்,translated,
hire_share.tone.professional.title,Now hired as {{role}}.,இப்போது {{role}} ஆக பணியில் சேர்ந்தார்.,translated,
hire_share.tone.professional.subtitle,{{name}} is ready to start with {{employer}}.,{{name}} இப்போது {{employer}} உடன் வேலை தொடங்கத் தயாராக உள்ளார்.,translated,
hire_share.tone.professional.moment_label,READY,தயார்,translated,
hire_share.tone.professional.moment_copy,"Verified effort, real work history, and trust signals helped secure this role.","சரிபார்க்கப்பட்ட உழைப்பு, உண்மையான வேலை வரலாறு, நம்பிக்கை சைகைகள் இந்த வாய்ப்பை கொண்டு வந்தன.",translated,
hire_share.tone.family.brand,GOOD NEWS,நல்ல செய்தி,translated,
hire_share.tone.family.eyebrow,HOME UPDATE,வீட்டு தகவல்,translated,
hire_share.tone.family.title,Good news from work.,வேலையிலிருந்து நல்ல செய்தி.,translated,
hire_share.tone.family.subtitle,{{name}} has been hired for {{role}} with {{employer}}.,{{name}}க்கு {{employer}} உடன் {{role}} வேலை கிடைத்துள்ளது.,translated,
hire_share.tone.family.moment_label,NEXT STEP,அடுத்த படி,translated,
hire_share.tone.family.moment_copy,The job is confirmed and the next work details are ready.,"வேலை உறுதியாகியுள்ளது, அடுத்த வேலை விவரங்கள் தயாராக உள்ளன.",translated,
hire_share.theme.kitchen.eyebrow,KITCHEN WIN,சமையலறை வெற்றி,translated,
hire_share.theme.kitchen.moment,"From prep to service, the work spoke for itself and the next shift just got brighter.","தயாரிப்பில் இருந்து பரிமாறும் வரை, உங்கள் வேலைதான் பேசிவிட்டது; அடுத்த ஷிப்ட் இன்னும் ஒளிவிட்டது.",translated,
hire_share.theme.driver.eyebrow,ON THE MOVE,பாதையில் முன்னே,translated,
hire_share.theme.driver.moment,"A new route, steadier earnings, and a stronger road ahead starting now.","புதிய பாதை, நிலையான வருமானம், இன்னும் வலுவான முன்னேற்றம் இப்போது ஆரம்பமாகிறது.",translated,
hire_share.theme.trade.eyebrow,TRADE POWER,தொழில் சக்தி,translated,
hire_share.theme.trade.moment,"Hands-on skill turned into real momentum, with better work and better trust unlocked.","கைக்கூலி திறமை இப்போது உண்மையான முன்னேற்றமாக மாறியது, நல்ல வேலைவும் அதிக நம்பிக்கையும் கூடின.",translated,
hire_share.theme.craft.eyebrow,CRAFT SHINES,கலை பிரகாசம்,translated,
hire_share.theme.craft.moment,"Creative work just turned into a paid step up, with your style doing the talking.",உங்கள் படைப்பாற்றல் வேலை இப்போது சம்பளம் தரும் அடுத்த படியாக மாறியது; உங்கள் ஸ்டைல்தான் பேசிவிட்டது.,translated,
hire_share.theme.default.eyebrow,HIRED,வேலை கிடைத்தது,translated,
hire_share.theme.default.moment,"A better job, a stronger week, and one more reason to keep going.","சிறந்த வேலை, வலுவான வாரம், தொடர்ந்து முன்னேற இன்னொரு காரணம்.",translated,
women.back,Back,பின்,translated,
women.hub_title,Doondo for Women,பெண்களுக்கான தூண்டோ,translated,
women.intro_title,A safer way to find work,வேலை தேட பாதுகாப்பான வழி,translated,
women.intro_body,"Doondo for Women helps you find workplaces that have thought about your safety — separate facilities, day shifts, safe transport and more.","பெண்களுக்கான தூண்டோ, உங்கள் பாதுகாப்பை கருத்தில் கொண்ட பணியிடங்களைக் கண்டறிய உதவுகிறது — தனி வசதிகள், பகல் ஷிஃப்ட், பாதுகாப்பான பயணம் மற்றும் பல.",translated,
women.mode_title,Women's Mode,பெண்கள் பயன்முறை,translated,
women.mode_desc,Show only women-safe jobs across the app. You can turn this off any time.,ஆப் முழுவதும் பெண்களுக்குப் பாதுகாப்பான வேலைகளை மட்டும் காட்டு. எப்போது வேண்டுமானாலும் இதை அணைக்கலாம்.,translated,
women.safe_jobs_title,Women-safe jobs near you,உங்கள் அருகில் பெண்-பாதுகாப்பு வேலைகள்,translated,
women.location_needed,Turn on location to see women-safe jobs near you.,அருகிலுள்ள பெண்-பாதுகாப்பு வேலைகளைப் பார்க்க இருப்பிடத்தை இயக்கவும்.,translated,
women.safe_jobs_empty,No women-safe jobs nearby yet. Check back soon.,அருகில் இன்னும் பெண்-பாதுகாப்பு வேலைகள் இல்லை. சிறிது நேரத்தில் பாருங்கள்.,translated,
women.guidance_title,Staying safe at work,வேலையில் பாதுகாப்பாக இருத்தல்,translated,
women.tools_title,Safety tools,பாதுகாப்பு கருவிகள்,translated,
women.disclaimer,"These women-safety signals are declared by employers, not verified by Doondo. Trust your judgement.","இந்தப் பெண்-பாதுகாப்பு குறிப்புகள் முதலாளிகளால் அறிவிக்கப்பட்டவை, தூண்டோவால் சரிபார்க்கப்பட்டவை அல்ல. உங்கள் பகுத்தறிவை நம்புங்கள்.",translated,
women.badge_label,Women-safe,பெண்-பாதுகாப்பு,translated,
women.panel_title,For women workers,பெண் தொழிலாளர்களுக்கு,translated,
women.post_section,Women at work,வேலையில் பெண்கள்,translated,
women.post_hint,Tell women workers what your workplace offers. Each is optional — only tick what is true.,உங்கள் பணியிடம் என்ன வழங்குகிறது என்று பெண் தொழிலாளர்களிடம் சொல்லுங்கள். ஒவ்வொன்றும் விருப்பத்தேர்வு — உண்மையானதை மட்டும் தேர்வு செய்யுங்கள்.,translated,
women.menu_label,Doondo for Women,பெண்களுக்கான தூண்டோ,translated,
women.menu_subtitle,"Women-safe jobs, safety tools and guidance","பெண்-பாதுகாப்பு வேலைகள், பாதுகாப்பு கருவிகள், வழிகாட்டுதல்",translated,
women.tool_sos_label,Emergency SOS,அவசர SOS,translated,
women.tool_sos_desc,Alert your Trust Circle and nearby helpers fast,உங்கள் நம்பிக்கை வட்டத்தையும் அருகிலுள்ள உதவியாளர்களையும் விரைவாக எச்சரிக்கவும்,translated,
women.tool_trust_circle_label,Trust Circle,நம்பிக்கை வட்டம்,translated,
women.tool_trust_circle_desc,Pick the people who get your SOS alert,உங்கள் SOS எச்சரிக்கையைப் பெறுபவர்களைத் தேர்வு செய்யுங்கள்,translated,
women.signal.separateFacilities,"Separate, clean toilets and rest space for women","பெண்களுக்குத் தனி, சுத்தமான கழிப்பறை மற்றும் ஓய்வு இடம்",translated,
women.signal.womenOnTeam,Women already work in this role,இந்த வேலையில் ஏற்கனவே பெண்கள் பணிபுரிகிறார்கள்,translated,
women.signal.dayShiftOnly,Day shift only — no night work,பகல் ஷிஃப்ட் மட்டும் — இரவு வேலை இல்லை,translated,
women.signal.safeTransport,Transport provided or a safe commute,போக்குவரத்து வழங்கப்படுகிறது அல்லது பாதுகாப்பான பயணம்,translated,
women.signal.harassmentPolicy,Has a harassment-redressal process,துன்புறுத்தல் புகார் தீர்வு நடைமுறை உள்ளது,translated,
women.tip.know_rights_title,Know your rights,உங்கள் உரிமைகளை அறியுங்கள்,translated,
women.tip.know_rights_body,"Equal pay, a safe workplace and a harassment committee are your legal right. Asking about them is normal.","சம ஊதியம், பாதுகாப்பான பணியிடம், துன்புறுத்தல் குழு — இவை உங்கள் சட்ட உரிமை. இவற்றைப் பற்றிக் கேட்பது இயல்பானது.",translated,
women.tip.trusted_contact_title,Tell someone your plan,உங்கள் திட்டத்தை யாரிடமாவது சொல்லுங்கள்,translated,
women.tip.trusted_contact_body,Share where you're working and your timings with a family member or friend you trust.,"நீங்கள் எங்கே வேலை செய்கிறீர்கள், உங்கள் நேரம் என்ன என்பதை நம்பகமான குடும்ப உறுப்பினர் அல்லது நண்பரிடம் பகிருங்கள்.",translated,
women.tip.safe_commute_title,Plan a safe commute,பாதுகாப்பான பயணத்தைத் திட்டமிடுங்கள்,translated,
women.tip.safe_commute_body,Prefer well-lit routes and busy hours. Note the workplace's address before your first day.,நன்கு வெளிச்சமுள்ள வழிகளையும் கூட்ட நேரங்களையும் தேர்வு செய்யுங்கள். முதல் நாளுக்கு முன் பணியிட முகவரியைக் குறித்துக் கொள்ளுங்கள்.,translated,
women.tip.trust_instincts_title,Trust your instincts,உங்கள் உள்ளுணர்வை நம்புங்கள்,translated,
women.tip.trust_instincts_body,"If a workplace feels unsafe, you can leave. Use SOS and your Trust Circle if you ever need help.","ஒரு பணியிடம் பாதுகாப்பற்றதாகத் தோன்றினால், நீங்கள் வெளியேறலாம். உதவி தேவைப்பட்டால் SOS மற்றும் உங்கள் நம்பிக்கை வட்டத்தைப் பயன்படுத்துங்கள்.",translated,
reels.back,Back,பின்,translated,
reels.contact_cta,Contact,,MISSING — needs translation,
reels.record_title,My intro reel,என் அறிமுக ரீல்,translated,
reels.intro_title,Record a 30-second intro,30 வினாடி அறிமுகத்தைப் பதிவு செய்யுங்கள்,translated,
reels.intro_body,"A short video lets employers see the real you — far more than a profile can. Speak naturally, like you would in person.","ஒரு குறுகிய வீடியோ, சுயவிவரத்தை விட உண்மையான உங்களை முதலாளிகளுக்குக் காட்டுகிறது. நேரில் பேசுவது போல இயல்பாகப் பேசுங்கள்.",translated,
reels.tip_1,"Say your name, your trade and your years of experience","உங்கள் பெயர், தொழில், எத்தனை ஆண்டு அனுபவம் என்று சொல்லுங்கள்",translated,
reels.tip_2,Find good light and a quiet spot — keep it under 30 seconds,நல்ல வெளிச்சமும் அமைதியான இடமும் தேர்வு செய்யுங்கள் — 30 வினாடிக்குள் வைக்கவும்,translated,
reels.tip_3,End with the kind of work you're looking for,நீங்கள் எந்த வேலையைத் தேடுகிறீர்கள் என்று முடிவில் சொல்லுங்கள்,translated,
reels.caption_label,Add a caption (optional),தலைப்பு சேர்க்கவும் (விருப்பத்தேர்வு),translated,
reels.caption_placeholder,"e.g. Electrician, 8 years, available now","எ.கா. எலக்ட்ரீஷியன், 8 ஆண்டுகள், இப்போது கிடைக்கும்",translated,
reels.upload,Upload reel,ரீலைப் பதிவேற்று,translated,
reels.uploading,Uploading…,பதிவேற்றுகிறது…,translated,
reels.retake,Retake,மீண்டும் பதிவு செய்,translated,
reels.saved_note,Your reel is live — employers can see it in Hire Reels.,உங்கள் ரீல் நேரலையில் உள்ளது — முதலாளிகள் ஹயர் ரீல்ஸில் பார்க்கலாம்.,translated,
reels.record_again,Record again,மீண்டும் பதிவு செய்,translated,
reels.remove,Remove reel,ரீலை அகற்று,translated,
reels.removing,Removing…,அகற்றுகிறது…,translated,
reels.record_camera,Record with camera,கேமராவில் பதிவு செய்,translated,
reels.choose_gallery,Choose from gallery,கேலரியில் இருந்து தேர்வு செய்,translated,
reels.capture_failed,Couldn't capture the video. Please try again.,வீடியோவைப் பிடிக்க முடியவில்லை. மீண்டும் முயற்சிக்கவும்.,translated,
reels.error_generic,Something went wrong. Please try again.,ஏதோ தவறு நடந்தது. மீண்டும் முயற்சிக்கவும்.,translated,
reels.feed_worker_fallback,Doondo worker,தூண்டோ தொழிலாளர்,translated,
reels.feed_empty_title,No reels yet,இன்னும் ரீல்கள் இல்லை,translated,
reels.feed_empty_body,Worker intro reels will appear here as people record them. Check back soon.,மக்கள் பதிவு செய்யும்போது தொழிலாளர்களின் அறிமுக ரீல்கள் இங்கே தோன்றும். சிறிது நேரத்தில் பாருங்கள்.,translated,
reels.feed_title,Hire Reels,ஹயர் ரீல்ஸ்,translated,
reels.feed_card_title,Discover talent in reels,ரீல்களில் திறமையைக் கண்டறியுங்கள்,translated,
reels.feed_card_subtitle,Swipe through worker intro videos,தொழிலாளர்களின் அறிமுக வீடியோக்களை ஸ்வைப் செய்யுங்கள்,translated,
reels.menu_label,My intro reel,என் அறிமுக ரீல்,translated,
reels.menu_subtitle,Record a short video for employers,முதலாளிகளுக்கு ஒரு குறுகிய வீடியோவைப் பதிவு செய்யுங்கள்,translated,
reels.video_unavailable_title,Video unavailable,வீடியோ கிடைக்கவில்லை,translated,
reels.video_unavailable_body,This reel couldn't be loaded right now.,இந்த ரீலை இப்போது ஏற்ற முடியவில்லை.,translated,
reels.video_loading,Loading reel…,ரீல் ஏற்றப்படுகிறது…,translated,
smart_resume.card_title,Smart Resume,ஸ்மார்ட் ரெஸ்யூம்,translated,
smart_resume.card_body,"Get an AI-tailored version of your resume for this job — your skills and experience, retold to fit.","இந்த வேலைக்கான உங்கள் ரெஸ்யூமின் AI-தனிப்பயனாக்கப்பட்ட பதிப்பைப் பெறுங்கள் — உங்கள் திறன்களும் அனுபவமும், இந்த வேலைக்கு ஏற்ப.",translated,
smart_resume.card_cta,Tailor my resume for this job,இந்த வேலைக்கு என் ரெஸ்யூமை தயார் செய்,translated,
smart_resume.back,Back,பின்செல்,translated,
smart_resume.title,Smart Resume,ஸ்மார்ட் ரெஸ்யூம்,translated,
smart_resume.for_job,Tailored for: {{job}},இதற்காக தயாரிக்கப்பட்டது: {{job}},translated,
smart_resume.loading,Tailoring your resume…,உங்கள் ரெஸ்யூம் தயாரிக்கப்படுகிறது…,translated,
smart_resume.error,Could not tailor your resume right now. Please try again.,இப்போது உங்கள் ரெஸ்யூமை தயாரிக்க முடியவில்லை. மீண்டும் முயற்சிக்கவும்.,translated,
smart_resume.retry,Try again,மீண்டும் முயற்சி,translated,
smart_resume.pitch_label,WHY YOU FIT,நீங்கள் ஏன் பொருத்தம்,translated,
smart_resume.summary_label,Your summary,உங்கள் சுருக்கம்,translated,
smart_resume.skills_label,Your skills for this job,இந்த வேலைக்கான உங்கள் திறன்கள்,translated,
smart_resume.skills_hint,Ordered most-relevant first. ✓ means this job asked for it.,மிகவும் பொருத்தமானவை முதலில். ✓ என்றால் இந்த வேலை இதைக் கேட்டது.,translated,
smart_resume.experience_label,"Your experience, retold","உங்கள் அனுபவம், மீண்டும் சொல்லப்பட்டது",translated,
smart_resume.save_cta,Save summary to my profile,சுருக்கத்தை என் சுயவிவரத்தில் சேமி,translated,
smart_resume.saved,Saved to your profile,உங்கள் சுயவிவரத்தில் சேமிக்கப்பட்டது,translated,
smart_resume.save_hint,Updates the bio on your Doondo profile.,உங்கள் டூண்டோ சுயவிவரத்தின் பயோவைப் புதுப்பிக்கும்.,translated,
smart_resume.done,Done,முடிந்தது,translated,
smart_resume.summary_edit_hint,Edit it to sound like you,உங்கள் பாணியில் அதைத் திருத்துங்கள்,translated,
smart_resume.before_label,Your current profile summary,உங்கள் தற்போதைய சுயவிவர சுருக்கம்,translated,
smart_resume.listen,Listen,கேளுங்கள்,translated,
smart_resume.stop,Stop,நிறுத்து,translated,
smart_resume.gap_label,Skills to build for this job,இந்த வேலைக்காக கற்க வேண்டிய திறன்கள்,translated,
smart_resume.gap_hint,This job asks for these — a short course closes the gap.,இந்த வேலை இவற்றைக் கேட்கிறது — ஒரு குறுகிய பாடநெறி இடைவெளியை நிரப்பும்.,translated,
smart_resume.gap_cta,Find a course,பாடநெறியைக் கண்டறி,translated,
smart_resume.step_reading,Reading the job,வேலை படிக்கப்படுகிறது,translated,
smart_resume.step_matching,Matching your skills,உங்கள் திறன்கள் பொருத்தப்படுகின்றன,translated,
smart_resume.step_writing,Writing your summary,உங்கள் சுருக்கம் எழுதப்படுகிறது,translated,
smart_resume.save_job_cta,Save for this job,இந்த வேலைக்காக சேமி,translated,
smart_resume.saved_for_job,Saved — the employer will see this,சேமிக்கப்பட்டது — முதலாளி இதைப் பார்ப்பார்,translated,
smart_resume.save_job_hint,Saved for this job; attached when you apply.,இந்த வேலைக்காக சேமிக்கப்பட்டது; விண்ணப்பிக்கும்போது இணைக்கப்படும்.,translated,
festival.greeting,Happy {{festival}}!,{{festival}} வாழ்த்துக்கள்!,translated,
festival.banner_sub,Festival hiring is up — see jobs picked for the season.,பண்டிகை வேலைவாய்ப்பு அதிகரித்துள்ளது — இந்தப் பருவத்தின் வேலைகளைப் பாருங்கள்.,translated,
festival.banner_cta,See jobs,வேலைகளைப் பார்,translated,
festival.board_title,{{festival}} jobs,{{festival}} வேலைகள்,translated,
festival.board_title_generic,Festival jobs,பண்டிகை வேலைகள்,translated,
festival.board_sub,Trades that hire most this festival season.,இந்தப் பண்டிகைக் காலத்தில் அதிகம் ஆட்சேர்க்கும் வேலைகள்.,translated,
festival.board_empty,No festival jobs near you yet — check back soon.,உங்கள் அருகில் இன்னும் பண்டிகை வேலைகள் இல்லை — விரைவில் மீண்டும் பாருங்கள்.,translated,
festival.none_active,No festival is on right now. Come back during the season!,இப்போது பண்டிகை எதுவும் இல்லை. பருவத்தில் மீண்டும் வாருங்கள்!,translated,
festival.need_location,Set your location to see festival jobs near you.,அருகிலுள்ள பண்டிகை வேலைகளைப் பார்க்க உங்கள் இடத்தை அமைக்கவும்.,translated,
festival.tag,Festival pick,பண்டிகை தேர்வு,translated,
festival.celebration,Hired during {{festival}}!,{{festival}} போது தேர்ந்தெடுக்கப்பட்டீர்கள்!,translated,
festival.countdown,{{festival}} in {{days}} days,{{festival}} {{days}} நாட்களில்,translated,
festival.countdown_sub,Festival hiring is starting — get in early.,பண்டிகை வேலைவாய்ப்பு தொடங்குகிறது — முன்கூட்டியே சேருங்கள்.,translated,
festival.board_count,{{count}} festival jobs near you,{{count}} பண்டிகை வேலைகள் உங்கள் அருகில்,translated,
festival.urgent,Urgent,அவசரம்,translated,
score_qr.back,Back,பின்செல்,translated,
score_qr.title,Score QR code,ஸ்கோர் QR குறியீடு,translated,
score_qr.subtitle,"Your verified Doondo Score, ready to share.","உங்கள் சரிபார்க்கப்பட்ட டூண்டோ ஸ்கோர், பகிர தயார்.",translated,
score_qr.error,Could not create your score QR right now. Please try again.,இப்போது உங்கள் ஸ்கோர் QR உருவாக்க முடியவில்லை. மீண்டும் முயற்சிக்கவும்.,translated,
score_qr.retry,Try again,மீண்டும் முயற்சி,translated,
score_qr.score_label,DOONDO SCORE / 100,டூண்டோ ஸ்கோர் / 100,translated,
score_qr.scan_hint,Anyone can scan this with a phone camera to verify your score — no Doondo app needed.,யாரும் இதை ஃபோன் கேமராவில் ஸ்கேன் செய்து உங்கள் ஸ்கோரை சரிபார்க்கலாம் — டூண்டோ செயலி தேவையில்லை.,translated,
score_qr.valid_until,Valid until {{date}},{{date}} வரை செல்லுபடியாகும்,translated,
score_qr.share,Share verification link,சரிபார்ப்பு இணைப்பைப் பகிர்,translated,
score_qr.share_message,My Doondo Score is {{score}}/100. Verify it here: {{url}},என் டூண்டோ ஸ்கோர் {{score}}/100. இங்கே சரிபார்க்கவும்: {{url}},translated,
score_qr.authentic_note,The QR links to a Doondo page that confirms this score is genuine and unmodified.,"QR ஒரு டூண்டோ பக்கத்துடன் இணைகிறது, இது இந்த ஸ்கோர் உண்மையானது மற்றும் மாற்றப்படவில்லை என்பதை உறுதிப்படுத்துகிறது.",translated,
score_qr.passport_cta,Share score as QR,ஸ்கோரை QR ஆகப் பகிர்,translated,
score_qr.verified,VERIFIED,சரிபார்க்கப்பட்டது,translated,
score_qr.save,Save to photos,புகைப்படங்களில் சேமி,translated,
score_qr.saved_photo,Saved to your photos,உங்கள் புகைப்படங்களில் சேமிக்கப்பட்டது,translated,
score_qr.refresh,Refresh score,ஸ்கோரைப் புதுப்பி,translated,
score_qr.save_permission,Allow photo access to save your score card.,உங்கள் ஸ்கோர் கார்டைச் சேமிக்க புகைப்பட அணுகலை அனுமதிக்கவும்.,translated,
score_qr.action_error,Something went wrong. Please try again.,ஏதோ தவறு நடந்தது. மீண்டும் முயற்சிக்கவும்.,translated,
passport_qr.back,Back,,MISSING — needs translation,
passport_qr.title,Skill Passport QR,,MISSING — needs translation,
passport_qr.subtitle,"Your verified Skill Passport, ready to share.",,MISSING — needs translation,
passport_qr.error,Could not create your Skill Passport QR right now. Please try again.,,MISSING — needs translation,
passport_qr.retry,Try again,,MISSING — needs translation,
passport_qr.score_label,DOONDO SCORE / 100,,MISSING — needs translation,
passport_qr.jobs_label,Jobs done,,MISSING — needs translation,
passport_qr.skills_label,Verified skills,,MISSING — needs translation,
passport_qr.rating_label,Rating,,MISSING — needs translation,
passport_qr.scan_hint,"Anyone can scan this with a phone camera to verify your skills, jobs, and rating — no Doondo app needed.",,MISSING — needs translation,
passport_qr.valid_until,Valid until {{date}},,MISSING — needs translation,
passport_qr.share,Share,,MISSING — needs translation,
passport_qr.share_cta,Share Skill Passport as QR,,MISSING — needs translation,
passport_qr.verified,VERIFIED,,MISSING — needs translation,
passport_qr.save,Save to photos,,MISSING — needs translation,
passport_qr.saved_photo,Saved to your photos,,MISSING — needs translation,
passport_qr.refresh,Refresh,,MISSING — needs translation,
passport_qr.save_permission,Allow photo access to save your passport card.,,MISSING — needs translation,
passport_qr.action_error,Something went wrong. Please try again.,,MISSING — needs translation,
passport_qr.authentic_note,The QR links to a Doondo page that confirms this Skill Passport is genuine and unmodified.,,MISSING — needs translation,
skill_proof.section_title,Proof of your skills,உங்கள் திறன்களுக்கான சான்று,translated,
skill_proof.section_hint,"Attach a certificate, licence, or photo for any skill. Employers see this on your application.","எந்த திறனுக்கும் சான்றிதழ், உரிமம் அல்லது புகைப்படம் இணைக்கவும். முதலாளிகள் இதை உங்கள் விண்ணப்பத்தில் பார்ப்பார்கள்.",translated,
skill_proof.add,Add proof,சான்று சேர்,translated,
skill_proof.none_yet,No proof attached yet,இன்னும் சான்று எதுவும் இணைக்கப்படவில்லை,translated,
skill_proof.add_title,Add proof,சான்று சேர்,translated,
skill_proof.add_body,"Attach a certificate, licence, or photo for this skill.","இந்த திறனுக்கு சான்றிதழ், உரிமம் அல்லது புகைப்படம் இணைக்கவும்.",translated,
skill_proof.opt_camera,Take a photo,புகைப்படம் எடு,translated,
skill_proof.opt_gallery,Choose a photo,புகைப்படம் தேர்வு செய்,translated,
skill_proof.opt_pdf,Choose a PDF,PDF தேர்வு செய்,translated,
skill_proof.cancel,Cancel,ரத்து செய்,translated,
skill_proof.error_title,Couldn't attach file,கோப்பை இணைக்க முடியவில்லை,translated,
skill_proof.error_generic,Something went wrong. Please try again.,ஏதோ தவறு நடந்தது. மீண்டும் முயற்சிக்கவும்.,translated,
skill_proof.remove_a11y,Remove {{name}},{{name}} அகற்று,translated,
location_picker.title,Search a place,ஒரு இடத்தைத் தேடு,translated,
location_picker.search_placeholder,City or area — e.g. Bengaluru,நகரம் அல்லது பகுதி — எ.கா. பெங்களூரு,translated,
location_picker.use_my_location,Use my location,என் இருப்பிடத்தைப் பயன்படுத்து,translated,
location_picker.use_my_location_hint,Jobs nearest to where you are,நீங்கள் இருக்கும் இடத்திற்கு அருகிலுள்ள வேலைகள்,translated,
location_picker.search_anywhere,"Search ""{{query}}""","""{{query}}"" தேடு",translated,
location_picker.search_anywhere_hint,Find this place anywhere,இந்த இடத்தை எங்கும் கண்டறி,translated,
location_picker.not_found,Couldn't find that place — check the spelling,அந்த இடம் கிடைக்கவில்லை — எழுத்துப்பிழையைச் சரிபார்க்கவும்,translated,
location_picker.popular,PLACES HIRING NOW,இப்போது ஆட்சேர்க்கும் இடங்கள்,translated,
location_picker.results,PLACES WITH JOBS,வேலைகள் உள்ள இடங்கள்,translated,
location_picker.jobs_count,{{count}} jobs,{{count}} வேலைகள்,translated,
location_picker.no_job_cities,No matching cities have jobs yet — try searching it as a place above.,பொருந்தும் எந்த நகரத்திலும் இன்னும் வேலைகள் இல்லை — மேலே அதை ஒரு இடமாகத் தேடுங்கள்.,translated,
location_picker.no_cities_yet,No jobs posted anywhere yet.,இன்னும் எங்கும் வேலை எதுவும் இடப்படவில்லை.,translated,
location_picker.recent,RECENT,சமீபத்தியவை,translated,
location_picker.home_town,Your home town,உங்கள் சொந்த ஊர்,translated,
account_switcher.title,SWITCH ACCOUNT,கணக்கை மாற்று,translated,
account_switcher.add_employer,Add Employer account,முதலாளி கணக்கைச் சேர்,translated,
account_switcher.add_another,Add another account,மற்றொரு கணக்கைச் சேர்,translated,
account_switcher.add_employer_hint,Post jobs and hire workers,"வேலைகளை இடுங்கள், தொழிலாளர்களை வேலைக்கு அமர்த்துங்கள்",translated,
account_switcher.add_another_hint,Sign in or sign up — keeps this account active,உள்நுழையவும் அல்லது பதிவு செய்யவும் — இந்தக் கணக்கு செயலில் இருக்கும்,translated,
account_switcher.role_employer,Employer · Hiring,முதலாளி · பணியமர்த்தல்,translated,
account_switcher.role_seeker,Seeker · Looking for work,தேடுபவர் · வேலை தேடுகிறார்,translated,
account_switcher.role_admin,Admin,நிர்வாகி,translated,
account_switcher.switching_to,Switching to {{name}}…,{{name}} க்கு மாறுகிறது…,translated,
account_switcher.switch_failed_title,Couldn't switch account,கணக்கை மாற்ற முடியவில்லை,translated,
account_switcher.switch_failed_body,Something went wrong. Check your connection and try again.,ஏதோ தவறு நடந்தது. உங்கள் இணைப்பைச் சரிபார்த்து மீண்டும் முயற்சிக்கவும்.,translated,
account_switcher.remove_hint,Press and hold an account to remove it from this device.,ஒரு கணக்கை இந்தச் சாதனத்திலிருந்து அகற்ற அழுத்திப் பிடிக்கவும்.,translated,
account_switcher.remove_title,Remove account?,கணக்கை அகற்றவா?,translated,
account_switcher.remove_body,{{name}} will be removed from this device. You can sign in again any time.,{{name}} இந்தச் சாதனத்திலிருந்து அகற்றப்படும். நீங்கள் எப்போது வேண்டுமானாலும் மீண்டும் உள்நுழையலாம்.,translated,
account_switcher.remove_cancel,Cancel,ரத்து செய்,translated,
account_switcher.remove_confirm,Remove,அகற்று,translated,
account_switcher.updates_a11y,{{count}} updates waiting,{{count}} புதுப்பிப்புகள் காத்திருக்கின்றன,translated,
account_pill.switch_to,Switch to {{name}},,MISSING — needs translation,
account_pill.open_switcher,Open account switcher,,MISSING — needs translation,
dispute.section_title,DISPUTES,,MISSING — needs translation,
dispute.raise_cta,Raise a dispute,,MISSING — needs translation,
dispute.none,No disputes on this hire.,,MISSING — needs translation,
dispute.raise_title,Raise a dispute,,MISSING — needs translation,
dispute.description_placeholder,Describe what happened…,,MISSING — needs translation,
dispute.add_photo,Add photo ({{n}}/3),,MISSING — needs translation,
dispute.submit,Submit dispute,,MISSING — needs translation,
dispute.submitting,Submitting…,,MISSING — needs translation,
dispute.raise_fail,Couldn't raise the dispute. Try again.,,MISSING — needs translation,
dispute.reply,Reply,,MISSING — needs translation,
dispute.send_reply,Send reply,,MISSING — needs translation,
dispute.sending,Sending…,,MISSING — needs translation,
dispute.reply_placeholder,Add your side…,,MISSING — needs translation,
dispute.reply_fail,Couldn't send your reply. Try again.,,MISSING — needs translation,
dispute.mark_resolved,Mark resolved,,MISSING — needs translation,
dispute.withdraw,Withdraw,,MISSING — needs translation,
dispute.resolve,Resolve,,MISSING — needs translation,
dispute.cancel,Cancel,,MISSING — needs translation,
dispute.resolve_fail,Couldn't update the dispute. Try again.,,MISSING — needs translation,
dispute.resolve_confirm_title,Mark resolved?,,MISSING — needs translation,
dispute.resolve_confirm_body,This closes the dispute as settled. You can't reopen it.,,MISSING — needs translation,
dispute.withdraw_confirm_title,Withdraw dispute?,,MISSING — needs translation,
dispute.withdraw_confirm_body,This closes the dispute with no further action.,,MISSING — needs translation,
dispute.raised_by_you,Raised by you,,MISSING — needs translation,
dispute.raised_by_them,Raised by {{name}},,MISSING — needs translation,
dispute.you,You,,MISSING — needs translation,
dispute.closed_resolved,Closed — resolved,,MISSING — needs translation,
dispute.closed_dismissed,Closed — withdrawn,,MISSING — needs translation,
dispute.category.no_show,No-show,,MISSING — needs translation,
dispute.category.payment,Payment,,MISSING — needs translation,
dispute.category.work_quality,Work quality,,MISSING — needs translation,
dispute.category.behavior,Behaviour,,MISSING — needs translation,
dispute.category.hours,Hours / timing,,MISSING — needs translation,
dispute.category.safety,Safety,,MISSING — needs translation,
dispute.category.other,Other,,MISSING — needs translation,
dispute.status.open,Open,,MISSING — needs translation,
dispute.status.awaiting_response,Awaiting reply,,MISSING — needs translation,
dispute.status.resolved,Resolved,,MISSING — needs translation,
dispute.status.dismissed,Withdrawn,,MISSING — needs translation,
home_safe.title,Did you reach home safely?,,MISSING — needs translation,
home_safe.body,Tap below once you're home — we'll let your trust circle know you arrived safe.,,MISSING — needs translation,
home_safe.body_job,"Your shift for ""{{title}}"" ended. Tap once you're home — we'll reassure your trust circle.",,MISSING — needs translation,
home_safe.confirm,I'm home safe,,MISSING — needs translation,
masked_call.cta,Call via Doondo,,MISSING — needs translation,
masked_call.connecting,Connecting…,,MISSING — needs translation,
masked_call.no_number,No phone number on file for this contact.,,MISSING — needs translation,
masked_call.fail,Couldn't start the call. Try again.,,MISSING — needs translation,
masked_call.cta_employer,Call employer via Doondo,,MISSING — needs translation,
my_job.eyebrow,MY WORK,,MISSING — needs translation,
my_job.title,My job,,MISSING — needs translation,
my_job.stat_days,Days,,MISSING — needs translation,
my_job.stat_shifts,Shifts,,MISSING — needs translation,
my_job.stat_hours,Hours,,MISSING — needs translation,
my_job.stat_caption,Worked in {{month}},,MISSING — needs translation,
my_job.empty_eyebrow,NO ACTIVE JOB,,MISSING — needs translation,
my_job.empty_title,You're not hired anywhere yet,,MISSING — needs translation,
my_job.empty_body,"Once an employer hires you, your workplace, attendance and payslips show up here.",,MISSING — needs translation,
my_job.job_count,{{n}} active job(s),,MISSING — needs translation,
my_job.next_shift,Next: {{when}},,MISSING — needs translation,
my_job.awaiting_payment,{{n}} payment(s) awaiting,,MISSING — needs translation,
my_employer.back,← Back,,MISSING — needs translation,
my_employer.rating,{{avg}}★ ({{n}}),,MISSING — needs translation,
my_employer.no_rating,No ratings yet,,MISSING — needs translation,
my_employer.verified,Verified,,MISSING — needs translation,
my_employer.view_profile,View full profile & reviews →,,MISSING — needs translation,
my_employer.terms_title,YOUR TERMS,,MISSING — needs translation,
my_employer.terms_role,Role,,MISSING — needs translation,
my_employer.terms_wage,Wage,,MISSING — needs translation,
my_employer.terms_project,Project,,MISSING — needs translation,
my_employer.terms_project_value,{{days}} days · {{start}} → {{end}},,MISSING — needs translation,
my_employer.period_hour,hour,,MISSING — needs translation,
my_employer.period_day,day,,MISSING — needs translation,
my_employer.period_week,week,,MISSING — needs translation,
my_employer.period_month,month,,MISSING — needs translation,
my_employer.period_fixed,fixed,,MISSING — needs translation,
my_employer.attendance_title,ATTENDANCE THIS MONTH,,MISSING — needs translation,
my_employer.attendance_empty,No shifts logged with this employer this month.,,MISSING — needs translation,
my_employer.payslip_cta,Download salary slip (PDF),,MISSING — needs translation,
my_employer.payslip_busy,Preparing…,,MISSING — needs translation,
my_employer.payslip_empty_title,Nothing to slip,,MISSING — needs translation,
my_employer.payslip_empty_body,No hours or payments from this employer this month yet.,,MISSING — needs translation,
my_employer.payslip_pdf_title,Salary slip,,MISSING — needs translation,
my_employer.payslip_days,Days worked,,MISSING — needs translation,
my_employer.payslip_shifts,Shifts,,MISSING — needs translation,
my_employer.payslip_hours,Hours,,MISSING — needs translation,
my_employer.payslip_paid,Paid (settled),,MISSING — needs translation,
my_employer.payslip_footer,Generated by Doondo. Hours are from on-site check-ins; paid is settled UPI payments for the month.,,MISSING — needs translation,
my_employer.payslip_share,Share salary slip,,MISSING — needs translation,
my_employer.payslip_fail,Couldn't generate the slip. Try again.,,MISSING — needs translation,
my_employer.this_job,This job,,MISSING — needs translation,
my_employer.schedule_title,MY SCHEDULE,,MISSING — needs translation,
my_employer.schedule_empty,No upcoming shifts scheduled.,,MISSING — needs translation,
my_employer.next_shift,Next shift {{when}},,MISSING — needs translation,
my_employer.directions,Directions to site,,MISSING — needs translation,
my_employer.wallet,My earnings & wallet,,MISSING — needs translation,
collect.back,← Back,,MISSING — needs translation,
collect.eyebrow,GET PAID,,MISSING — needs translation,
collect.title,Doondo Collect,,MISSING — needs translation,
collect.commission_note,Share your QR to get paid. Doondo keeps a small commission (2–3%); the rest lands in your wallet to withdraw.,,MISSING — needs translation,
collect.balance_label,Withdrawable balance,,MISSING — needs translation,
collect.withdraw_amount,Amount (₹),,MISSING — needs translation,
collect.withdraw,Withdraw,,MISSING — needs translation,
collect.withdrawing,Sending…,,MISSING — needs translation,
collect.add_bank_first,Add a verified bank account to withdraw.,,MISSING — needs translation,
collect.bank_title,BANK ACCOUNT,,MISSING — needs translation,
collect.verified,Verified,,MISSING — needs translation,
collect.unverified,Verifying…,,MISSING — needs translation,
collect.remove_bank,Remove account,,MISSING — needs translation,
collect.holder_name,Account holder name,,MISSING — needs translation,
collect.account_number,Account number,,MISSING — needs translation,
collect.ifsc,IFSC code,,MISSING — needs translation,
collect.saving,Saving…,,MISSING — needs translation,
collect.save_bank,Save & verify,,MISSING — needs translation,
collect.bank_fail,Couldn't save the account. Check the details.,,MISSING — needs translation,
collect.qr_title,MY COLLECTION QR,,MISSING — needs translation,
collect.qr_open,Any amount,,MISSING — needs translation,
collect.qr_fixed,Fixed amount,,MISSING — needs translation,
collect.qr_amount,Amount (₹),,MISSING — needs translation,
collect.creating,Creating…,,MISSING — needs translation,
collect.create_qr,Create QR,,MISSING — needs translation,
collect.qr_fail,Couldn't create the QR. Try again.,,MISSING — needs translation,
collect.qr_any_amount,Pay any amount,,MISSING — needs translation,
collect.download,Download,,MISSING — needs translation,
collect.share,Share,,MISSING — needs translation,
collect.save_permission,Allow photo access to save the QR.,,MISSING — needs translation,
collect.saved,QR saved to your photos.,,MISSING — needs translation,
collect.share_fail,Couldn't share the QR. Try again.,,MISSING — needs translation,
collect.sim_cta,"Test: simulate a ₹1,500 payment",,MISSING — needs translation,
collect.sim_busy,Simulating…,,MISSING — needs translation,
collect.sim_done_title,Payment received,,MISSING — needs translation,
collect.sim_done_body,Paid {{gross}} · Doondo fee deducted · {{net}} added to your wallet.,,MISSING — needs translation,
collect.sim_fail,Couldn't simulate the payment.,,MISSING — needs translation,
collect.show_existing,Show my QR ({{n}}),,MISSING — needs translation,
collect.withdraw_sent_title,Withdrawal requested,,MISSING — needs translation,
collect.withdraw_sent_body,The money is on its way to your bank account.,,MISSING — needs translation,
collect.withdraw_fail,Withdrawal failed. Check your balance and bank account.,,MISSING — needs translation,
