key,english_source,current_telugu_translation,status,reviewer_notes
common.ok,OK,సరే,translated,
common.cancel,Cancel,రద్దు,translated,
common.save,Save,సేవ్,translated,
common.delete,Delete,తొలగించు,translated,
common.edit,Edit,మార్చు,translated,
common.back,Back,వెనుకకు,translated,
common.retry,Retry,మళ్లీ ప్రయత్నించు,translated,
common.loading,Loading…,లోడ్ అవుతోంది…,translated,
common.stop,Stop,ఆపండి,translated,
common.units.meters_short,{{n}} m,{{n}} మీ,translated,
common.units.kilometers_short,{{n}} km,{{n}} కి.మీ,translated,
common.units.hours_per_day,{{n}} hrs / day,{{n}} గంటలు / రోజు,translated,
common.job_type.full_time,Full Time,పూర్తి సమయం,translated,
common.job_type.part_time,Part Time,పార్ట్ టైమ్,translated,
common.job_type.gig,Gig,గిగ్,translated,
common.job_type.shift,Shift,షిఫ్ట్,translated,
common.job_type.contract,Contract,ఒప్పందం,translated,
common.pay_period.per_hour,Per hour,గంటకు,translated,
common.pay_period.per_day,Per day,రోజుకు,translated,
common.pay_period.per_week,Per week,వారానికి,translated,
common.pay_period.per_month,Per month,నెలకు,translated,
common.pay_period.one_time,One-time,ఒక్కసారి,translated,
common.pay_period.suffix_hour,/hr,/గం,translated,
common.pay_period.suffix_day,/day,/రోజు,translated,
common.pay_period.suffix_week,/wk,/వారం,translated,
common.pay_period.suffix_month,/mo,/నెల,translated,
common.pay_period.suffix_fixed, fixed, నిర్ణీత,translated,
tabs.home,Home,హోమ్,translated,
tabs.jobs,Jobs,ఉద్యోగాలు,translated,
tabs.community,Community,సంఘం,translated,
tabs.voice,Voice,వాయిస్,translated,
tabs.chat,Chat,చాట్,translated,
tabs.earnings,Earnings,సంపాదన,translated,
tabs.profile,Profile,ప్రొఫైల్,translated,
tabs.my_job,My Job,నా పని,translated,
community_hub.title,Community,సంఘం,translated,
community_hub.subtitle,"Connect, learn and grow with other workers","ఇతర కార్మికులతో కనెక్ట్ అవ్వండి, నేర్చుకోండి, ఎదగండి",translated,
community_hub.buddies,Find work buddies,పని తోడుగాళ్లను కనుగొనండి,translated,
community_hub.buddies_hint,Connect with workers near you,మీ సమీపంలోని కార్మికులతో కనెక్ట్ అవ్వండి,translated,
community_hub.refer,Refer a friend,స్నేహితుడిని రెఫర్ చేయండి,translated,
community_hub.refer_hint,Earn ₹100 when they get hired,వారు ఉద్యోగం పొందినప్పుడు ₹100 సంపాదించండి,translated,
community_hub.mentors,Mentors,మెంటర్లు,translated,
community_hub.mentors_hint,Get guidance from experienced workers,అనుభవజ్ఞులైన కార్మికుల నుండి మార్గదర్శనం పొందండి,translated,
community_hub.ratings,Ratings & reviews,రేటింగ్‌లు & సమీక్షలు,translated,
community_hub.ratings_hint,See what employers say about you,యజమానులు మీ గురించి ఏమి చెబుతారో చూడండి,translated,
earnings_hub.title,Earnings,సంపాదన,translated,
earnings_hub.subtitle,"Your money, activities and protection","మీ డబ్బు, కార్యకలాపాలు మరియు రక్షణ",translated,
earnings_hub.ledger,My earnings,నా సంపాదన,translated,
earnings_hub.ledger_hint,Track your payout and history,మీ చెల్లింపులు మరియు చరిత్రను ట్రాక్ చేయండి,translated,
earnings_hub.ledger_caption,This month,ఈ నెల,translated,
earnings_hub.advance,Cash advance,నగదు అడ్వాన్స్,translated,
earnings_hub.advance_hint,Get a small advance before payday,జీతానికి ముందు చిన్న అడ్వాన్స్ పొందండి,translated,
earnings_hub.advance_cta,Get now,ఇప్పుడే పొందండి,translated,
earnings_hub.insurance,Worker insurance,కార్మిక బీమా,translated,
earnings_hub.insurance_hint,Accident cover while you work,పని చేస్తున్నప్పుడు ప్రమాద కవరేజ్,translated,
earnings_hub.insurance_active,Active,క్రియాశీలం,translated,
earnings_hub.insurance_inactive,Not active,నిష్క్రియం,translated,
earnings_hub.insurance_since,Since {{date}},{{date}} నుండి,translated,
earnings_hub.insurance_cta,Get covered,రక్షణ పొందండి,translated,
earnings_hub.promo_title,"More security.
More benefits.","మరింత భద్రత.
మరింత ప్రయోజనాలు.",translated,
earnings_hub.promo_body,Explore insurances and financial tools made for you.,మీ కోసం రూపొందించిన బీమా మరియు ఆర్థిక సాధనాలను అన్వేషించండి.,translated,
earnings_hub.promo_cta,Explore now,ఇప్పుడే అన్వేషించండి,translated,
earnings_hub.collect,Collect (QR),,MISSING — needs translation,
earnings_hub.collect_hint,Get paid by QR → wallet,,MISSING — needs translation,
earnings_hub.collect_top,Bank + QR,,MISSING — needs translation,
earnings_hub.collect_caption,Withdraw anytime,,MISSING — needs translation,
profile_groups.grow,Grow your career,మీ కెరీర్‌ను పెంచుకోండి,translated,
profile_groups.rights,Your rights & safety,మీ హక్కులు & భద్రత,translated,
profile_groups.account,Resume & account,రెజ్యూమ్ & ఖాతా,translated,
profile_groups.connect,Find work buddies,పని సహచరులను కనుగొనండి,translated,
home.title,Doondo,Doondo,translated,
home.modes.today,Today,ఈ రోజు,translated,
home.modes.this_week,This week,ఈ వారం,translated,
home.modes.career,Career,కెరీర్,translated,
home.voice_card.title,Find jobs through voice,వాయిస్‌తో ఉద్యోగాలు వెతకండి,translated,
home.voice_card.hint,Tell us what work you want,మీకు ఏ పని కావాలో చెప్పండి,translated,
home.categories_section_label,Job categories,ఉద్యోగ వర్గాలు,translated,
home.nearby_jobs,Nearby jobs,సమీపంలోని ఉద్యోగాలు,translated,
home.view_all,View all,అన్నీ చూడండి,translated,
home.see_more,See more,మరిన్ని,translated,
home.categories.delivery,Delivery,డెలివరీ,translated,
home.categories.driver,Driver,డ్రైవర్,translated,
home.categories.electrician,Electrician,ఎలక్ట్రీషియన్,translated,
home.categories.helper,Helper,సహాయకుడు,translated,
home.categories.mason,Mason,మేస్త్రి,translated,
home.location.your_area,Your area,మీ ప్రాంతం,translated,
home.location.locating,Locating…,స్థానం కనుగొంటోంది…,translated,
home.location.finding_jobs,Finding nearby jobs…,సమీపంలోని ఉద్యోగాలను కనుగొంటోంది…,translated,
home.location.nearby_count_one,{{count}} nearby job,{{count}} సమీప ఉద్యోగం,translated,
home.location.nearby_count_other,{{count}} nearby jobs,{{count}} సమీప ఉద్యోగాలు,translated,
home.jobs.empty_no_jobs_nearby,No jobs near you right now. Pull to refresh.,ప్రస్తుతం మీ సమీపంలో ఉద్యోగాలు లేవు. రిఫ్రెష్ చేయడానికి కిందికి లాగండి.,translated,
home.jobs.default_employer,Doondo Employer,Doondo యజమాని,translated,
home.jobs.apply_now,Apply Now,ఇప్పుడే దరఖాస్తు చేయండి,translated,
home.hero.eyebrow,OPPORTUNITIES DAILY,ప్రతిరోజూ అవకాశాలు,translated,
home.hero.headline,Find the right jobs near you,మీ సమీపంలో సరైన ఉద్యోగాలను కనుగొనండి,translated,
home.hero.cta,Explore Jobs,ఉద్యోగాలను చూడండి,translated,
home.hero.cta_a11y,Explore jobs,ఉద్యోగాలను చూడండి,translated,
home.feed.empty_today_title,No same-day jobs nearby,ఈ రోజు సమీపంలో ఉద్యోగాలు లేవు,translated,
home.feed.empty_today_hint,"Pull to refresh, or switch to Career for longer-term roles.","రిఫ్రెష్ చేయడానికి లాగండి, లేదా దీర్ఘకాలిక పాత్రల కోసం కెరీర్‌కి మారండి.",translated,
home.feed.empty_this_week_title,No short contracts posted this week,ఈ వారం చిన్న ఒప్పందాలు పోస్ట్ చేయబడలేదు,translated,
home.feed.empty_this_week_hint,Try a wider trade filter or check back tomorrow.,విస్తృత ట్రేడ్ ఫిల్టర్‌ను ప్రయత్నించండి లేదా రేపు మళ్లీ చూడండి.,translated,
home.feed.browse_by_trade,Browse by trade,ట్రేడ్ ప్రకారం బ్రౌజ్ చేయండి,translated,
home.feed.view_all_arrow,View all →,అన్నీ చూడండి →,translated,
home.feed.clear_filters_one,Clear {{count}} filter,{{count}} ఫిల్టర్‌ను తొలగించండి,translated,
home.feed.clear_filters_other,Clear {{count}} filters,{{count}} ఫిల్టర్‌లను తొలగించండి,translated,
home.feed.locating,Locating…,స్థానం కనుగొంటోంది…,translated,
home.job_card.urgent,URGENT,అత్యవసరం,translated,
home.job_card.distance_away,{{distance}} away,{{distance}} దూరం,translated,
home.job_card.start_today,Start Today,ఈ రోజే ప్రారంభించండి,translated,
home.job_card.immediate,Immediate,తక్షణం,translated,
home.job_card.flexible,Flexible,సరళమైన,translated,
home.job_card.schedule,Schedule,షెడ్యూల్,translated,
home.job_card.tap_to_call_apply,Tap to call / apply,కాల్ / దరఖాస్తుకు ట్యాప్ చేయండి,translated,
home.job_card.view_details,View details,వివరాలను చూడండి,translated,
home.job_card.tap_to_call_apply_a11y,Tap to call or apply,కాల్ చేయడానికి లేదా దరఖాస్తు చేయడానికి ట్యాప్ చేయండి,translated,
home.job_card.view_job_a11y,View job,ఉద్యోగాన్ని చూడండి,translated,
home.job_card.job_a11y_label,"{{title}}, {{pay}}","{{title}}, {{pay}}",translated,
home.job_card.driving_license_required,Driving License: Required,డ్రైవింగ్ లైసెన్స్: అవసరం,translated,
home.job_card.skill_required_suffix,{{skill}}: Required,{{skill}}: అవసరం,translated,
home.beacon.chip_inactive_title,Tell employers I'm available now,నేను ఇప్పుడు అందుబాటులో ఉన్నాను అని యజమానులకు చెప్పండి,translated,
home.beacon.chip_inactive_hint,Nearby employers will see you in their list,సమీపంలోని యజమానులు మిమ్మల్ని వారి జాబితాలో చూస్తారు,translated,
home.beacon.chip_active_title,Available — {{left}} left,అందుబాటులో — {{left}} మిగిలింది,translated,
home.beacon.chip_active_hint,Until {{time}} · tap to edit,{{time}} వరకు · సవరించడానికి ట్యాప్ చేయండి,translated,
home.beacon.chip_a11y_active,Edit availability beacon,అందుబాటు బీకన్‌ను సవరించండి,translated,
home.beacon.chip_a11y_inactive,Tell employers you are available,మీరు అందుబాటులో ఉన్నారని యజమానులకు చెప్పండి,translated,
home.beacon.stop,Stop,ఆపండి,translated,
home.beacon.stop_confirm_title,Stop broadcasting?,ప్రసారాన్ని ఆపాలా?,translated,
home.beacon.stop_confirm_body,Employers near you will no longer see you as available.,మీ సమీపంలోని యజమానులు ఇకపై మిమ్మల్ని అందుబాటులో ఉన్నట్లు చూడరు.,translated,
home.beacon.couldnt_withdraw_title,Couldn't withdraw,ఉపసంహరించలేకపోయాము,translated,
home.beacon.couldnt_withdraw_body,Try again.,మళ్లీ ప్రయత్నించండి.,translated,
home.beacon.expiring,expiring,ముగుస్తోంది,translated,
home.beacon.minutes_short,{{n}} min,{{n}} నిమి,translated,
home.beacon.hours_short,{{h}}h,{{h}}గం,translated,
home.beacon.hours_minutes_short,{{h}}h {{m}}m,{{h}}గం {{m}}నిమి,translated,
home.beacon.sheet.eyebrow,AVAILABILITY BEACON,అందుబాటు బీకన్,translated,
home.beacon.sheet.title_new,Broadcast to nearby employers,సమీపంలోని యజమానులకు ప్రసారం చేయండి,translated,
home.beacon.sheet.title_existing,Update your beacon,మీ బీకన్‌ను నవీకరించండి,translated,
home.beacon.sheet.body,"Employers within ~10 km will see you in their ""workers available now"" list with one-tap call.","~10 కి.మీ లోపలి యజమానులు తమ ""ఇప్పుడు అందుబాటులో ఉన్న కార్మికులు"" జాబితాలో ఒక-ట్యాప్ కాల్‌తో మిమ్మల్ని చూస్తారు.",translated,
home.beacon.sheet.duration_title,HOW LONG?,ఎంతసేపు?,translated,
home.beacon.sheet.duration_1h_sub,1 hour,1 గంట,translated,
home.beacon.sheet.duration_2h_sub,2 hours,2 గంటలు,translated,
home.beacon.sheet.duration_4h_sub,Half day,అర్ధ రోజు,translated,
home.beacon.sheet.duration_8h_sub,Full day,పూర్తి రోజు,translated,
home.beacon.sheet.what_work_title,WHAT WORK?,ఏ పని?,translated,
home.beacon.sheet.selected_count,{{count}} selected,{{count}} ఎంచుకోబడింది,translated,
home.beacon.sheet.note_title,NOTE FOR EMPLOYERS · OPTIONAL,యజమానులకు గమనిక · ఐచ్ఛికం,translated,
home.beacon.sheet.note_placeholder,e.g. Have my own bike · can lift heavy,ఉదా. నాకు సొంత బైక్ ఉంది · బరువు ఎత్తగలను,translated,
home.beacon.sheet.schedule_title,WEEKLY SCHEDULE · OPTIONAL,వారాంతపు షెడ్యూల్ · ఐచ్ఛికం,translated,
home.beacon.sheet.repeat_weekly_title,Repeat every week,ప్రతి వారం పునరావృతం చేయండి,translated,
home.beacon.sheet.repeat_weekly_hint,Stay live on the same days + window without raising the beacon every day.,ప్రతిరోజూ బీకన్‌ను లేవనెత్తకుండా అదే రోజులు + విండోలో లైవ్‌లో ఉండండి.,translated,
home.beacon.sheet.from,FROM,నుండి,translated,
home.beacon.sheet.to,TO,వరకు,translated,
home.beacon.sheet.format_hint,Format HH:MM (24h). The beacon goes live automatically inside this window on the picked days.,ఫార్మాట్ HH:MM (24h). ఎంచుకున్న రోజులలో ఈ విండోలో బీకన్ స్వయంచాలకంగా లైవ్‌లోకి వస్తుంది.,translated,
home.beacon.sheet.broadcast_now,Broadcast now,ఇప్పుడే ప్రసారం చేయండి,translated,
home.beacon.sheet.update_beacon,Update beacon,బీకన్‌ను నవీకరించండి,translated,
home.beacon.sheet.broadcasting,Broadcasting…,ప్రసారం అవుతోంది…,translated,
home.beacon.sheet.couldnt_publish_title,Couldn't publish,ప్రచురించలేకపోయాము,translated,
home.beacon.sheet.location_needed_error,We need your location to broadcast. Try again in a moment.,ప్రసారం చేయడానికి మీ స్థానం అవసరం. క్షణంలో మళ్లీ ప్రయత్నించండి.,translated,
home.beacon.sheet.broadcast_a11y,Broadcast availability,అందుబాటును ప్రసారం చేయండి,translated,
home.beacon.sheet.duration_a11y_selected,"{{sub}}, selected","{{sub}}, ఎంచుకోబడింది",translated,
home.beacon.sheet.duration_a11y,{{sub}},{{sub}},translated,
home.beacon.sheet.trade_a11y_selected,"{{label}}, selected","{{label}}, ఎంచుకోబడింది",translated,
home.beacon.sheet.trade_a11y,{{label}},{{label}},translated,
home.beacon.sheet.day_a11y_selected,"Day {{n}}, selected","రోజు {{n}}, ఎంచుకోబడింది",translated,
home.beacon.sheet.day_a11y,Day {{n}},రోజు {{n}},translated,
home.beacon.sheet.hint_need_trade,Pick at least one type of work to broadcast.,ప్రసారం చేయడానికి కనీసం ఒక పనిని ఎంచుకోండి.,translated,
home.beacon.sheet.hint_need_day,Pick at least one day for the weekly schedule.,వారాంతపు షెడ్యూల్ కోసం కనీసం ఒక రోజును ఎంచుకోండి.,translated,
home.beacon.sheet.hint_need_wage,"Enter a wage amount, or turn off ""Name your wage"".",,MISSING — needs translation,
home.beacon.sheet.time_error,"Enter a valid window — HH:MM (24h), end after start.","సరైన సమయం నమోదు చేయండి — HH:MM (24h), ముగింపు ప్రారంభం తర్వాత.",translated,
home.beacon.sheet.summary_ready,Ready — nearby employers will see you the moment you broadcast.,సిద్ధం — ప్రసారం చేసిన వెంటనే సమీప యజమానులు మిమ్మల్ని చూస్తారు.,translated,
home.beacon.sheet.wage_title,OPEN SHIFT,,MISSING — needs translation,
home.beacon.sheet.wage_toggle_title,Name your wage,,MISSING — needs translation,
home.beacon.sheet.wage_toggle_hint,Turns this into a full open shift — nearby employers get notified.,,MISSING — needs translation,
home.beacon.sheet.wage_amount_label,Amount (₹),,MISSING — needs translation,
home.beacon.sheet.wage_period_label,Per,,MISSING — needs translation,
home.beacon.sheet.wage_period_hour,Hour,,MISSING — needs translation,
home.beacon.sheet.wage_period_day,Day,,MISSING — needs translation,
home.beacon.sheet.wage_period_week,Week,,MISSING — needs translation,
home.wage.eyebrow,LOCAL WAGE · LAST 30 DAYS,స్థానిక వేతనం · గత 30 రోజులు,translated,
home.wage.headline,{{trade}}s in {{city}} earn {{range}} per day,{{city}}లోని {{trade}} రోజుకు {{range}} సంపాదిస్తారు,translated,
home.wage.basis,Based on {{count}} live posts. Tap to see them →,{{count}} లైవ్ పోస్టుల ఆధారంగా. చూడటానికి ట్యాప్ చేయండి →,translated,
home.recommended.title,✨ Recommended for you,✨ మీ కోసం సిఫార్సు,translated,
home.recommended.subtitle,Based on your resume,మీ రెజ్యూమె ఆధారంగా,translated,
home.recommended.fallback_employer,Employer,యజమాని,translated,
home.recommended.urgent_pill,Urgent,అత్యవసరం,translated,
home.recommended.women_safe_pill,Women-safe,మహిళలకు సురక్షితం,translated,
profile.menu.applications,My Applications,నా దరఖాస్తులు,translated,
profile.menu.applications_count_one,{{count}} application,{{count}} దరఖాస్తు,translated,
profile.menu.applications_count_other,{{count}} applications,{{count}} దరఖాస్తులు,translated,
profile.menu.applications_empty,No applications yet,ఇంకా దరఖాస్తులు లేవు,translated,
profile.menu.my_jobs,My Jobs,నా ఉద్యోగాలు,translated,
profile.menu.saved_count,{{count}} saved,{{count}} సేవ్ చేయబడ్డాయి,translated,
profile.menu.saved_empty,No saved jobs yet,ఇంకా సేవ్ చేసిన ఉద్యోగాలు లేవు,translated,
profile.menu.earnings,My Earnings,నా సంపాదనలు,translated,
profile.menu.earnings_subtitle,Available with wallet,వాలెట్‌లో అందుబాటులో ఉంది,translated,
profile.menu.ratings,Ratings & Reviews,రేటింగ్‌లు,translated,
profile.menu.ratings_count,{{avg}} from {{count}} ratings,{{count}} రేటింగ్‌ల నుండి {{avg}},translated,
profile.menu.ratings_empty,No ratings yet,ఇంకా రేటింగ్‌లు లేవు,translated,
profile.menu.job_alerts,Job Alerts,ఉద్యోగ హెచ్చరికలు,translated,
profile.menu.job_alerts_subtitle,Get notified when matching jobs are posted,సరిపోలే ఉద్యోగాలు పోస్ట్ చేసినప్పుడు నోటిఫికేషన్ పొందండి,translated,
profile.menu.training,Training & courses,శిక్షణ & కోర్సులు,translated,
profile.menu.training_subtitle,Earn badges that show on your resume,మీ రెజ్యూమెలో కనిపించే బ్యాడ్జ్‌లను సంపాదించండి,translated,
profile.menu.skill_tests,Skill tests,నైపుణ్య పరీక్షలు,translated,
profile.menu.skill_tests_subtitle,"Prove your trade — 5 questions, 4 to pass","మీ ట్రేడ్‌ను నిరూపించండి — 5 ప్రశ్నలు, 4 సరిగా",translated,
profile.menu.referrals,Referral credit,రెఫరల్ క్రెడిట్,translated,
profile.menu.referrals_empty,Share jobs · earn ₹100 per hire,ఉద్యోగాలను పంచుకోండి · ప్రతి నియామకానికి ₹100,translated,
profile.menu.downloads,Download Center,డౌన్‌లోడ్ కేంద్రం,translated,
profile.menu.downloads_subtitle,Saved posts and offline content,సేవ్ చేసిన పోస్ట్‌లు మరియు ఆఫ్‌లైన్ కంటెంట్,translated,
profile.menu.settings,Settings,సెట్టింగ్‌లు,translated,
profile.menu.settings_subtitle,"Language, notifications, theme","భాష, నోటిఫికేషన్‌లు, థీమ్",translated,
profile.menu.my_job_subtitle,"Attendance, shifts and payslips","హాజరు, షిఫ్ట్‌లు మరియు పే స్లిప్‌లు",translated,
profile.menu.edit_profile,Edit Profile Details,ప్రొఫైల్‌ను సవరించండి,translated,
profile.menu.edit_profile_subtitle,"Name, bio, experience, availability","పేరు, బయో, అనుభవం, అందుబాటు",translated,
profile.sections.activity,ACTIVITY,కార్యకలాపం,translated,
profile.sections.account,ACCOUNT,ఖాతా,translated,
profile.sections.resume,RESUME,రెజ్యూమె,translated,
profile.sections.skills,SKILLS,నైపుణ్యాలు,translated,
profile.sections.expected_salary,EXPECTED SALARY,ఆశించిన జీతం,translated,
profile.sections.skills_gap,SKILLS GAP NEAR YOU,మీ ప్రాంతంలో నైపుణ్య అంతరం,translated,
settings.title,Settings,సెట్టింగ్‌లు,translated,
settings.language,Language,భాష,translated,
settings.language_hint,Saved on this device. Changes apply immediately.,ఈ పరికరంలో సేవ్ చేయబడింది. వెంటనే వర్తిస్తుంది.,translated,
settings.notifications,Notifications,నోటిఫికేషన్‌లు,translated,
settings.push_notifications,Push notifications,పుష్ నోటిఫికేషన్‌లు,translated,
settings.push_notifications_hint,"Applications, messages, ratings","దరఖాస్తులు, సందేశాలు, రేటింగ్‌లు",translated,
settings.appearance,Appearance,ప్రదర్శన,translated,
settings.appearance_light,Light,లైట్,translated,
settings.appearance_dark,Dark,డార్క్,translated,
settings.appearance_system,Use system setting,సిస్టమ్ సెట్టింగ్‌ను ఉపయోగించండి,translated,
settings.appearance_hint,The seeker side keeps its blue palette regardless — this affects employer screens and shared modals.,సీకర్ వైపు నీలి రంగు అలాగే ఉంటుంది — ఇది యజమాని స్క్రీన్‌లపై ప్రభావం చూపుతుంది.,translated,
settings.safety,Safety,భద్రత,translated,
settings.sos_label,Safety SOS,భద్రతా SOS,translated,
settings.sos_value,Set up emergency contact,అత్యవసర సంప్రదింపును ఏర్పాటు చేయండి,translated,
settings.sos_hint,One-tap help to a trusted contact if you ever feel unsafe at work.,పనిలో అసురక్షితంగా అనిపిస్తే ఒక ట్యాప్‌తో నమ్మకమైన వ్యక్తికి సహాయం పొందండి.,translated,
settings.account,Account,ఖాతా,translated,
settings.email,Email,ఇమెయిల్,translated,
settings.email_change_title,Change email,ఇమెయిల్‌ని మార్చండి,translated,
settings.email_change_body,Email changes require verification — coming soon.,ఇమెయిల్ మార్పుకు ధృవీకరణ అవసరం — త్వరలో వస్తుంది.,translated,
settings.sign_out,Sign out,సైన్ ఔట్,translated,
settings.sign_out_confirm_title,Sign out?,సైన్ ఔట్ చేయాలా?,translated,
settings.sign_out_confirm_body,You'll need to sign in again to use Doondo.,Doondo ఉపయోగించడానికి మళ్లీ సైన్ ఇన్ చేయాలి.,translated,
settings.delete_account,Delete account,ఖాతాను తొలగించండి,translated,
settings.delete_confirm_title,Delete your account?,మీ ఖాతాను తొలగించాలా?,translated,
settings.delete_confirm_body,"This is permanent — all your applications, ratings, and chats will be erased. We're still building the in-app delete; email support@doondo.app to delete your account today.","ఇది శాశ్వతం — మీ అన్ని దరఖాస్తులు, రేటింగ్‌లు మరియు చాట్‌లు తొలగించబడతాయి. ప్రస్తుతానికి support@doondo.app కి ఇమెయిల్ పంపండి.",translated,
settings.email_support,Email support,సపోర్ట్‌కి ఇమెయిల్,translated,
settings.email_support_body,Send a delete request to support@doondo.app from the address on your account.,మీ ఖాతా ఇమెయిల్ నుండి support@doondo.app కి తొలగింపు అభ్యర్థన పంపండి.,translated,
signup.header,Create account,ఖాతా సృష్టించండి,translated,
signup.title,Join Doondo,Doondoలో చేరండి,translated,
signup.name,Name,పేరు,translated,
signup.name_for_worker,Worker's name,,MISSING — needs translation,
signup.email,Email,ఇమెయిల్,translated,
signup.password,Password,పాస్‌వర్డ్,translated,
signup.phone,Phone,ఫోన్,translated,
signup.phone_for_worker,Worker's phone,,MISSING — needs translation,
signup.phone_helper,Used to reset your password if you forget it.,,MISSING — needs translation,
signup.phone_for_worker_helper,The worker's number — employers will call here.,,MISSING — needs translation,
signup.assisted_toggle_label,Setting this up for someone else?,,MISSING — needs translation,
signup.assisted_toggle_hint,Common for family members helping a worker who can't use the app alone.,,MISSING — needs translation,
signup.submit,Create account,ఖాతా సృష్టించండి,translated,
signup.submitting,Creating account…,,MISSING — needs translation,
jobs.greeting.still_up,STILL UP,ఇంకా మేల్కొని ఉన్నారు,translated,
jobs.greeting.good_morning,GOOD MORNING,శుభోదయం,translated,
jobs.greeting.good_afternoon,GOOD AFTERNOON,శుభ మధ్యాహ్నం,translated,
jobs.greeting.good_evening,GOOD EVENING,శుభ సాయంత్రం,translated,
jobs.greeting.good_night,GOOD NIGHT,శుభ రాత్రి,translated,
jobs.greeting.hello_named,"Hello, {{name}} ","నమస్కారం, {{name}} ",translated,
jobs.greeting.hello_there,Hello there ,నమస్కారం ,translated,
jobs.subtitle.find_gig,Find your next gig nearby.,మీ సమీపంలో మీ తదుపరి పనిని కనుగొనండి.,translated,
jobs.subtitle.within_km_of_you,Within {{km}} km of you,మీకు {{km}} కి.మీ లోపు,translated,
jobs.subtitle.within_km_of_your_area,Within {{km}} km of your area,మీ ప్రాంతం యొక్క {{km}} కి.మీ లోపు,translated,
jobs.subtitle.demo_location,Demo location — turn on GPS to see your area,డెమో ప్రాంతం — మీ ప్రాంతం చూడటానికి GPS ఆన్ చేయండి,translated,
jobs.subtitle.within_km_of_place,Within {{km}} km of {{place}},{{place}} నుండి {{km}} కిమీ లోపల,translated,
jobs.job_count_one,{{count}} job,{{count}} ఉద్యోగం,translated,
jobs.job_count_other,{{count}} jobs,{{count}} ఉద్యోగాలు,translated,
jobs.view.list,List,జాబితా,translated,
jobs.view.map,Map,మ్యాప్,translated,
jobs.search.placeholder,"Search by skill, title, company","నైపుణ్యం, శీర్షిక లేదా కంపెనీ ద్వారా శోధించండి",translated,
jobs.sections.distance,DISTANCE,దూరం,translated,
jobs.sections.recommended_for_you,Recommended for you,మీ కోసం సిఫార్సు,translated,
jobs.sections.see_all_arrow,See all →,అన్నీ చూడండి →,translated,
jobs.filters.all,All,అన్నీ,translated,
jobs.filters.women_safe_only,Women-safe only,మహిళలకు సురక్షితమైనవి మాత్రమే,translated,
jobs.km_chip,{{km}} km,{{km}} కి.మీ,translated,
jobs.empty.eyebrow,QUIET HERE,ఇక్కడ నిశ్శబ్దం,translated,
jobs.empty.title,No jobs in this radius yet,ఈ పరిధిలో ఇంకా ఉద్యోగాలు లేవు,translated,
jobs.empty.message,Try widening the area or check back in a bit — new posts land throughout the day.,పరిధిని విస్తరించి ప్రయత్నించండి లేదా కొంత సమయం తర్వాత తనిఖీ చేయండి — రోజంతా కొత్త పోస్ట్‌లు వస్తాయి.,translated,
jobs.apply_alert.title,Applied,దరఖాస్తు చేయబడింది,translated,
jobs.apply_alert.couldnt_apply_title,Couldn't apply,దరఖాస్తు చేయలేకపోయాము,translated,
jobs.apply_alert.please_try_again,Please try again.,దయచేసి మళ్లీ ప్రయత్నించండి.,translated,
jobs.mass_apply.applied_one,{{count}} application sent.,{{count}} దరఖాస్తు పంపబడింది.,translated,
jobs.mass_apply.applied_other,{{count}} applications sent.,{{count}} దరఖాస్తులు పంపబడ్డాయి.,translated,
jobs.mass_apply.already_one,{{count}} you'd already applied to.,{{count}} కి మీరు ఇప్పటికే దరఖాస్తు చేశారు.,translated,
jobs.mass_apply.already_other,{{count}} you'd already applied to.,{{count}} కు మీరు ఇప్పటికే దరఖాస్తు చేశారు.,translated,
jobs.mass_apply.closed_one,{{count}} closed before we could send.,పంపే ముందు {{count}} మూసివేయబడింది.,translated,
jobs.mass_apply.closed_other,{{count}} closed before we could send.,పంపే ముందు {{count}} మూసివేయబడ్డాయి.,translated,
jobs.mass_apply.missing_one,{{count}} no longer available.,{{count}} ఇకపై అందుబాటులో లేదు.,translated,
jobs.mass_apply.missing_other,{{count}} no longer available.,{{count}} ఇకపై అందుబాటులో లేవు.,translated,
jobs.mass_apply.failed_one,{{count}} couldn't be sent — please try again.,{{count}} పంపలేకపోయాము — దయచేసి మళ్లీ ప్రయత్నించండి.,translated,
jobs.mass_apply.failed_other,{{count}} couldn't be sent — please try again.,{{count}} పంపలేకపోయాము — దయచేసి మళ్లీ ప్రయత్నించండి.,translated,
jobs.mass_apply.none_sent,No applications sent.,ఎటువంటి దరఖాస్తులు పంపబడలేదు.,translated,
jobs.card.urgent,Urgent,అత్యవసరం,translated,
jobs.card.women_safe,Women-safe,మహిళలకు సురక్షితం,translated,
jobs.card.verified,Verified,ధృవీకరించబడింది,translated,
jobs.card.default_employer,Doondo Employer,Doondo యజమాని,translated,
jobs.card.time.just_now,just now,ఇప్పుడే,translated,
jobs.card.time.minutes_ago,{{m}}m ago,{{m}} నిమి క్రితం,translated,
jobs.card.time.hours_ago,{{h}}h ago,{{h}} గం క్రితం,translated,
jobs.card.time.days_ago,{{d}}d ago,{{d}} రోజుల క్రితం,translated,
jobs.selection.cancel,Cancel,రద్దు,translated,
jobs.selection.count_selected,{{count}} selected,{{count}} ఎంచుకోబడింది,translated,
jobs.selection.long_press_hint,Long-press to add or remove,జోడించడానికి లేదా తీసివేయడానికి ఎక్కువసేపు నొక్కండి,translated,
jobs.selection.applying,Applying…,దరఖాస్తు చేస్తోంది…,translated,
jobs.selection.apply_to_count,Apply to {{count}},{{count}} కు దరఖాస్తు చేయండి,translated,
jobs.swipe.title,Same-day swipe,ఈ రోజు స్వైప్,translated,
jobs.swipe.hint,Swipe right to express interest · left to skip · up to save,ఆసక్తి చూపించడానికి కుడివైపు స్వైప్ చేయండి · వదిలేయడానికి ఎడమవైపు · సేవ్ చేయడానికి పైకి,translated,
jobs.swipe.empty_eyebrow,THAT'S ALL,అంతే,translated,
jobs.swipe.empty_title,No more jobs today,ఈ రోజు ఇంకా ఉద్యోగాలు లేవు,translated,
jobs.swipe.empty_message,"Try the full list, or come back later — new urgent posts land throughout the day.",పూర్తి జాబితాను ప్రయత్నించండి లేదా తరువాత తిరిగి రండి — రోజంతా కొత్త అత్యవసర పోస్ట్‌లు వస్తాయి.,translated,
jobs.swipe.tap_for_details,Tap to see full details,పూర్తి వివరాలు చూడడానికి ట్యాప్ చేయండి,translated,
jobs.swipe.fallback_employer,Employer,యజమాని,translated,
jobs.swipe.overlay_interested,INTERESTED,ఆసక్తి,translated,
jobs.swipe.overlay_skip,SKIP,వదిలేయి,translated,
jobs.swipe.overlay_save,SAVE,సేవ్,translated,
jobs.swipe.entry_title,Same-day swipe,ఈరోజు స్వైప్,translated,
jobs.swipe.entry_subtitle,Swipe through today's urgent jobs,నేటి అత్యవసర పనులను స్వైప్ చేయండి,translated,
jobs.change_location,Change,మార్చు,translated,
jobs.no_jobs_in_place.title,No jobs in {{place}} yet,{{place}}లో ఇంకా ఉద్యోగాలు లేవు,translated,
jobs.no_jobs_in_place.message,"Try a wider distance, or get notified when a job opens here.","ఎక్కువ దూరాన్ని ప్రయత్నించండి, లేదా ఇక్కడ ఉద్యోగం తెరిచినప్పుడు తెలియజేయించుకోండి.",translated,
jobs.no_jobs_in_place.notify,Notify me,నాకు తెలియజేయి,translated,
jobs.clear_location,Clear location,స్థానాన్ని తొలగించు,translated,
jobs.hiring_requests_banner.title_one,{{count}} employer wants to hire you,{{count}} యజమాని మిమ్మల్ని నియమించుకోవాలనుకుంటున్నారు,translated,
jobs.hiring_requests_banner.title_other,{{count}} employers want to hire you,{{count}} మంది యజమానులు మిమ్మల్ని నియమించుకోవాలనుకుంటున్నారు,translated,
jobs.hiring_requests_banner.subtitle,Tap to view and respond,చూడటానికి మరియు స్పందించడానికి నొక్కండి,translated,
job_detail.report_wage_issue_cta,Report a wage issue,,MISSING — needs translation,
job_detail.apply_now,Apply Now,ఇప్పుడే దరఖాస్తు చేయండి,translated,
job_detail.applied,Applied ✓,దరఖాస్తు చేయబడింది ✓,translated,
job_detail.im_interested,✋ I'm interested,✋ నాకు ఆసక్తి ఉంది,translated,
job_detail.interest_sent,✓ Interest sent,✓ ఆసక్తి పంపబడింది,translated,
job_detail.sending,Sending…,పంపుతోంది…,translated,
job_detail.call_employer,📞 Call employer,📞 కాల్ చేయండి,translated,
job_detail.cover_letter,Cover letter,కవర్ లెటర్,translated,
job_detail.cover_letter_optional,optional,ఐచ్ఛికం,translated,
job_detail.cover_letter_hint,Tell the employer why you're the right person.,మీరు సరైన వ్యక్తి అని యజమానికి చెప్పండి.,translated,
job_detail.header_title,Job Details,ఉద్యోగ వివరాలు,translated,
job_detail.header.share_a11y,Share this job,ఈ ఉద్యోగాన్ని షేర్ చేయండి,translated,
job_detail.header.save_offline_a11y,Save for offline,ఆఫ్‌లైన్ కోసం సేవ్ చేయండి,translated,
job_detail.header.remove_offline_a11y,Remove from offline,ఆఫ్‌లైన్ నుండి తొలగించండి,translated,
job_detail.load_error.eyebrow,UNAVAILABLE,అందుబాటులో లేదు,translated,
job_detail.load_error.title,Couldn't load this job,ఈ ఉద్యోగాన్ని లోడ్ చేయలేకపోయాము,translated,
job_detail.load_error.message,"It may have been removed, or your connection dropped.",ఇది తొలగించబడి ఉండవచ్చు లేదా మీ కనెక్షన్ తెగిపోయింది.,translated,
job_detail.load_error.close,Close,మూసివేయి,translated,
job_detail.share.urgent_line,⚡ Urgent — start soon,⚡ అత్యవసరం — త్వరగా ప్రారంభించండి,translated,
job_detail.share.see_apply,See and apply on Doondo:,Doondo లో చూడండి మరియు దరఖాస్తు చేయండి:,translated,
job_detail.share.referral_bonus,"💰 If you get hired, I earn a ₹100 referral bonus.",💰 మీరు నియమించబడితే నేను ₹100 రెఫరల్ బోనస్ సంపాదిస్తాను.,translated,
job_detail.section.description,Job Description,ఉద్యోగ వివరణ,translated,
job_detail.section.requirements,Requirements,అవసరాలు,translated,
job_detail.cover_letter_field.placeholder,e.g. I have 4 years of office admin experience and I can start immediately. Comfortable with Tally and Excel.,ఉదా. నాకు 4 సంవత్సరాల ఆఫీస్ అడ్మిన్ అనుభవం ఉంది మరియు వెంటనే ప్రారంభించగలను. Tally మరియు Excel లో సౌకర్యవంతంగా ఉన్నాను.,translated,
job_detail.cover_letter_field.chars_remaining,{{n}} characters left,{{n}} అక్షరాలు మిగిలాయి,translated,
job_detail.work_mode.remote,Fully remote,పూర్తిగా రిమోట్,translated,
job_detail.work_mode.hybrid,Hybrid (some days at home),హైబ్రిడ్ (కొన్ని రోజులు ఇంటి నుండి),translated,
job_detail.urgent_pill,Urgent,అత్యవసరం,translated,
job_detail.project_pill,{{days}}-day project · {{start}} → {{end}},,MISSING — needs translation,
job_detail.applied_card.applied_sent_title,Application sent,దరఖాస్తు పంపబడింది,translated,
job_detail.applied_card.interest_sent_title,Interest sent,ఆసక్తి పంపబడింది,translated,
job_detail.applied_card.applied_sent_message,Track its status in the Applications tab.,Applications ట్యాబ్‌లో స్థితిని ట్రాక్ చేయండి.,translated,
job_detail.applied_card.interest_sent_message,You can call the employer now — they're expecting to hear from you.,మీరు ఇప్పుడు యజమానిని కాల్ చేయవచ్చు — వారు మీ కాల్ కోసం ఎదురుచూస్తున్నారు.,translated,
job_detail.applied_card.offline_queued_title,Saved on your phone,మీ ఫోన్‌లో సేవ్ చేయబడింది,translated,
job_detail.applied_card.offline_queued_message,You're offline right now. We've saved your application — it will be sent automatically the moment you're back online.,మీరు ప్రస్తుతం ఆఫ్‌లైన్‌లో ఉన్నారు. మేము మీ దరఖాస్తును సేవ్ చేశాం — ఇంటర్నెట్ రాగానే ఇది ఆటోమేటిక్‌గా పంపబడుతుంది.,translated,
job_detail.errors.already_applied,You already applied to this job.,మీరు ఇప్పటికే ఈ ఉద్యోగానికి దరఖాస్తు చేశారు.,translated,
job_detail.errors.already_interested,You've already shown interest in this job.,మీరు ఇప్పటికే ఈ ఉద్యోగంలో ఆసక్తి చూపించారు.,translated,
job_detail.errors.job_not_open,This job is no longer accepting applications.,ఈ ఉద్యోగం ఇకపై దరఖాస్తులను అంగీకరించడం లేదు.,translated,
job_detail.errors.generic,Something went wrong.,ఏదో తప్పు జరిగింది.,translated,
job_detail.cta_a11y.apply_now,Apply Now,ఇప్పుడే దరఖాస్తు చేయండి,translated,
job_detail.cta_a11y.im_interested,I'm interested,నాకు ఆసక్తి ఉంది,translated,
job_detail.save.save_a11y,Save job,ఉద్యోగాన్ని సేవ్ చేయండి,translated,
job_detail.save.unsave_a11y,Unsave job,సేవ్‌ను తీసివేయండి,translated,
job_detail.team.applying_as_team,Applying as a team of {{count}},{{count}} మంది బృందంగా దరఖాస్తు చేస్తున్నారు,translated,
job_detail.team.add_teammates_hint,Add your teammates so the employer knows who's coming.,ఎవరు వస్తున్నారో యజమాని తెలుసుకోవడానికి మీ తోటి ఉద్యోగులను జోడించండి.,translated,
job_detail.team.teammate_name_placeholder,Teammate {{n}} name,తోటి {{n}} పేరు,translated,
job_detail.team.phone_placeholder,+91 9876543210,+91 9876543210,translated,
job_detail.team.add_teammate_btn,+ Add teammate,+ తోటి ఉద్యోగిని జోడించండి,translated,
job_detail.team.max_teammates_msg,Max {{cap}} teammates (you make {{team}}).,గరిష్టంగా {{cap}} తోటి ఉద్యోగులు (మీతో కలిపి {{team}}).,translated,
job_detail.audio.voice_unsupported,Voice description ({{duration}}) — playback not supported on this build.,వాయిస్ వివరణ ({{duration}}) — ఈ బిల్డ్‌లో ప్లేబ్యాక్ మద్దతు లేదు.,translated,
job_detail.audio.voice_listen,Listen to job description ({{duration}}),ఉద్యోగ వివరణను వినండి ({{duration}}),translated,
job_detail.audio.voice_playing,Playing… {{elapsed}} / {{duration}},ప్లే అవుతోంది… {{elapsed}} / {{duration}},translated,
job_detail.audio.play_a11y,Play voice description,వాయిస్ వివరణను ప్లే చేయండి,translated,
job_detail.audio.pause_a11y,Pause voice description,వాయిస్ వివరణను నిలిపివేయండి,translated,
job_detail.call.opening_dialer,Opening dialer…,డయలర్ తెరుచుకుంటోంది…,translated,
job_detail.call.call_employer,📞 Call employer,📞 యజమానిని కాల్ చేయండి,translated,
job_detail.call.call_a11y,Call the employer,యజమానిని కాల్ చేయండి,translated,
job_detail.call.couldnt_call_title,Couldn't call,కాల్ చేయలేకపోయాము,translated,
job_detail.call.couldnt_call_body,The employer hasn't added a phone number yet. Try messaging them in chat.,యజమాని ఇంకా ఫోన్ నంబర్ జోడించలేదు. చాట్‌లో సందేశం పంపడానికి ప్రయత్నించండి.,translated,
job_detail.call.couldnt_open_dialer,Couldn't open dialer,డయలర్ తెరవలేకపోయాము,translated,
job_detail.call.their_number_is,Their number is {{phone}},వారి నంబర్ {{phone}},translated,
job_detail.call.not_available_yet,Not available yet,ఇంకా అందుబాటులో లేదు,translated,
job_detail.call.couldnt_reveal,Couldn't reveal contact.,సంప్రదింపును చూపలేకపోయాము.,translated,
job_detail.pay_transparency.headline,Typical pay for {{type}} in {{city}}: ₹{{p25}}–{{p75}}{{period}},{{city}}లో {{type}}కు సాధారణ వేతనం: ₹{{p25}}–{{p75}}{{period}},translated,
job_detail.pay_transparency.below_typical,• Below typical range,• సాధారణ కంటే తక్కువ,translated,
job_detail.pay_transparency.above_typical,• Above typical range,• సాధారణ కంటే ఎక్కువ,translated,
job_detail.pay_transparency.type_full_time,full-time roles,పూర్తి సమయ పాత్రలు,translated,
job_detail.pay_transparency.type_part_time,part-time roles,పార్ట్ టైమ్ పాత్రలు,translated,
job_detail.pay_transparency.type_gig,gigs,గిగ్‌లు,translated,
job_detail.pay_transparency.type_shift,shift work,షిఫ్ట్ పని,translated,
job_detail.pay_transparency.type_contract,contracts,ఒప్పందాలు,translated,
job_detail.pay_transparency.period_hour, / hr, / గంట,translated,
job_detail.pay_transparency.period_day, / day, / రోజు,translated,
job_detail.pay_transparency.period_week, / wk, / వారం,translated,
job_detail.pay_transparency.period_month, / mo, / నెల,translated,
job_detail.pay_transparency.period_fixed, (one-time), (ఒక్కసారి),translated,
job_detail.distance_away_m,{{n}} m away,{{n}} మీ దూరం,translated,
job_detail.distance_away_km,{{n}} km away,{{n}} కి.మీ దూరం,translated,
job_detail.schedule_hours,{{n}} hr/day,{{n}} గం/రోజు,translated,
profile_screen.switch_account_a11y,Switch account,ఖాతా మార్చండి,translated,
profile_screen.verified_worker,✓ Verified Worker,✓ ధృవీకరించబడిన కార్మికుడు,translated,
profile_screen.rated_count,· {{count}} rated,· {{count}} మంది రేటింగ్ ఇచ్చారు,translated,
profile_screen.member_since,Member since {{when}},{{when}} నుండి సభ్యుడు,translated,
profile_screen.profile_completion_label,PROFILE COMPLETION,ప్రొఫైల్ పూర్తి,translated,
profile_screen.update_photo_failed,Failed to update photo,ఫోటోను అప్‌డేట్ చేయలేకపోయాము,translated,
profile_screen.could_not_prepare_photo,Could not prepare that photo — try a different image.,ఆ ఫోటోను సిద్ధం చేయలేకపోయాము — వేరే చిత్రాన్ని ప్రయత్నించండి.,translated,
profile_screen.edit_salary_a11y,Edit expected salary,ఆశించిన జీతం సవరించండి,translated,
profile_screen.ratings_banner.title_one,Rate your last employer,మీ చివరి యజమానిని రేటింగ్ ఇవ్వండి,translated,
profile_screen.ratings_banner.title_other,{{count}} ratings pending,{{count}} రేటింగ్‌లు పెండింగ్‌లో ఉన్నాయి,translated,
profile_screen.ratings_banner.body_one,{{name}} · {{job}},{{name}} · {{job}},translated,
profile_screen.ratings_banner.body_other,Help other workers by leaving a review.,సమీక్ష ద్వారా ఇతర కార్మికులకు సహాయం చేయండి.,translated,
profile_screen.ratings_banner.cta,Rate ›,రేటింగ్ ›,translated,
profile_screen.stats.applications,Applications,దరఖాస్తులు,translated,
profile_screen.stats.saved_jobs,Saved jobs,సేవ్ చేసిన ఉద్యోగాలు,translated,
profile_screen.stats.rating,Rating,రేటింగ్,translated,
profile_screen.salary.eyebrow,You're looking for,మీరు కోరుతున్నది,translated,
profile_screen.salary.empty_title,Set your expected salary,మీ ఆశించిన జీతాన్ని సెట్ చేయండి,translated,
profile_screen.salary.empty_subtitle,Helps employers match the right roles,సరైన పాత్రలను సరిపోల్చడంలో యజమానులకు సహాయపడుతుంది,translated,
profile_screen.salary.edit,Edit,మార్చు,translated,
profile_screen.salary.period_hour,Per hour,గంటకు,translated,
profile_screen.salary.period_day,Per day,రోజుకు,translated,
profile_screen.salary.period_week,Per week,వారానికి,translated,
profile_screen.salary.period_month,Per month,నెలకు,translated,
profile_screen.salary.period_fixed,Fixed total,నిర్ణీత మొత్తం,translated,
profile_screen.skills_card.empty_title,Add your skills,మీ నైపుణ్యాలను జోడించండి,translated,
profile_screen.skills_card.empty_subtitle,Employers find you faster when you list what you're good at.,మీరు ఏమి చేయగలరో జాబితా చేస్తే యజమానులు మిమ్మల్ని వేగంగా కనుగొంటారు.,translated,
profile_screen.skills_card.empty_cta,Add skills,నైపుణ్యాలను జోడించండి,translated,
profile_screen.skills_card.add_or_edit,+ Add or edit skills,+ నైపుణ్యాలను జోడించండి లేదా సవరించండి,translated,
profile_screen.views_banner.title_one,{{n}} employer viewed your profile this week,ఈ వారం {{n}} యజమాని మీ ప్రొఫైల్ చూశారు,translated,
profile_screen.views_banner.title_other,{{n}} employers viewed your profile this week,ఈ వారం {{n}} యజమానులు మీ ప్రొఫైల్ చూశారు,translated,
profile_screen.views_banner.subtitle_engaged,You're getting noticed — keep your profile fresh to convert views into hires.,మీరు గమనించబడుతున్నారు — వీక్షణలను ఉద్యోగాలుగా మార్చడానికి మీ ప్రొఫైల్‌ను తాజాగా ఉంచండి.,translated,
profile_screen.views_banner.subtitle_add_more,Add work photos or a skill test to stand out.,ప్రత్యేకంగా నిలబడటానికి పని ఫోటోలు లేదా నైపుణ్య పరీక్షను జోడించండి.,translated,
profile_screen.suggestions.eyebrow,ADD SKILL · +{{n}}%,నైపుణ్యం జోడించండి · +{{n}}%,translated,
profile_screen.suggestions.jobs_need_one,{{count}} job needs it near you,మీ సమీపంలో {{count}} ఉద్యోగానికి ఇది అవసరం,translated,
profile_screen.suggestions.jobs_need_other,{{count}} jobs need it near you,మీ సమీపంలో {{count}} ఉద్యోగాలకు ఇది అవసరం,translated,
profile_screen.suggestions.add_to_skills,Add to my skills →,నా నైపుణ్యాలకు జోడించండి →,translated,
profile_screen.referrals.subtitle_earned,₹{{amount}} earned · {{count}} hired,₹{{amount}} సంపాదించారు · {{count}} మంది నియమించబడ్డారు,translated,
profile_screen.referrals.subtitle_empty,Share jobs · earn ₹100 per hire,ఉద్యోగాలను పంచుకోండి · ప్రతి నియామకానికి ₹100,translated,
profile_screen.menu_extra.cash_advance,Cash advance,నగదు అడ్వాన్స్,translated,
profile_screen.menu_extra.cash_advance_subtitle,"Borrow against confirmed upcoming work (up to ₹5,000)","ధృవీకరించబడిన రాబోయే పనికి వ్యతిరేకంగా అప్పు తీసుకోండి (₹5,000 వరకు)",translated,
profile_screen.menu_extra.worker_insurance,Worker insurance,కార్మిక బీమా,translated,
profile_screen.menu_extra.worker_insurance_subtitle,₹49/month accident cover · opt-in any time,₹49/నెల ప్రమాద కవరేజ్ · ఎప్పుడైనా చేరండి,translated,
profile_screen.menu_extra.interview_prep,Interview prep,ఇంటర్వ్యూ తయారీ,translated,
profile_screen.menu_extra.interview_prep_subtitle,"Common questions, what to bring, how to talk pay","సాధారణ ప్రశ్నలు, ఏమి తీసుకెళ్లాలి, జీతం గురించి ఎలా మాట్లాడాలి",translated,
profile_screen.menu_extra.find_friends,Find friends on Doondo,Doondoలో స్నేహితులను కనుగొనండి,translated,
profile_screen.menu_extra.find_friends_subtitle,"Match your contacts · invite friends, earn ₹100 per hire","మీ పరిచయాలను సరిపోల్చండి · స్నేహితులను ఆహ్వానించండి, ప్రతి నియామకానికి ₹100",translated,
profile_screen.menu_extra.trade_buddies,Trade buddies,వాణిజ్య మిత్రులు,translated,
profile_screen.menu_extra.trade_buddies_subtitle,Find a mentor in your trade — or mentor others,మీ వ్యాపారంలో గురువును కనుగొనండి — లేదా ఇతరులకు మార్గనిర్దేశం చేయండి,translated,
profile_screen.menu_extra.my_resume,My resume,నా రెజ్యూమె,translated,
profile_screen.menu_extra.my_resume_subtitle_one,{{count}} job · tap to view or share,{{count}} ఉద్యోగం · చూడటానికి లేదా షేర్ చేయడానికి ట్యాప్ చేయండి,translated,
profile_screen.menu_extra.my_resume_subtitle_other,{{count}} jobs · tap to view or share,{{count}} ఉద్యోగాలు · చూడటానికి లేదా షేర్ చేయడానికి ట్యాప్ చేయండి,translated,
profile_screen.menu_extra.build_resume,Build my resume,నా రెజ్యూమె సృష్టించండి,translated,
profile_screen.menu_extra.build_resume_subtitle,Walk through your last 1–5 jobs,మీ చివరి 1–5 ఉద్యోగాల ద్వారా వెళ్ళండి,translated,
profile_screen.menu_extra.ratings_count_one,{{avg}} from {{count}} rating,{{count}} రేటింగ్ నుండి {{avg}},translated,
profile_screen.menu_extra.ratings_count_other,{{avg}} from {{count}} ratings,{{count}} రేటింగ్‌ల నుండి {{avg}},translated,
profile_screen.menu_extra.hiring_requests,Hiring requests,నియామక అభ్యర్థనలు,translated,
profile_screen.menu_extra.hiring_requests_subtitle,Job offers from employers,యజమానుల నుండి ఉద్యోగ ఆఫర్‌లు,translated,
profile_screen.signout.button,Sign out,సైన్ ఔట్,translated,
profile_screen.signout.confirm_title,Sign out?,సైన్ ఔట్ చేయాలా?,translated,
profile_screen.signout.confirm_body,You'll need to sign in again to use Doondo.,Doondo ఉపయోగించడానికి మళ్లీ సైన్ ఇన్ చేయాలి.,translated,
profile_screen.signout.cancel,Cancel,రద్దు,translated,
profile_screen.signout.confirm,Sign out,సైన్ ఔట్,translated,
applications.title,My Applications,నా దరఖాస్తులు,translated,
applications.pipeline_summary_one,{{open}} awaiting reply · {{shortlisted}} shortlisted · {{interviewCount}} interview · {{hired}} hired,{{open}} ప్రత్యుత్తరం కోసం వేచి · {{shortlisted}} షార్ట్‌లిస్ట్ · {{interviewCount}} ఇంటర్వ్యూ · {{hired}} నియామకం,translated,
applications.pipeline_summary_other,{{open}} awaiting reply · {{shortlisted}} shortlisted · {{interviewCount}} interviews · {{hired}} hired,{{open}} ప్రత్యుత్తరం కోసం వేచి · {{shortlisted}} షార్ట్‌లిస్ట్ · {{interviewCount}} ఇంటర్వ్యూలు · {{hired}} నియామకం,translated,
applications.filters.open,Open,తెరిచినవి,translated,
applications.filters.shortlisted,Shortlisted,షార్ట్‌లిస్ట్,translated,
applications.filters.hired,Hired,నియమించబడింది,translated,
applications.filters.rejected,Rejected,తిరస్కరించబడింది,translated,
applications.filters.all,All,అన్నీ,translated,
applications.empty.eyebrow,NO APPLICATIONS YET,ఇంకా దరఖాస్తులు లేవు,translated,
applications.empty.title,You haven't applied to any jobs,మీరు ఏ ఉద్యోగానికి దరఖాస్తు చేయలేదు,translated,
applications.empty.message,Browse nearby jobs and tap Apply — you'll see every application's status here.,సమీప ఉద్యోగాలను బ్రౌజ్ చేసి Apply ట్యాప్ చేయండి — ప్రతి దరఖాస్తు స్థితిని ఇక్కడ చూస్తారు.,translated,
applications.empty.cta,Browse jobs,ఉద్యోగాలను బ్రౌజ్ చేయండి,translated,
applications.status.pending,Pending,పెండింగ్‌లో,translated,
applications.status.viewed,Viewed,చూడబడింది,translated,
applications.status.shortlisted,Shortlisted,షార్ట్‌లిస్ట్,translated,
applications.status.rejected,Not selected,ఎంపిక కాలేదు,translated,
applications.status.hired,✓ Hired,✓ నియమించబడింది,translated,
applications.status.withdrawn,Withdrawn,ఉపసంహరించబడింది,translated,
applications.interview_scheduled,Interview {{when}},ఇంటర్వ్యూ {{when}},translated,
applications.rate_now_title,Rate {{name}},{{name}}ను రేటింగ్ ఇవ్వండి,translated,
applications.rate_now_cta,Rate now ›,ఇప్పుడే రేటింగ్ ఇవ్వండి ›,translated,
applications.applied_when,Applied {{when}},{{when}} దరఖాస్తు చేశారు,translated,
applications.time.just_now,just now,ఇప్పుడే,translated,
applications.time.min_ago,{{n}} min ago,{{n}} నిమి క్రితం,translated,
applications.time.hr_ago,{{n}} hr ago,{{n}} గం క్రితం,translated,
applications.time.day_ago_one,{{n}} day ago,{{n}} రోజు క్రితం,translated,
applications.time.day_ago_other,{{n}} days ago,{{n}} రోజుల క్రితం,translated,
applications.time.minute_ago_one,{{n}} minute ago,{{n}} నిమిషం క్రితం,translated,
applications.time.minute_ago_other,{{n}} minutes ago,{{n}} నిమిషాల క్రితం,translated,
applications.time.hour_ago_one,{{n}} hour ago,{{n}} గంట క్రితం,translated,
applications.time.hour_ago_other,{{n}} hours ago,{{n}} గంటల క్రితం,translated,
applications.fallback.job_application,Job application,ఉద్యోగ దరఖాస్తు,translated,
applications.fallback.employer,Employer,యజమాని,translated,
applications.fallback.job,Job,ఉద్యోగం,translated,
applications.legacy.eyebrow,APPLICATIONS,దరఖాస్తులు,translated,
applications.legacy.heading,Where you stand.,మీరు ఎక్కడున్నారు.,translated,
applications.legacy.section_active,Active,క్రియాశీలం,translated,
applications.legacy.section_past,Past,గత,translated,
applications.legacy.status_sent,Sent,పంపబడింది,translated,
applications.legacy.error_eyebrow,OFFLINE,ఆఫ్‌లైన్,translated,
applications.legacy.error_title,Couldn't load your applications,మీ దరఖాస్తులను లోడ్ చేయలేకపోయాము,translated,
applications.legacy.error_message,Check your connection and pull down to retry.,మీ కనెక్షన్‌ను తనిఖీ చేసి మళ్లీ ప్రయత్నించడానికి కిందికి లాగండి.,translated,
applications.legacy.empty_eyebrow,NOTHING IN FLIGHT,ఏదీ ప్రవాహంలో లేదు,translated,
applications.legacy.empty_title,No applications yet,ఇంకా దరఖాస్తులు లేవు,translated,
applications.legacy.empty_message,Apply to a nearby job and you'll see its status here in real time.,సమీప ఉద్యోగానికి దరఖాస్తు చేసి దాని స్థితిని ఇక్కడ నిజ సమయంలో చూడండి.,translated,
applications.legacy.interview_pill,Interview · {{when}}{{where}},ఇంటర్వ్యూ · {{when}}{{where}},translated,
applications.legacy.interview_at, at {{location}}, {{location}}లో,translated,
applications.legacy.interview_video_link, (video — link in chat), (వీడియో — లింక్ చాట్‌లో),translated,
applications.legacy.interview_video, (video), (వీడియో),translated,
applications.legacy.interview_phone, (phone), (ఫోన్),translated,
applications.open_my_job,Open in My Job →,,MISSING — needs translation,
saved_jobs.eyebrow,SAVED,సేవ్ చేయబడింది,translated,
saved_jobs.title,Your shortlist.,మీ షార్ట్‌లిస్ట్.,translated,
saved_jobs.error.eyebrow,OFFLINE,ఆఫ్‌లైన్,translated,
saved_jobs.error.title,Couldn't load your saved jobs,మీ సేవ్ చేసిన ఉద్యోగాలను లోడ్ చేయలేకపోయాము,translated,
saved_jobs.error.message,"Pull down to retry, or check your connection.",మళ్లీ ప్రయత్నించడానికి కిందికి లాగండి లేదా మీ కనెక్షన్‌ను తనిఖీ చేయండి.,translated,
saved_jobs.empty.eyebrow,NOTHING SAVED,ఏదీ సేవ్ చేయబడలేదు,translated,
saved_jobs.empty.title,Your shortlist is empty,మీ షార్ట్‌లిస్ట్ ఖాళీగా ఉంది,translated,
saved_jobs.empty.message,Tap the bookmark on any job card and it'll appear here for later.,"ఏదైనా ఉద్యోగ కార్డ్‌లో బుక్‌మార్క్ ట్యాప్ చేయండి, తర్వాత ఇది ఇక్కడ కనిపిస్తుంది.",translated,
my_jobs.title,My Jobs,నా ఉద్యోగాలు,translated,
my_jobs.tabs.saved,Saved,సేవ్ చేసిన,translated,
my_jobs.tabs.applied,Applied,దరఖాస్తు చేసిన,translated,
my_jobs.empty.saved_eyebrow,NOTHING SAVED,ఏదీ సేవ్ చేయబడలేదు,translated,
my_jobs.empty.saved_title,No saved jobs yet,ఇంకా సేవ్ చేసిన ఉద్యోగాలు లేవు,translated,
my_jobs.empty.saved_message,Tap the heart on any job to save it for later.,తర్వాత సేవ్ చేయడానికి ఏదైనా ఉద్యోగంపై హృదయాన్ని ట్యాప్ చేయండి.,translated,
my_jobs.empty.applied_eyebrow,NO APPLICATIONS,దరఖాస్తులు లేవు,translated,
my_jobs.empty.applied_title,No applied jobs yet,ఇంకా దరఖాస్తు చేసిన ఉద్యోగాలు లేవు,translated,
my_jobs.empty.applied_message,Browse nearby jobs and tap Apply Now.,సమీప ఉద్యోగాలను బ్రౌజ్ చేసి Apply Now ట్యాప్ చేయండి.,translated,
my_jobs.empty.cta,Browse jobs,ఉద్యోగాలను బ్రౌజ్ చేయండి,translated,
ratings.back,← Back,← వెనుకకు,translated,
ratings.my_ratings,My ratings,నా రేటింగ్‌లు,translated,
ratings.others_ratings,Ratings,రేటింగ్‌లు,translated,
ratings.error_title,Couldn't load ratings,రేటింగ్‌లను లోడ్ చేయలేకపోయాము,translated,
ratings.empty_title,No ratings yet,ఇంకా రేటింగ్‌లు లేవు,translated,
ratings.empty_my_message,"Once an employer rates you after a hire, you'll see it here.",ఒక యజమాని నియామకం తర్వాత మిమ్మల్ని రేటింగ్ ఇస్తే ఇక్కడ చూస్తారు.,translated,
ratings.empty_other_message,This person hasn't been rated yet.,ఈ వ్యక్తికి ఇంకా రేటింగ్ ఇవ్వలేదు.,translated,
chat_list.title,Conversations,సంభాషణలు,translated,
chat_list.tabs.all,All,అన్నీ,translated,
chat_list.tabs.employers,Employers,యజమానులు,translated,
chat_list.tabs.support,Support,మద్దతు,translated,
chat_list.error_title,Couldn't load chats.,చాట్‌లను లోడ్ చేయలేకపోయాము.,translated,
chat_list.error_hint,Pull down to retry.,మళ్లీ ప్రయత్నించడానికి కిందికి లాగండి.,translated,
chat_list.new_chat_btn,+ New Chat,+ కొత్త చాట్,translated,
chat_list.fallback_name,Conversation,సంభాషణ,translated,
chat_list.preview_empty,Say hello.,హాయ్ చెప్పండి.,translated,
chat_list.empty_support_eyebrow,SUPPORT,మద్దతు,translated,
chat_list.empty_support_title,No support chats yet,ఇంకా మద్దతు చాట్‌లు లేవు,translated,
chat_list.empty_support_message,Doondo Support threads will show up here. Reach out to support anytime if you need help.,Doondo మద్దతు థ్రెడ్‌లు ఇక్కడ కనిపిస్తాయి. సహాయం కావాలంటే ఎప్పుడైనా సంప్రదించండి.,translated,
chat_list.empty_employers_eyebrow,NO EMPLOYER CHATS,యజమాని చాట్‌లు లేవు,translated,
chat_list.empty_employers_title,No employer chats yet,ఇంకా యజమాని చాట్‌లు లేవు,translated,
chat_list.empty_employers_message_employer,Employer-to-employer messaging will land here when networking ships.,యజమాని-యజమాని మెసేజింగ్ నెట్‌వర్కింగ్‌తో ఇక్కడ వస్తుంది.,translated,
chat_list.empty_employers_message_seeker,"Once an employer shortlists you for a job, the chat opens here.",యజమాని మిమ్మల్ని షార్ట్‌లిస్ట్ చేసిన తర్వాత చాట్ ఇక్కడ తెరుచుకుంటుంది.,translated,
chat_list.empty_all_eyebrow,INBOX EMPTY,ఇన్‌బాక్స్ ఖాళీ,translated,
chat_list.empty_all_title,No chats yet,ఇంకా చాట్‌లు లేవు,translated,
chat_list.empty_all_message_employer,Shortlist a candidate from the Applicants tab — a private chat opens automatically.,Applicants ట్యాబ్ నుండి అభ్యర్థిని షార్ట్‌లిస్ట్ చేయండి — ప్రైవేట్ చాట్ స్వయంచాలకంగా తెరుచుకుంటుంది.,translated,
chat_list.empty_all_message_seeker,"When an employer shortlists you for a job, you can chat with them right here. Apply to nearby jobs to get started.",యజమాని మిమ్మల్ని షార్ట్‌లిస్ట్ చేస్తే ఇక్కడే వారితో చాట్ చేయవచ్చు. ప్రారంభించడానికి సమీప ఉద్యోగాలకు దరఖాస్తు చేయండి.,translated,
chat_list.time_yesterday,Yesterday,నిన్న,translated,
chat_list.time_days_ago,{{n}} days ago,{{n}} రోజుల క్రితం,translated,
new_chat.title,New Chat,కొత్త చాట్,translated,
new_chat.hint,Pick a job you've applied to — start the conversation with the employer.,మీరు దరఖాస్తు చేసిన ఉద్యోగాన్ని ఎంచుకోండి — యజమానితో సంభాషణను ప్రారంభించండి.,translated,
new_chat.error_title,Couldn't load applications,దరఖాస్తులను లోడ్ చేయలేకపోయాము,translated,
new_chat.error_message,Check your connection and try again.,మీ కనెక్షన్‌ను తనిఖీ చేసి మళ్లీ ప్రయత్నించండి.,translated,
new_chat.retry_cta,Retry,మళ్లీ,translated,
new_chat.empty_title,No applications yet,ఇంకా దరఖాస్తులు లేవు,translated,
new_chat.empty_message,"Apply to a job first, then come back to start a chat with the employer.","ముందుగా ఉద్యోగానికి దరఖాస్తు చేయండి, తర్వాత యజమానితో చాట్‌ను ప్రారంభించడానికి తిరిగి రండి.",translated,
new_chat.empty_cta,Browse jobs,ఉద్యోగాలను బ్రౌజ్ చేయండి,translated,
new_chat.fallback_employer,Employer,యజమాని,translated,
new_chat.fallback_job_application,Job application,ఉద్యోగ దరఖాస్తు,translated,
download_center.title,Download Center,డౌన్‌లోడ్ కేంద్రం,translated,
download_center.hint,Jobs you've saved for offline viewing. Tap one to open it even without a signal.,ఆఫ్‌లైన్ వీక్షణ కోసం మీరు సేవ్ చేసిన ఉద్యోగాలు. సిగ్నల్ లేకుండా కూడా తెరవడానికి ఒకదాన్ని ట్యాప్ చేయండి.,translated,
download_center.empty_eyebrow,NOTHING DOWNLOADED,ఏదీ డౌన్‌లోడ్ చేయబడలేదు,translated,
download_center.empty_title,No offline jobs yet,ఇంకా ఆఫ్‌లైన్ ఉద్యోగాలు లేవు,translated,
download_center.empty_message,Open any job and tap the download icon to save it for offline.,ఏదైనా ఉద్యోగాన్ని తెరిచి ఆఫ్‌లైన్‌లో సేవ్ చేయడానికి డౌన్‌లోడ్ ఐకాన్‌ను ట్యాప్ చేయండి.,translated,
download_center.empty_cta,Browse jobs,ఉద్యోగాలను బ్రౌజ్ చేయండి,translated,
download_center.remove_confirm_title,Remove from downloads?,డౌన్‌లోడ్‌ల నుండి తీసివేయాలా?,translated,
download_center.remove_confirm_body,"""{{title}}"" will no longer be available offline.","""{{title}}"" ఇకపై ఆఫ్‌లైన్‌లో అందుబాటులో ఉండదు.",translated,
download_center.remove_confirm_cancel,Cancel,రద్దు,translated,
download_center.remove_confirm_remove,Remove,తీసివేయి,translated,
download_center.saved_relative_label,Saved {{when}},{{when}} సేవ్ చేయబడింది,translated,
download_center.time_just_now,just now,ఇప్పుడే,translated,
download_center.time_min_ago,{{n}} min ago,{{n}} నిమి క్రితం,translated,
download_center.time_hr_ago,{{n}} hr ago,{{n}} గం క్రితం,translated,
download_center.fallback_employer,Doondo Employer,Doondo యజమాని,translated,
insurance.title,Worker insurance,కార్మిక బీమా,translated,
insurance.subtitle,Optional accident cover for the days you work.,మీరు పనిచేసే రోజులకు ఐచ్ఛిక ప్రమాద కవరేజ్.,translated,
insurance.standard_cover_label,STANDARD COVER,ప్రామాణిక కవర్,translated,
insurance.price_per_month,₹{{n}} / month,₹{{n}} / నెల,translated,
insurance.bullet_death_disability,{{amount}} accidental death / disability,{{amount}} ప్రమాద మరణం / అంగవైకల్యం,translated,
insurance.bullet_hospital_cash,{{amount}} / day hospital cash · up to {{days}} days / year,{{amount}} / రోజు ఆసుపత్రి నగదు · సంవత్సరానికి {{days}} రోజుల వరకు,translated,
insurance.bullet_active_during_hires,Active during all hires made through Doondo,Doondo ద్వారా చేసిన అన్ని నియామకాల సమయంలో క్రియాశీలం,translated,
insurance.status_pending,Pending — ops review,పెండింగ్ — ops సమీక్ష,translated,
insurance.status_active,Active · cover live,క్రియాశీలం · కవర్ లైవ్,translated,
insurance.status_paused,Paused,నిలిపివేయబడింది,translated,
insurance.status_cancelled,Cancelled,రద్దు చేయబడింది,translated,
insurance.opt_in_btn,Opt in for ₹49 / month,₹49 / నెలకు చేరండి,translated,
insurance.opt_in_subscribing,Subscribing…,సబ్‌స్క్రైబ్ అవుతోంది…,translated,
insurance.opt_in_success_title,You're covered,మీరు కవర్ అయ్యారు,translated,
insurance.opt_in_success_body,Doondo's ops team will confirm your subscription within a working day.,Doondo ops బృందం ఒక పని రోజు లోపు మీ సబ్‌స్క్రిప్షన్‌ను నిర్ధారిస్తుంది.,translated,
insurance.opt_in_error_title,Could not opt in,చేరలేకపోయాము,translated,
insurance.opt_in_error_default,Try again later.,తర్వాత ప్రయత్నించండి.,translated,
insurance.cancel_btn,Cancel cover,కవర్ రద్దు చేయండి,translated,
insurance.cancel_confirm_title,Cancel cover?,కవర్ రద్దు చేయాలా?,translated,
insurance.cancel_confirm_body,You'll stop being covered after this billing month.,ఈ బిల్లింగ్ నెల తర్వాత మీరు కవర్ కాకుండా ఆగిపోతారు.,translated,
insurance.cancel_confirm_keep,Keep cover,కవర్ ఉంచు,translated,
insurance.cancel_confirm_cancel,Cancel cover,కవర్ రద్దు చేయి,translated,
insurance.footer_disclaimer,"Preview only — Doondo is finalising the underwriter. Until then, ops will manually confirm your subscription. You'll never be billed without the policy being live.",ప్రివ్యూ మాత్రమే — Doondo అండర్‌రైటర్‌ని ఖరారు చేస్తోంది. అప్పటి వరకు ops మీ సబ్‌స్క్రిప్షన్‌ను మాన్యువల్‌గా నిర్ధారిస్తుంది. పాలసీ లైవ్ లేకుండా మీకు ఎప్పుడూ బిల్లు రాదు.,translated,
interview_prep.title,Interview prep,ఇంటర్వ్యూ తయారీ,translated,
interview_prep.subtitle,"Punchy tips for your trade — what to expect, what to bring, how to talk pay.","మీ వ్యాపారానికి పంచ్ చిట్కాలు — ఏమి ఆశించాలి, ఏమి తీసుకెళ్లాలి, వేతనం గురించి ఎలా మాట్లాడాలి.",translated,
interview_prep.section_questions,Questions you'll probably hear,మీరు బహుశా వినే ప్రశ్నలు,translated,
interview_prep.section_bring,What to bring,ఏమి తీసుకెళ్లాలి,translated,
interview_prep.section_negotiation,Talking about pay,వేతనం గురించి మాట్లాడటం,translated,
interview_prep.footer_tip,"Tip: write the agreed pay in the Doondo chat with the employer before you start. If anything changes later, the chat is your record.","చిట్కా: ప్రారంభించే ముందు అంగీకరించిన వేతనాన్ని Doondo చాట్‌లో యజమానితో రాయండి. తర్వాత ఏదైనా మారితే, చాట్ మీ రికార్డు.",translated,
advance.title,Cash advance,నగదు అడ్వాన్స్,translated,
advance.subtitle,"Get a small advance against confirmed upcoming work. Capped at ₹5,000.","ధృవీకరించబడిన రాబోయే పనికి చిన్న అడ్వాన్స్ పొందండి. ₹5,000 వరకు.",translated,
advance.form_how_much,How much do you need?,మీకు ఎంత అవసరం?,translated,
advance.form_why_label,"Why do you need it? (Optional, helps us review faster)","ఎందుకు కావాలి? (ఐచ్ఛికం, వేగవంతమైన సమీక్షకు సహాయపడుతుంది)",translated,
advance.form_why_placeholder,"e.g. School fees, hospital bill, family emergency","ఉదా. పాఠశాల ఫీజు, ఆసుపత్రి బిల్లు, కుటుంబ అత్యవసర పరిస్థితి",translated,
advance.form_request_btn,Request {{amount}},{{amount}} అభ్యర్థించండి,translated,
advance.form_submitting,Submitting…,సమర్పిస్తోంది…,translated,
advance.form_disclaimer,"Doondo reviews each request manually. We'll text you within a working day. There's no interest charge in this preview, but a small processing fee may apply once we partner with a lender — we'll always show it before you confirm.","Doondo ప్రతి అభ్యర్థనను మాన్యువల్‌గా సమీక్షిస్తుంది. ఒక పని రోజు లోపు మేము మీకు మెసేజ్ చేస్తాము. ఈ ప్రివ్యూలో వడ్డీ ఛార్జీ లేదు, కానీ మేము రుణదాతతో భాగస్వామ్యం అయిన తర్వాత చిన్న ప్రాసెసింగ్ ఫీజు వర్తించవచ్చు — మీరు నిర్ధారించడానికి ముందు మేము ఎల్లప్పుడూ చూపిస్తాము.",translated,
advance.request_received_title,Request received,అభ్యర్థన అందుకోబడింది,translated,
advance.request_received_body,We'll review your request and update you within a working day.,మేము మీ అభ్యర్థనను సమీక్షించి ఒక పని రోజు లోపు అప్‌డేట్ చేస్తాము.,translated,
advance.could_not_submit_title,Could not submit,సమర్పించలేకపోయాము,translated,
advance.could_not_submit_default,Try again later.,తర్వాత ప్రయత్నించండి.,translated,
advance.requests_eyebrow,YOUR REQUESTS,మీ అభ్యర్థనలు,translated,
advance.history_empty_eyebrow,NO REQUESTS YET,ఇంకా అభ్యర్థనలు లేవు,translated,
advance.history_empty_title,You haven't asked for an advance,మీరు అడ్వాన్స్ అడగలేదు,translated,
advance.history_empty_message,Submit a request above. We typically respond within a working day.,పైన అభ్యర్థనను సమర్పించండి. మేము సాధారణంగా ఒక పని రోజు లోపు ప్రతిస్పందిస్తాము.,translated,
advance.history_update_from_doondo,Update from Doondo: {{note}},Doondo నుండి అప్‌డేట్: {{note}},translated,
advance.history_cancel_request,Cancel request,అభ్యర్థనను రద్దు చేయి,translated,
advance.status_requested,Pending review,సమీక్ష పెండింగ్,translated,
advance.status_approved,Approved · awaiting payout,ఆమోదించబడింది · చెల్లింపు పెండింగ్,translated,
advance.status_paid,Paid,చెల్లించబడింది,translated,
advance.status_repaid,Repaid,తిరిగి చెల్లించబడింది,translated,
advance.status_declined,Declined,తిరస్కరించబడింది,translated,
advance.status_cancelled,Cancelled,రద్దు చేయబడింది,translated,
conversation.fallback_name,Conversation,సంభాషణ,translated,
conversation.verified_pill,Verified,ధృవీకరించబడింది,translated,
conversation.re_prefix,re: {{title}},విషయం: {{title}},translated,
conversation.empty_say_hello,Say hello.,హలో చెప్పండి.,translated,
conversation.empty_hint_employer,"Ask about availability, location, or set up a quick call.","అందుబాటు, స్థలం గురించి అడగండి లేదా చిన్న కాల్ ఏర్పాటు చేయండి.",translated,
conversation.empty_hint_seeker,"A short, friendly intro goes a long way.","ఒక చిన్న, స్నేహపూర్వక పరిచయం చాలా సహాయపడుతుంది.",translated,
conversation.composer_placeholder,Message…,సందేశం…,translated,
conversation.a11y_hold_to_record,Hold to record voice note,వాయిస్ నోట్ రికార్డ్ చేయడానికి నొక్కి పట్టుకోండి,translated,
conversation.a11y_start_recording,Start recording voice note,వాయిస్ నోట్ రికార్డింగ్ ప్రారంభించండి,translated,
conversation.a11y_stop_recording,Stop and send voice note,ఆపి వాయిస్ నోట్ పంపండి,translated,
conversation.attach_alert_title,Send attachment,అటాచ్‌మెంట్ పంపండి,translated,
conversation.attach_alert_body,Choose what to send.,ఏమి పంపాలో ఎంచుకోండి.,translated,
conversation.attach_camera,📷 Camera,📷 కెమెరా,translated,
conversation.attach_gallery,🖼  From gallery,🖼  గ్యాలరీ నుండి,translated,
conversation.attach_video,🎬 Video clip,🎬 వీడియో క్లిప్,translated,
conversation.attach_cancel,Cancel,రద్దు,translated,
conversation.photo_error_title,Couldn't send photo,ఫోటో పంపలేకపోయాము,translated,
conversation.photo_error_default,Could not prepare that photo — try a different image.,ఆ ఫోటోను సిద్ధం చేయలేకపోయాము — వేరే చిత్రాన్ని ప్రయత్నించండి.,translated,
conversation.video_error_title,Couldn't send video,వీడియో పంపలేకపోయాము,translated,
conversation.video_error_default,Could not prepare that video. Try a shorter clip.,ఆ వీడియోను సిద్ధం చేయలేకపోయాము. చిన్న క్లిప్ ప్రయత్నించండి.,translated,
conversation.voice_record_error_title,Couldn't record,రికార్డ్ చేయలేకపోయాము,translated,
conversation.voice_record_error_default,Could not start recording. Check microphone permission.,రికార్డింగ్ ప్రారంభించలేకపోయాము. మైక్రోఫోన్ అనుమతిని తనిఖీ చేయండి.,translated,
conversation.voice_send_error_title,Couldn't send voice,వాయిస్ పంపలేకపోయాము,translated,
conversation.voice_send_error_default,Voice note failed to save.,వాయిస్ నోట్ సేవ్ కాలేదు.,translated,
conversation.recording_status,Recording  {{elapsed}} / {{max}},రికార్డింగ్  {{elapsed}} / {{max}},translated,
conversation.recording_cancel,Cancel,రద్దు,translated,
conversation.recording_send,Send,పంపు,translated,
conversation.preview_play_a11y,Play recorded voice note,రికార్డ్ చేసిన వాయిస్ నోట్ ప్లే చేయండి,translated,
conversation.preview_discard,Discard,తొలగించు,translated,
conversation.preview_send,Send voice note,వాయిస్ నోట్ పంపు,translated,
conversation.receipt_read,Read,చదవబడింది,translated,
conversation.receipt_sent,Sent,పంపబడింది,translated,
conversation.send_failed,Failed — pull down to retry,విఫలమైంది — మళ్ళీ ప్రయత్నించడానికి కిందకు లాగండి,translated,
conversation.photo_a11y_with_caption,Photo: {{caption}},ఫోటో: {{caption}},translated,
conversation.photo_a11y,Photo,ఫోటో,translated,
conversation.translated_label,Translated,అనువదించబడింది,translated,
conversation.translating,Translating…,అనువదిస్తోంది…,translated,
conversation.translate_retry,Couldn't translate — tap to retry,అనువదించలేకపోయాం — మళ్లీ ప్రయత్నించడానికి నొక్కండి,translated,
conversation.show_original,Show original,అసలును చూపించు,translated,
conversation.hide_original,Hide original,అసలును దాచు,translated,
conversation.auto_translated,Auto-translated,స్వయంచాలక అనువాదం,translated,
conversation.translate_toggle_a11y,Toggle translation display,అనువాద ప్రదర్శనను టోగుల్ చేయండి,translated,
conversation.lang_sheet_title,Translation,,MISSING — needs translation,
conversation.lang_sheet_only_translation,Show translation only (hide original),,MISSING — needs translation,
conversation.lang_sheet_on,On,,MISSING — needs translation,
conversation.lang_sheet_off,Off,,MISSING — needs translation,
conversation.lang_sheet_hint,Read this chat in a different language. You can change it any time.,,MISSING — needs translation,
conversation.lang_default,App language (default),,MISSING — needs translation,
find_friends.title,Find friends,మిత్రులను కనుగొనండి,translated,
find_friends.subtitle,Match your phone contacts against Doondo. Numbers never leave your device in plaintext.,మీ ఫోన్ కాంటాక్ట్‌లను డూండోతో సరిపోల్చండి. నంబర్లు మీ పరికరం నుండి స్పష్ట టెక్స్ట్‌లో బయటకు వెళ్ళవు.,translated,
find_friends.scanning,Scanning your contacts privately…,మీ కాంటాక్ట్‌లను ప్రైవేట్‌గా స్కాన్ చేస్తున్నాము…,translated,
find_friends.permission_eyebrow,PERMISSION,అనుమతి,translated,
find_friends.permission_title,Contacts access not granted,కాంటాక్ట్ యాక్సెస్ ఇవ్వలేదు,translated,
find_friends.permission_message,"To find friends already on Doondo, allow contacts access in your phone settings, then come back to this screen.","డూండోలో ఇప్పటికే ఉన్న స్నేహితులను కనుగొనడానికి ఫోన్ సెట్టింగ్‌లలో కాంటాక్ట్ యాక్సెస్ ఇవ్వండి, తరువాత ఈ స్క్రీన్‌కు తిరిగి రండి.",translated,
find_friends.open_settings,Open settings,సెట్టింగ్‌లను తెరువు,translated,
find_friends.unsupported_eyebrow,UNAVAILABLE,అందుబాటులో లేదు,translated,
find_friends.unsupported_title,Couldn't load contacts,కాంటాక్ట్‌లను లోడ్ చేయలేకపోయాము,translated,
find_friends.unsupported_default,Could not load contacts.,కాంటాక్ట్‌లను లోడ్ చేయలేకపోయాము.,translated,
find_friends.unsupported_module,Contacts access needs the expo-contacts package.,కాంటాక్ట్ యాక్సెస్‌కు expo-contacts ప్యాకేజ్ అవసరం.,translated,
find_friends.on_doondo_section,ON DOONDO · {{n}},డూండోలో · {{n}},translated,
find_friends.on_doondo_empty,None of your contacts are on Doondo yet. Invite a friend below — you earn ₹100 when they're hired.,మీ కాంటాక్ట్‌లలో ఇంకా ఎవరూ డూండోలో లేరు. క్రింద ఒక మిత్రుడిని ఆహ్వానించండి — వారికి ఉద్యోగం వచ్చినప్పుడు మీరు ₹100 సంపాదిస్తారు.,translated,
find_friends.role_employer,Employer on Doondo,డూండోలో ఉద్యోగదాత,translated,
find_friends.role_seeker,Worker on Doondo,డూండోలో కార్మికుడు,translated,
find_friends.open_arrow,Open →,తెరువు →,translated,
find_friends.invite_section,INVITE & EARN,ఆహ్వానించండి మరియు సంపాదించండి,translated,
find_friends.invite_blurb,Share Doondo with the rest of your contacts. Earn ₹100 each time a worker you refer is hired.,మిగతా కాంటాక్ట్‌లతో డూండోను పంచుకోండి. మీరు రిఫర్ చేసిన కార్మికునికి ప్రతిసారి ఉద్యోగం వచ్చినప్పుడు ₹100 సంపాదించండి.,translated,
find_friends.invite_arrow,Invite →,ఆహ్వానించు →,translated,
find_friends.seeker_alert_body,{{name}} is already on Doondo. Worker-to-worker chat is coming soon.,{{name}} ఇప్పటికే డూండోలో ఉన్నారు. కార్మికుల మధ్య చాట్ త్వరలో వస్తోంది.,translated,
find_friends.whatsapp_text,Join me on Doondo — find work near you. {{link}},నాతో డూండోలో చేరండి — దగ్గర్లో పని కనుగొనండి. {{link}},translated,
find_friends.cohorts_a11y,My cohorts,,MISSING — needs translation,
find_friends.start_cohort_cta,Start a course cohort with your friends,,MISSING — needs translation,
employer_detail.favorite,Favourite this employer,,MISSING — needs translation,
employer_detail.favorited,Favourited ♥,,MISSING — needs translation,
employer_detail.error_title,Couldn't load employer,ఉద్యోగదాతను లోడ్ చేయలేకపోయాము,translated,
employer_detail.error_message,Check your connection and try again.,మీ కనెక్షన్‌ను తనిఖీ చేసి మళ్ళీ ప్రయత్నించండి.,translated,
employer_detail.retry,Retry,మళ్ళీ ప్రయత్నించు,translated,
employer_detail.header_title,About employer,ఉద్యోగదాత గురించి,translated,
employer_detail.no_active_eyebrow,NO ACTIVE JOBS,క్రియాశీల ఉద్యోగాలు లేవు,translated,
employer_detail.no_active_title,No openings right now,ఇప్పుడు ఉద్యోగాలు లేవు,translated,
employer_detail.no_active_message,{{name}} doesn't have any active jobs at the moment. Check back soon.,{{name}} వద్ద ప్రస్తుతం ఏ క్రియాశీల ఉద్యోగాలు లేవు. త్వరలో మళ్ళీ చూడండి.,translated,
employer_detail.verified_badge,✓ VERIFIED,✓ ధృవీకరించబడింది,translated,
employer_detail.no_ratings,No ratings yet,ఇంకా రేటింగ్‌లు లేవు,translated,
employer_detail.stat_jobs,Jobs posted,పోస్ట్ చేసిన ఉద్యోగాలు,translated,
employer_detail.stat_hires,Hires made,నియామకాలు,translated,
employer_detail.stat_member,Member,సభ్యుడు,translated,
employer_detail.section_about,ABOUT,గురించి,translated,
employer_detail.active_jobs_section,ACTIVE JOBS · {{n}},క్రియాశీల ఉద్యోగాలు · {{n}},translated,
employer_detail.older_jobs_footer_one,{{n}} older job has been filled or closed.,{{n}} పాత ఉద్యోగం నింపబడింది లేదా మూసివేయబడింది.,translated,
employer_detail.older_jobs_footer_other,{{n}} older jobs have been filled or closed.,{{n}} పాత ఉద్యోగాలు నింపబడ్డాయి లేదా మూసివేయబడ్డాయి.,translated,
mentors.title,Trade buddies,ట్రేడ్ బడ్డీస్,translated,
mentors.subtitle,Connect with experienced workers in {{trade}} near you.,దగ్గర్లోని {{trade}} అనుభవజ్ఞ కార్మికులతో కనెక్ట్ అవ్వండి.,translated,
mentors.fallback_trade,your trade,మీ పని,translated,
mentors.setup_eyebrow,SET UP FIRST,ముందుగా సెట్ చేయండి,translated,
mentors.setup_title,Add your trade and city,మీ పని మరియు నగరం జోడించండి,translated,
mentors.setup_message,"To find a mentor, add at least one skill and your city to your profile.",మెంటర్‌ను కనుగొనడానికి మీ ప్రొఫైల్‌లో కనీసం ఒక నైపుణ్యం మరియు మీ నగరం జోడించండి.,translated,
mentors.empty_eyebrow,NO MENTORS YET,ఇంకా మెంటర్‌లు లేరు,translated,
mentors.empty_title,No {{trade}} mentors in {{city}} yet,{{city}}లో ఇంకా {{trade}} మెంటర్‌లు లేరు,translated,
mentors.empty_message,Check back soon — or volunteer to be a mentor yourself.,త్వరలో మళ్ళీ చూడండి — లేదా మీరే మెంటర్‌గా అవ్వండి.,translated,
mentors.list_section,MENTORS · {{n}},మెంటర్‌లు · {{n}},translated,
mentors.mentor_meta,{{trade}} · {{city}} · {{active}}/{{cap}} mentees this month,{{trade}} · {{city}} · ఈ నెల {{active}}/{{cap}} మెంటీలు,translated,
mentors.request_arrow,Request →,అభ్యర్థన →,translated,
mentors.sent_title,Sent,పంపబడింది,translated,
mentors.sent_body,Your mentor will see your request and reach out soon.,మీ మెంటర్ మీ అభ్యర్థనను చూసి త్వరలో సంప్రదిస్తారు.,translated,
mentors.error_title,Could not send,పంపలేకపోయాము,translated,
mentors.error_default,Try again later.,తరువాత ప్రయత్నించండి.,translated,
mentors.requests_section,YOUR REQUESTS,మీ అభ్యర్థనలు,translated,
mentors.request_row_title,{{trade}} mentor · {{city}},{{trade}} మెంటర్ · {{city}},translated,
mentors.status_pending,Waiting for the mentor to respond.,మెంటర్ స్పందన కోసం ఎదురుచూస్తున్నాము.,translated,
mentors.status_accepted,Accepted — they will reach out to you.,ఆమోదించబడింది — వారు మిమ్మల్ని సంప్రదిస్తారు.,translated,
mentors.status_declined,Declined.,తిరస్కరించబడింది.,translated,
mentors.status_ended,Ended.,ముగిసింది.,translated,
mentors.book_session_cta,Book a session →,,MISSING — needs translation,
mentors.my_sessions,My sessions,,MISSING — needs translation,
mentors.modal_title,Request {{name}},{{name}}ను అభ్యర్థించండి,translated,
mentors.modal_hint,Write a short message — what would you like to learn?,ఒక చిన్న సందేశం రాయండి — మీరు ఏమి నేర్చుకోవాలనుకుంటున్నారు?,translated,
mentors.modal_placeholder,I'd love to learn how you handle…,మీరు ఎలా నిర్వహిస్తారో నేర్చుకోవాలనుకుంటున్నాను…,translated,
mentors.modal_cancel,Cancel,రద్దు,translated,
mentors.modal_sending,Sending…,పంపుతోంది…,translated,
mentors.modal_send,Send request,అభ్యర్థన పంపు,translated,
mentors.become_title,Become a mentor,మెంటర్ అవ్వండి,translated,
mentors.become_blurb,Help newer {{trade}}s in {{city}} get started. Set a short bio — workers will request you from this same screen. You can stop anytime.,{{city}}లో కొత్త {{trade}} కార్మికులు ప్రారంభించడంలో సహాయం చేయండి. ఒక చిన్న బయో సెట్ చేయండి — కార్మికులు అదే స్క్రీన్ నుండి మిమ్మల్ని అభ్యర్థిస్తారు. మీరు ఎప్పుడైనా ఆపవచ్చు.,translated,
mentors.become_placeholder,I've been a driver for 7 years and can help with…,నేను 7 సంవత్సరాలుగా డ్రైవర్‌గా ఉన్నాను మరియు దీనిలో సహాయం చేయగలను…,translated,
mentors.become_success_title,You're a mentor,మీరు మెంటర్,translated,
mentors.become_success_body,Workers in your trade can now request mentorship.,మీ పనిలో ఉన్న కార్మికులు ఇప్పుడు మీ నుండి మెంటర్‌షిప్ అభ్యర్థించవచ్చు.,translated,
mentors.become_error_title,Could not enable,ఆన్ చేయలేకపోయాము,translated,
mentors.become_saving,Saving…,సేవ్ చేస్తోంది…,translated,
mentors.become_cta,Make me a mentor,నన్ను మెంటర్‌గా చేయండి,translated,
mentor_sessions.title,My sessions,,MISSING — needs translation,
mentor_sessions.booked_section,Booked sessions,,MISSING — needs translation,
mentor_sessions.booked_empty,No sessions booked yet.,,MISSING — needs translation,
mentor_sessions.mentor_section,As a mentor,,MISSING — needs translation,
mentor_sessions.mentor_hint,Open a time slot — mentees you've accepted can book it.,,MISSING — needs translation,
mentor_sessions.status_open,Open — not booked yet,,MISSING — needs translation,
mentor_sessions.date_label,Date,,MISSING — needs translation,
mentor_sessions.time_label,Time,,MISSING — needs translation,
mentor_sessions.mode_label,Mode,,MISSING — needs translation,
mentor_sessions.today,Today,,MISSING — needs translation,
mentor_sessions.tomorrow,Tomorrow,,MISSING — needs translation,
mentor_sessions.in_2_days,In 2 days,,MISSING — needs translation,
mentor_sessions.in_3_days,In 3 days,,MISSING — needs translation,
mentor_sessions.in_1_week,In 1 week,,MISSING — needs translation,
mentor_sessions.mode_video,Video,,MISSING — needs translation,
mentor_sessions.mode_phone,Phone,,MISSING — needs translation,
mentor_sessions.mode_in_person,In person,,MISSING — needs translation,
mentor_sessions.duration,{{minutes}} min,,MISSING — needs translation,
mentor_sessions.add_slot_cta,Add a time slot,,MISSING — needs translation,
mentor_sessions.adding,Adding…,,MISSING — needs translation,
mentor_sessions.cancel_cta,Cancel,,MISSING — needs translation,
mentor_sessions.cancelling,Cancelling…,,MISSING — needs translation,
mentor_sessions.error_title,Something went wrong,,MISSING — needs translation,
mentor_sessions.error_default,Try again in a moment.,,MISSING — needs translation,
book_mentor_session.title,Book a session,,MISSING — needs translation,
book_mentor_session.empty,No open slots right now — check back soon.,,MISSING — needs translation,
book_mentor_session.duration,{{minutes}} min,,MISSING — needs translation,
book_mentor_session.mode_video,Video,,MISSING — needs translation,
book_mentor_session.mode_phone,Phone,,MISSING — needs translation,
book_mentor_session.mode_in_person,In person,,MISSING — needs translation,
book_mentor_session.book_cta,Book,,MISSING — needs translation,
book_mentor_session.booking,Booking…,,MISSING — needs translation,
book_mentor_session.booked_title,Session booked,,MISSING — needs translation,
book_mentor_session.booked_body,Your mentor has been notified.,,MISSING — needs translation,
book_mentor_session.error_title,Could not book,,MISSING — needs translation,
book_mentor_session.error_default,Try again in a moment.,,MISSING — needs translation,
book_mentor_session.retry,Try again,,MISSING — needs translation,
cohorts.title,My cohorts,,MISSING — needs translation,
cohorts.new_a11y,Start a new cohort,,MISSING — needs translation,
cohorts.invites_section,PENDING INVITES,,MISSING — needs translation,
cohorts.invite_body,Join to study {{course}} together.,,MISSING — needs translation,
cohorts.accept_cta,Join,,MISSING — needs translation,
cohorts.decline_cta,Decline,,MISSING — needs translation,
cohorts.joined_section,MY COHORTS,,MISSING — needs translation,
cohorts.empty_title,No cohorts yet,,MISSING — needs translation,
cohorts.empty_message,Start one from Find Friends — pick a course and up to 4 friends.,,MISSING — needs translation,
cohorts.error_title,Something went wrong,,MISSING — needs translation,
cohorts.error_default,Try again in a moment.,,MISSING — needs translation,
start_cohort.title,Start a cohort,,MISSING — needs translation,
start_cohort.course_section,COURSE,,MISSING — needs translation,
start_cohort.no_courses_title,Enroll in a course first,,MISSING — needs translation,
start_cohort.no_courses_message,Cohorts are built around a course you're taking together.,,MISSING — needs translation,
start_cohort.friends_section,FRIENDS · {{n}}/{{max}},,MISSING — needs translation,
start_cohort.no_friends_title,No friends selected,,MISSING — needs translation,
start_cohort.no_friends_message,Go back to Find Friends and pick contacts already on Doondo.,,MISSING — needs translation,
start_cohort.creating,Creating…,,MISSING — needs translation,
start_cohort.create_cta,Start cohort,,MISSING — needs translation,
start_cohort.error_title,Could not create cohort,,MISSING — needs translation,
start_cohort.error_default,Try again in a moment.,,MISSING — needs translation,
start_cohort.error_no_course,Pick a course first.,,MISSING — needs translation,
cohort_chat.fallback_name,Cohort,,MISSING — needs translation,
cohort_chat.members_line,{{n}} members · {{course}},,MISSING — needs translation,
cohort_chat.composer_placeholder,Message the cohort…,,MISSING — needs translation,
cohort_chat.photo_error_title,Couldn't send photo,,MISSING — needs translation,
cohort_chat.error_title,Something went wrong,,MISSING — needs translation,
cohort_chat.error_default,Try again in a moment.,,MISSING — needs translation,
report_wage_issue.title,Report a wage issue,,MISSING — needs translation,
report_wage_issue.anonymous_title,This is anonymous,,MISSING — needs translation,
report_wage_issue.anonymous_body,"The employer never sees your report. Only an aggregate is shown, and only once several workers report the same job.",,MISSING — needs translation,
report_wage_issue.reason_section,WHAT HAPPENED,,MISSING — needs translation,
report_wage_issue.reason_below_promised_wage,Paid less than promised,,MISSING — needs translation,
report_wage_issue.reason_late_payment,Paid late,,MISSING — needs translation,
report_wage_issue.reason_unpaid_overtime,Unpaid overtime,,MISSING — needs translation,
report_wage_issue.reason_wage_theft,Not paid at all,,MISSING — needs translation,
report_wage_issue.reason_other,Other,,MISSING — needs translation,
report_wage_issue.wage_details_section,Add wage details (optional),,MISSING — needs translation,
report_wage_issue.promised_label,Promised,,MISSING — needs translation,
report_wage_issue.actual_label,Actually paid,,MISSING — needs translation,
report_wage_issue.period_hour,per hour,,MISSING — needs translation,
report_wage_issue.period_day,per day,,MISSING — needs translation,
report_wage_issue.period_week,per week,,MISSING — needs translation,
report_wage_issue.period_month,per month,,MISSING — needs translation,
report_wage_issue.period_fixed,fixed,,MISSING — needs translation,
report_wage_issue.note_section,NOTES (OPTIONAL),,MISSING — needs translation,
report_wage_issue.note_placeholder,Anything else useful to know…,,MISSING — needs translation,
report_wage_issue.sending,Sending…,,MISSING — needs translation,
report_wage_issue.submit_cta,Submit report,,MISSING — needs translation,
report_wage_issue.sent_title,Report received,,MISSING — needs translation,
report_wage_issue.sent_body,Thank you — this helps other workers stay informed.,,MISSING — needs translation,
report_wage_issue.done,Done,,MISSING — needs translation,
report_wage_issue.error_title,Could not submit,,MISSING — needs translation,
report_wage_issue.error_default,Try again in a moment.,,MISSING — needs translation,
resume_builder.header_title,Resume builder,రెజ్యూమె బిల్డర్,translated,
resume_builder.header_preview,Preview,ప్రివ్యూ,translated,
resume_builder.progress_intro,Intro,పరిచయం,translated,
resume_builder.progress_review,Review,సమీక్ష,translated,
resume_builder.couldnt_save_title,Couldn't save resume,రెజ్యూమెను సేవ్ చేయలేకపోయాము,translated,
resume_builder.try_again_in_a_minute,Try again in a minute.,ఒక నిమిషంలో మళ్లీ ప్రయత్నించండి.,translated,
resume_builder.couldnt_add_photo_title,Couldn't add photo,ఫోటోను జోడించలేకపోయాము,translated,
resume_builder.try_smaller_image,Try a smaller image.,చిన్న చిత్రాన్ని ప్రయత్నించండి.,translated,
resume_builder.remove_photo_title,Remove this photo?,ఈ ఫోటోను తీసివేయాలా?,translated,
resume_builder.remove_photo_body,It won't show on your resume anymore.,ఇది మీ రెజ్యూమెలో ఇకపై చూపబడదు.,translated,
resume_builder.cancel,Cancel,రద్దు,translated,
resume_builder.remove,Remove,తీసివేయి,translated,
resume_builder.couldnt_continue_title,Couldn't continue,కొనసాగలేకపోయాము,translated,
resume_builder.add_a_job_first_title,Add a job first,మొదట ఒక ఉద్యోగాన్ని జోడించండి,translated,
resume_builder.add_a_job_first_body,Your resume needs at least one job.,మీ రెజ్యూమెకు కనీసం ఒక ఉద్యోగం అవసరం.,translated,
resume_builder.need_at_least_one_title,Need at least one job,కనీసం ఒక ఉద్యోగం అవసరం,translated,
resume_builder.need_at_least_one_body,You can't remove the last entry.,మీరు చివరి ఎంట్రీని తీసివేయలేరు.,translated,
resume_builder.remove_job_title,Remove this job?,ఈ ఉద్యోగాన్ని తీసివేయాలా?,translated,
resume_builder.remove_job_body,It won't show on your resume anymore.,ఇది మీ రెజ్యూమెలో ఇకపై చూపబడదు.,translated,
resume_builder.cta_saving,Saving…,సేవ్ అవుతోంది…,translated,
resume_builder.cta_generate,Generate resume,రెజ్యూమెను సృష్టించండి,translated,
resume_builder.cta_start,Start,ప్రారంభించండి,translated,
resume_builder.cta_continue,Continue,కొనసాగించు,translated,
resume_builder.intro_title,"Build your resume
in 3 minutes","మీ రెజ్యూమెను సృష్టించండి
3 నిమిషాల్లో",translated,
resume_builder.intro_body,"We'll ask you about your last 1–5 jobs. No typing essays — just the company, your role, and the dates. We turn it into a clean resume employers love.","మీ చివరి 1–5 ఉద్యోగాల గురించి మేము అడుగుతాము. వ్యాసాలు రాయవలసిన అవసరం లేదు — కేవలం కంపెనీ, మీ పాత్ర, తేదీలు. యజమానులు ఇష్టపడే శుభ్రమైన రెజ్యూమెగా మేము మారుస్తాము.",translated,
resume_builder.intro_bullet1,No CV needed — we build it for you,CV అవసరం లేదు — మేము మీ కోసం సృష్టిస్తాము,translated,
resume_builder.intro_bullet2,Works for any kind of work,ఏ రకమైన పనికైనా పనిచేస్తుంది,translated,
resume_builder.intro_bullet3,You can edit it any time,మీరు ఎప్పుడైనా దానిని సవరించవచ్చు,translated,
resume_builder.edit_eyebrow,JOB {{n}} OF {{total}},ఉద్యోగం {{n}} / {{total}},translated,
resume_builder.edit_most_recent,Your most recent job,మీ ఇటీవలి ఉద్యోగం,translated,
resume_builder.edit_before_that,Job before that,దానికి ముందు ఉద్యోగం,translated,
resume_builder.edit_lead,Tell us where you worked. Skip the description if you're in a hurry — you can fill it later.,మీరు ఎక్కడ పనిచేశారో చెప్పండి. తొందరలో ఉంటే వివరణను దాటవేయండి — తర్వాత నింపవచ్చు.,translated,
resume_builder.field_company_label,Company / shop name,కంపెనీ / దుకాణ పేరు,translated,
resume_builder.field_company_placeholder,e.g. Sharma Electricals,ఉదా. శర్మ ఎలక్ట్రికల్స్,translated,
resume_builder.field_role_label,Your role,మీ పాత్ర,translated,
resume_builder.field_role_placeholder,"e.g. Helper, Delivery rider, Cook","ఉదా. సహాయకుడు, డెలివరీ రైడర్, వంటవాడు",translated,
resume_builder.field_started_label,Started,ప్రారంభించింది,translated,
resume_builder.field_ended_label,Ended,ముగిసింది,translated,
resume_builder.still_work_here_title,I still work here,నేను ఇంకా ఇక్కడ పనిచేస్తున్నాను,translated,
resume_builder.still_work_here_body,"We'll show this as ""Present"" on your resume","మీ రెజ్యూమెలో దీనిని ""ప్రస్తుతం"" గా చూపిస్తాము",translated,
resume_builder.field_description_label,What did you do? (optional),మీరు ఏమి చేశారు? (ఐచ్ఛికం),translated,
resume_builder.field_description_placeholder,"e.g. Repaired motors, met customers, kept tools in order…","ఉదా. మోటార్లను రిపేర్ చేశాను, వినియోగదారులను కలిశాను, పనిముట్లను క్రమబద్ధంగా ఉంచాను…",translated,
resume_builder.month_present,Present,ప్రస్తుతం,translated,
resume_builder.month_placeholder,e.g. Apr 2024,ఉదా. ఏప్రిల్ 2024,translated,
resume_builder.education_eyebrow,EDUCATION · OPTIONAL,విద్య · ఐచ్ఛికం,translated,
resume_builder.education_body,"Degree or training course, school or college, years. Add as many as you have — up to 6.","డిగ్రీ లేదా శిక్షణ కోర్సు, పాఠశాల లేదా కళాశాల, సంవత్సరాలు. మీకు ఎన్ని ఉంటే అన్ని జోడించండి — 6 వరకు.",translated,
resume_builder.education_degree_placeholder,"Degree / course (e.g. B.Com, ITI Electrician)","డిగ్రీ / కోర్సు (ఉదా. B.Com, ITI ఎలక్ట్రీషియన్)",translated,
resume_builder.education_institution_placeholder,School / college / training centre,పాఠశాల / కళాశాల / శిక్షణ కేంద్రం,translated,
resume_builder.education_field_placeholder,Field of study (optional),అధ్యయన రంగం (ఐచ్ఛికం),translated,
resume_builder.education_start_year_placeholder,Start year,ప్రారంభ సంవత్సరం,translated,
resume_builder.education_end_year_placeholder,End year,ముగింపు సంవత్సరం,translated,
resume_builder.education_ongoing,Ongoing,కొనసాగుతోంది,translated,
resume_builder.education_currently_studying,Currently studying here,ప్రస్తుతం ఇక్కడ చదువుతున్నాను,translated,
resume_builder.education_remove,Remove,తీసివేయి,translated,
resume_builder.education_add_btn,+ Add education,+ విద్యను జోడించు,translated,
resume_builder.photos_eyebrow,PHOTOS OF YOUR WORK · OPTIONAL,మీ పని ఫోటోలు · ఐచ్ఛికం,translated,
resume_builder.photos_body,"Show employers what you can do. A photo of a wall you built, a dish you cooked, a panel you wired. Up to 6.","మీరు ఏమి చేయగలరో యజమానులకు చూపించండి. మీరు కట్టిన గోడ, వండిన వంటకం, వైరింగ్ చేసిన ప్యానెల్ ఫోటో. 6 వరకు.",translated,
resume_builder.photos_remove_a11y,Remove photo {{n}},ఫోటో {{n}} ను తీసివేయి,translated,
resume_builder.photos_add_a11y,Add a work photo,పని ఫోటోను జోడించు,translated,
resume_builder.photos_add_btn,Add photo,ఫోటోను జోడించు,translated,
resume_builder.photos_loading,Loading…,లోడ్ అవుతోంది…,translated,
resume_builder.photos_count_label,{{n}} / 6 photos · tap a photo to remove it,{{n}} / 6 ఫోటోలు · తీసివేయడానికి ఫోటోను ట్యాప్ చేయండి,translated,
resume_builder.review_eyebrow,REVIEW,సమీక్ష,translated,
resume_builder.review_title,Looks good?,బాగుందా?,translated,
resume_builder.review_body,Tap a job to edit it. Add another if you have one more to share — up to 5 total.,సవరించడానికి ఉద్యోగాన్ని ట్యాప్ చేయండి. మరొకటి పంచుకోవడానికి ఉంటే జోడించండి — మొత్తం 5 వరకు.,translated,
resume_builder.review_present,Present,ప్రస్తుతం,translated,
resume_builder.review_edit_btn,Edit,సవరించు,translated,
resume_builder.review_remove_btn,Remove,తీసివేయి,translated,
resume_builder.review_add_another,+ Add another job,+ మరొక ఉద్యోగాన్ని జోడించు,translated,
resume_builder.review_max_jobs,Maximum {{n}} jobs on a resume.,రెజ్యూమెపై గరిష్ఠంగా {{n}} ఉద్యోగాలు.,translated,
resume_builder.validate_add_company,Add the company name.,కంపెనీ పేరును జోడించండి.,translated,
resume_builder.validate_add_role,Add your role.,మీ పాత్రను జోడించండి.,translated,
resume_builder.validate_add_start,Add a start month and year.,ప్రారంభ నెల మరియు సంవత్సరాన్ని జోడించండి.,translated,
resume_builder.validate_add_end,Add the month and year you ended this job.,మీరు ఈ ఉద్యోగాన్ని ముగించిన నెల మరియు సంవత్సరాన్ని జోడించండి.,translated,
resume_builder.validate_end_after_start,End date must be after start date.,ముగింపు తేదీ ప్రారంభ తేదీ తర్వాత ఉండాలి.,translated,
resume_preview.empty_eyebrow,NO RESUME YET,ఇంకా రెజ్యూమె లేదు,translated,
resume_preview.empty_title,Build your resume,మీ రెజ్యూమెను సృష్టించండి,translated,
resume_preview.empty_message,Walk through your last 1–5 jobs and we'll turn it into something you can share with employers.,"మీ చివరి 1–5 ఉద్యోగాల ద్వారా వెళ్లండి, యజమానులతో పంచుకోగలిగే విషయంగా మేము మారుస్తాము.",translated,
resume_preview.empty_cta,Start the wizard,విజార్డ్‌ను ప్రారంభించండి,translated,
resume_preview.topbar_title,My resume,నా రెజ్యూమె,translated,
resume_preview.topbar_edit,Edit,సవరించు,translated,
resume_preview.contact_years_one,{{n}} yr experience,{{n}} సం. అనుభవం,translated,
resume_preview.contact_years_other,{{n}} yrs experience,{{n}} సం. అనుభవం,translated,
resume_preview.section_about,ABOUT ME,నా గురించి,translated,
resume_preview.section_skills,SKILLS,నైపుణ్యాలు,translated,
resume_preview.section_experience,EXPERIENCE · {{n}},అనుభవం · {{n}},translated,
resume_preview.section_education,EDUCATION · {{n}},విద్య · {{n}},translated,
resume_preview.section_tested,TESTED · {{n}},పరీక్షించబడింది · {{n}},translated,
resume_preview.section_verified,VERIFIED TRADES · {{n}},ధృవీకరించబడిన వాణిజ్యాలు · {{n}},translated,
resume_preview.section_badges,COURSE BADGES · {{n}},కోర్సు బ్యాడ్జ్‌లు · {{n}},translated,
resume_preview.section_photos,PHOTOS · {{n}},ఫోటోలు · {{n}},translated,
resume_preview.footer_signature,Generated with Doondo · doondo.app,Doondo తో సృష్టించబడింది · doondo.app,translated,
resume_preview.suggestion_title,Get notified about jobs like these?,ఇటువంటి ఉద్యోగాల గురించి నోటిఫై చేయాలా?,translated,
resume_preview.suggestion_body_with_city,We can ping you when employers post {{role}} roles in {{city}}. You can edit or remove the alert any time.,యజమానులు {{city}}లో {{role}} పాత్రలను పోస్ట్ చేసినప్పుడు మేము మీకు పింగ్ చేయవచ్చు. మీరు ఎప్పుడైనా హెచ్చరికను సవరించవచ్చు లేదా తీసివేయవచ్చు.,translated,
resume_preview.suggestion_body_no_city,We can ping you when employers post {{role}} roles. You can edit or remove the alert any time.,యజమానులు {{role}} పాత్రలను పోస్ట్ చేసినప్పుడు మేము మీకు పింగ్ చేయవచ్చు. మీరు ఎప్పుడైనా హెచ్చరికను సవరించవచ్చు లేదా తీసివేయవచ్చు.,translated,
resume_preview.suggestion_cta,Set up alert,హెచ్చరికను సెట్ చేయండి,translated,
resume_preview.delete_title,Delete resume?,రెజ్యూమెను తొలగించాలా?,translated,
resume_preview.delete_body,Your work history will be cleared. You can build it again later.,మీ పని చరిత్ర క్లియర్ చేయబడుతుంది. మీరు తర్వాత మళ్లీ సృష్టించవచ్చు.,translated,
resume_preview.delete_cancel,Cancel,రద్దు,translated,
resume_preview.delete_confirm,Delete,తొలగించు,translated,
resume_preview.couldnt_delete_title,Couldn't delete resume,రెజ్యూమెను తొలగించలేకపోయాము,translated,
resume_preview.try_again,Try again.,మళ్లీ ప్రయత్నించండి.,translated,
resume_preview.current_badge,CURRENT,ప్రస్తుతం,translated,
resume_preview.education_present,Present,ప్రస్తుతం,translated,
resume_preview.verified_employer_one,{{count}} employer,{{count}} యజమాని,translated,
resume_preview.verified_employer_other,{{count}} employers,{{count}} యజమానులు,translated,
resume_preview.tested_label,Tested: {{name}},పరీక్షించబడింది: {{name}},translated,
resume_preview.verified_photo_label,✓ Verified by employer,✓ యజమాని ద్వారా ధృవీకరించబడింది,translated,
resume_preview.cta_delete,Delete,తొలగించు,translated,
resume_preview.cta_share,Share resume,రెజ్యూమెను పంచుకో,translated,
resume_preview.share_title_suffix, — Resume, — రెజ్యూమె,translated,
resume_preview.share_about,ABOUT,గురించి,translated,
resume_preview.share_skills,SKILLS,నైపుణ్యాలు,translated,
resume_preview.share_experience,EXPERIENCE,అనుభవం,translated,
resume_preview.share_year_one,{{n}} year of experience,{{n}} సంవత్సరం అనుభవం,translated,
resume_preview.share_year_other,{{n}} years of experience,{{n}} సంవత్సరాల అనుభవం,translated,
resume_preview.share_reviews,★ {{avg}} ({{count}} reviews),★ {{avg}} ({{count}} సమీక్షలు),translated,
edit_profile.cancel,Cancel,రద్దు,translated,
edit_profile.eyebrow,PROFILE,ప్రొఫైల్,translated,
edit_profile.titles.basics,Edit basics,ప్రాథమికాలను సవరించండి,translated,
edit_profile.titles.location,Set your area,మీ ప్రాంతాన్ని సెట్ చేయండి,translated,
edit_profile.titles.skills,Your skills,మీ నైపుణ్యాలు,translated,
edit_profile.titles.preferences,Work preferences,పని ప్రాధాన్యతలు,translated,
edit_profile.titles.resume,Your resume,మీ రెజ్యూమె,translated,
edit_profile.titles.business_basics,Business details,వ్యాపార వివరాలు,translated,
edit_profile.titles.business_location,Business address,వ్యాపార చిరునామా,translated,
edit_profile.save,Save,సేవ్,translated,
edit_profile.saving,Saving…,సేవ్ అవుతోంది…,translated,
edit_profile.error_save,Failed to save,సేవ్ చేయలేకపోయాము,translated,
edit_profile.basics.field_name,Full name,పూర్తి పేరు,translated,
edit_profile.basics.field_bio,Short bio,చిన్న బయో,translated,
edit_profile.basics.bio_placeholder,A line or two about you,మీ గురించి ఒక రెండు పంక్తులు,translated,
edit_profile.basics.field_experience,Years of experience,అనుభవ సంవత్సరాలు,translated,
edit_profile.basics.experience_placeholder,e.g. 3,ఉదా. 3,translated,
edit_profile.resume.body_hint,Add a PDF or DOCX so employers can review your background. You can replace it anytime — only your latest resume is shared.,యజమానులు మీ నేపథ్యాన్ని సమీక్షించడానికి PDF లేదా DOCX జోడించండి. మీరు ఎప్పుడైనా దానిని భర్తీ చేయవచ్చు — మీ తాజా రెజ్యూమె మాత్రమే పంచుకోబడుతుంది.,translated,
edit_profile.resume.no_resume_uploaded,No resume uploaded yet,ఇంకా రెజ్యూమె అప్‌లోడ్ చేయబడలేదు,translated,
edit_profile.resume.pdf_docx_hint,"PDF or DOCX, up to 900KB.","PDF లేదా DOCX, 900KB వరకు.",translated,
edit_profile.resume.upload_resume,Upload resume,రెజ్యూమెను అప్‌లోడ్ చేయండి,translated,
edit_profile.resume.replace_resume,Replace resume,రెజ్యూమెను భర్తీ చేయండి,translated,
edit_profile.resume.uploading,Uploading…,అప్‌లోడ్ అవుతోంది…,translated,
edit_profile.resume.remove_resume,Remove resume,రెజ్యూమెను తీసివేయండి,translated,
edit_profile.resume.removing,Removing…,తీసివేయబడుతోంది…,translated,
edit_profile.resume.done_btn,Done,పూర్తి,translated,
edit_profile.resume.error_picker_not_installed,Resume picker not installed. Run: pnpm add expo-document-picker,రెజ్యూమె పికర్ ఇన్‌స్టాల్ చేయబడలేదు. అమలు చేయండి: pnpm add expo-document-picker,translated,
edit_profile.resume.error_no_file,No file picked,ఏ ఫైల్ ఎంపిక చేయబడలేదు,translated,
edit_profile.resume.error_size_too_big,Resume must be under 900KB. Try compressing the PDF.,రెజ్యూమె 900KB కంటే తక్కువగా ఉండాలి. PDF కంప్రెస్ చేసి ప్రయత్నించండి.,translated,
edit_profile.resume.error_could_not_read,Could not read file,ఫైల్‌ను చదవలేకపోయాము,translated,
edit_profile.resume.error_upload_default,Could not upload resume,రెజ్యూమెను అప్‌లోడ్ చేయలేకపోయాము,translated,
edit_profile.resume.error_remove_default,Could not remove resume,రెజ్యూమెను తీసివేయలేకపోయాము,translated,
edit_profile.resume.file_relative_today,today,ఈ రోజు,translated,
edit_profile.resume.file_relative_d_ago,{{n}}d ago,{{n}} రోజుల క్రితం,translated,
edit_profile.resume.file_relative_w_ago,{{n}}w ago,{{n}} వారాల క్రితం,translated,
edit_profile.location.detect,Detect my location,నా స్థానాన్ని కనుగొనండి,translated,
edit_profile.location.re_detect,Re-detect my location,మళ్లీ కనుగొనండి,translated,
edit_profile.location.detecting,Detecting…,కనుగొంటోంది…,translated,
edit_profile.location.using_coords,"Using {{lat}}, {{lng}}","{{lat}}, {{lng}} ఉపయోగిస్తోంది",translated,
edit_profile.location.field_city,City,నగరం,translated,
edit_profile.location.city_placeholder,Bengaluru,బెంగళూరు,translated,
edit_profile.location.field_area,Area / neighbourhood,ప్రాంతం / పొరుగు,translated,
edit_profile.location.area_placeholder,Indiranagar,ఇందిరానగర్,translated,
edit_profile.location.field_pincode,Pincode (optional),పిన్‌కోడ్ (ఐచ్ఛికం),translated,
edit_profile.location.pincode_placeholder,560038,560038,translated,
edit_profile.location.error_detect_default,Could not get your location. We will use a default for now.,మీ స్థానాన్ని పొందలేకపోయాము. ప్రస్తుతానికి డిఫాల్ట్‌ను ఉపయోగిస్తాము.,translated,
edit_profile.skills.hint,Tap what you can do. Up to 20. Don't see your trade? Add it as a custom skill below.,మీరు ఏమి చేయగలరో దాన్ని ట్యాప్ చేయండి. 20 వరకు. మీ వ్యాపారం కనిపించడం లేదా? క్రింద కస్టమ్ నైపుణ్యంగా జోడించండి.,translated,
edit_profile.skills.trade_a11y_selected,"{{label}}, selected","{{label}}, ఎంచుకోబడింది",translated,
edit_profile.skills.trade_a11y,{{label}},{{label}},translated,
edit_profile.skills.add_custom_label,Add a custom skill,కస్టమ్ నైపుణ్యాన్ని జోడించండి,translated,
edit_profile.skills.add_custom_placeholder,e.g. AC gas refilling,ఉదా. AC గ్యాస్ రీఫిల్లింగ్,translated,
edit_profile.skills.add_btn,+ Add,+ జోడించు,translated,
edit_profile.skills.custom_skills_label,Custom skills,కస్టమ్ నైపుణ్యాలు,translated,
edit_profile.skills.save_a11y,Save skills,నైపుణ్యాలను సేవ్ చేయండి,translated,
edit_profile.skills.count_selected,{{n}} / 20 selected,{{n}} / 20 ఎంచుకోబడ్డాయి,translated,
edit_profile.preferences.applying_as_label,APPLYING AS,ఇలా దరఖాస్తు చేస్తున్నారు,translated,
edit_profile.preferences.solo_label,Solo,ఒంటరిగా,translated,
edit_profile.preferences.solo_helper,One person applying,ఒక వ్యక్తి దరఖాస్తు చేస్తున్నారు,translated,
edit_profile.preferences.team_label,Team,బృందం,translated,
edit_profile.preferences.team_helper,Small crew applying together,చిన్న బృందం కలిసి దరఖాస్తు చేస్తోంది,translated,
edit_profile.preferences.team_size_label,Team size,బృందం పరిమాణం,translated,
edit_profile.preferences.team_size_helper,How many people are applying together?,ఎంత మంది కలిసి దరఖాస్తు చేస్తున్నారు?,translated,
edit_profile.preferences.availability_label,AVAILABILITY,అందుబాటు,translated,
edit_profile.preferences.availability_immediate,Immediately,తక్షణం,translated,
edit_profile.preferences.availability_within_1_week,Within 1 week,1 వారంలో,translated,
edit_profile.preferences.availability_within_1_month,Within 1 month,1 నెలలో,translated,
edit_profile.preferences.availability_flexible,Flexible,సరళమైన,translated,
edit_profile.preferences.interested_in_label,INTERESTED IN,ఆసక్తి,translated,
edit_profile.business_basics.field_business_name,Business name,వ్యాపార పేరు,translated,
edit_profile.business_basics.business_name_placeholder,As you want it shown on job posts,ఉద్యోగ పోస్ట్‌లలో చూపించాలనుకునే పేరు,translated,
edit_profile.business_basics.business_type_label,BUSINESS TYPE,వ్యాపార రకం,translated,
edit_profile.business_basics.type_individual,Individual,వ్యక్తిగత,translated,
edit_profile.business_basics.type_shop,Shop,దుకాణం,translated,
edit_profile.business_basics.type_restaurant,Restaurant,రెస్టారెంట్,translated,
edit_profile.business_basics.type_salon,Salon,సలూన్,translated,
edit_profile.business_basics.type_agency,Agency,ఏజెన్సీ,translated,
edit_profile.business_basics.type_startup,Startup,స్టార్టప్,translated,
edit_profile.business_basics.type_enterprise,Enterprise,ఎంటర్‌ప్రైజ్,translated,
edit_profile.business_basics.type_other,Other,ఇతరం,translated,
edit_profile.business_basics.field_gstin,GSTIN (optional),GSTIN (ఐచ్ఛికం),translated,
edit_profile.business_basics.gstin_placeholder,22AAAAA0000A1Z5,22AAAAA0000A1Z5,translated,
edit_profile.business_location.re_detect,Re-detect,మళ్లీ కనుగొనండి,translated,
notifications.back,← Back,← వెనుకకు,translated,
notifications.title,Notifications,నోటిఫికేషన్‌లు,translated,
notifications.mark_all_read,Mark all read,అన్నీ చదివినట్లు గుర్తు పెట్టండి,translated,
notifications.error_title,Couldn't load notifications,నోటిఫికేషన్‌లను లోడ్ చేయలేకపోయాము,translated,
notifications.empty_title,No notifications yet,ఇంకా నోటిఫికేషన్‌లు లేవు,translated,
notifications.empty_message,"When you have applications, messages, or ratings, they'll show up here.","మీకు దరఖాస్తులు, సందేశాలు లేదా రేటింగ్‌లు ఉన్నప్పుడు ఇక్కడ చూస్తారు.",translated,
notifications.time.just_now,Just now,ఇప్పుడే,translated,
notifications.time.min_ago,{{n}} min ago,{{n}} నిమి క్రితం,translated,
notifications.time.hr_ago,{{n}} hr ago,{{n}} గం క్రితం,translated,
notifications.time.day_ago_one,{{n}} day ago,{{n}} రోజు క్రితం,translated,
notifications.time.day_ago_other,{{n}} days ago,{{n}} రోజుల క్రితం,translated,
job_alerts.title,Job alerts,ఉద్యోగ హెచ్చరికలు,translated,
job_alerts.add_btn,+ Add,+ జోడించు,translated,
job_alerts.intro,Save criteria for the kinds of work you want. We'll ping you the moment a new job matches — no scrolling required.,మీరు కోరుకునే ఉద్యోగాల ప్రమాణాలను సేవ్ చేయండి. కొత్త ఉద్యోగం సరిపోలిన క్షణంలో మేము మీకు పింగ్ చేస్తాము — స్క్రోల్ చేయవలసిన అవసరం లేదు.,translated,
job_alerts.couldnt_load_title,Couldn't load alerts,హెచ్చరికలను లోడ్ చేయలేకపోయాము,translated,
job_alerts.couldnt_load_message,Check your connection and try again.,మీ కనెక్షన్‌ను తనిఖీ చేసి మళ్లీ ప్రయత్నించండి.,translated,
job_alerts.retry_cta,Retry,మళ్లీ,translated,
job_alerts.empty_eyebrow,NO ALERTS YET,ఇంకా హెచ్చరికలు లేవు,translated,
job_alerts.empty_title_or_build,Or build one yourself,లేదా మీరే ఒకటి తయారు చేయండి,translated,
job_alerts.empty_title_first,Create your first alert,మీ మొదటి హెచ్చరికను సృష్టించండి,translated,
job_alerts.empty_message_with_suggestion,"Save your own criteria — keyword, city, job type, urgent only.","మీ స్వంత ప్రమాణాలను సేవ్ చేయండి — కీవర్డ్, నగరం, ఉద్యోగ రకం, అత్యవసరం మాత్రమే.",translated,
job_alerts.empty_message_no_suggestion,Tell us what kind of work you want and we'll send a push when a matching job is posted.,"మీరు కోరుకునే ఉద్యోగాన్ని చెప్పండి, సరిపోలే ఉద్యోగం పోస్ట్ చేసినప్పుడు మేము పుష్ పంపుతాము.",translated,
job_alerts.empty_cta,Add alert,హెచ్చరికను జోడించండి,translated,
job_alerts.suggestion_eyebrow,SUGGESTED FOR YOU,మీ కోసం సిఫార్సు,translated,
job_alerts.suggestion_body,Based on your resume. Tap below and tweak before saving — we'll ping you when a matching job is posted.,మీ రెజ్యూమె ఆధారంగా. సేవ్ చేయడానికి ముందు దిగువ ట్యాప్ చేసి మార్చండి — సరిపోలే ఉద్యోగం వచ్చినప్పుడు మేము పింగ్ చేస్తాము.,translated,
job_alerts.suggestion_cta,Use this suggestion,ఈ సిఫార్సును ఉపయోగించండి,translated,
job_alerts.couldnt_update_title,Couldn't update alert,హెచ్చరికను నవీకరించలేకపోయాము,translated,
job_alerts.couldnt_delete_title,Couldn't delete alert,హెచ్చరికను తొలగించలేకపోయాము,translated,
job_alerts.try_again,Try again.,మళ్లీ ప్రయత్నించండి.,translated,
job_alerts.delete_confirm_title,Delete alert?,హెచ్చరికను తొలగించాలా?,translated,
job_alerts.delete_confirm_body,"""{{name}}"" will be removed. You won't get notifications for it anymore.","""{{name}}"" తొలగించబడుతుంది. దీని కోసం ఇకపై నోటిఫికేషన్‌లు రావు.",translated,
job_alerts.delete_cancel,Cancel,రద్దు,translated,
job_alerts.delete_confirm,Delete,తొలగించు,translated,
job_alerts.row_no_matches,No matches yet,ఇంకా సరిపోలికలు లేవు,translated,
job_alerts.row_matches_one,{{count}} match,{{count}} సరిపోలిక,translated,
job_alerts.row_matches_other,{{count}} matches,{{count}} సరిపోలికలు,translated,
job_alerts.row_last_match,Last match {{when}},చివరి సరిపోలిక {{when}},translated,
job_alerts.criteria_urgent_only,urgent only,అత్యవసరం మాత్రమే,translated,
job_alerts.criteria_any_job_anywhere,"Any job, anywhere","ఏదైనా ఉద్యోగం, ఎక్కడైనా",translated,
job_alert_form.title_edit,Edit alert,హెచ్చరికను సవరించండి,translated,
job_alert_form.title_new,New alert,కొత్త హెచ్చరిక,translated,
job_alert_form.field_name_label,Name this alert,ఈ హెచ్చరికకు పేరు పెట్టండి,translated,
job_alert_form.field_name_placeholder,e.g. Delivery in Indiranagar,ఉదా. ఇందిరానగర్‌లో డెలివరీ,translated,
job_alert_form.field_keyword_label,Keyword (optional),కీవర్డ్ (ఐచ్ఛికం),translated,
job_alert_form.field_keyword_placeholder,"e.g. delivery, helper, welder","ఉదా. డెలివరీ, సహాయకుడు, వెల్డర్",translated,
job_alert_form.field_city_label,City (optional),నగరం (ఐచ్ఛికం),translated,
job_alert_form.field_city_placeholder,e.g. Bengaluru,ఉదా. బెంగళూరు,translated,
job_alert_form.field_job_types_label,Job types (optional),ఉద్యోగ రకాలు (ఐచ్ఛికం),translated,
job_alert_form.field_job_types_hint,Leave empty to match any type.,ఏ రకంతోనైనా సరిపోలడానికి ఖాళీగా వదిలేయండి.,translated,
job_alert_form.urgent_only_title,Urgent only,అత్యవసరం మాత్రమే,translated,
job_alert_form.urgent_only_hint,Only ping me when an urgent job matches,అత్యవసర ఉద్యోగం సరిపోలినప్పుడు మాత్రమే పింగ్ చేయండి,translated,
job_alert_form.summary_eyebrow,YOU'LL HEAR ABOUT,మీకు తెలుస్తుంది,translated,
job_alert_form.summary_urgent,Urgent,అత్యవసరం,translated,
job_alert_form.summary_any_type,Any job type,ఏదైనా ఉద్యోగ రకం,translated,
job_alert_form.summary_matching,"matching ""{{q}}""","""{{q}}""తో సరిపోలే",translated,
job_alert_form.summary_in_city,in {{city}},{{city}}లో,translated,
job_alert_form.summary_anywhere,anywhere,ఎక్కడైనా,translated,
job_alert_form.save_changes,Save changes,మార్పులను సేవ్ చేయండి,translated,
job_alert_form.create_alert,Create alert,హెచ్చరికను సృష్టించండి,translated,
job_alert_form.saving,Saving…,సేవ్ అవుతోంది…,translated,
job_alert_form.couldnt_save_title,Couldn't save alert,హెచ్చరికను సేవ్ చేయలేకపోయాము,translated,
job_alert_form.alert_not_found_title,Alert not found,హెచ్చరిక కనుగొనబడలేదు,translated,
job_alert_form.alert_not_found_body,This alert no longer exists.,ఈ హెచ్చరిక ఇకపై లేదు.,translated,
job_alert_form.ok,OK,సరే,translated,
job_alert_form.add_name_title,Add a name,ఒక పేరును జోడించండి,translated,
job_alert_form.add_name_body,Give your alert a short name to identify it.,గుర్తించడానికి మీ హెచ్చరికకు ఒక చిన్న పేరును ఇవ్వండి.,translated,
job_alert_form.too_broad_title,Too broad,చాలా విస్తృతం,translated,
job_alert_form.too_broad_body,"Add at least one criterion (keyword, city, job type, or urgent only) so we know what to ping you about.","కనీసం ఒక ప్రమాణాన్ని జోడించండి (కీవర్డ్, నగరం, ఉద్యోగ రకం లేదా అత్యవసరం మాత్రమే) — దేని గురించి పింగ్ చేయాలో మాకు తెలియడానికి.",translated,
edit_salary.cancel_back,← Cancel,← రద్దు,translated,
edit_salary.eyebrow,EXPECTED SALARY,ఆశించిన జీతం,translated,
edit_salary.title,How do you want to be paid?,మీరు ఎలా జీతం పొందాలనుకుంటున్నారు?,translated,
edit_salary.hint,Pick what matches the kind of work you want. Employers see this on your profile.,మీరు కోరుకునే పనికి సరిపోయేదాన్ని ఎంచుకోండి. యజమానులు దీనిని మీ ప్రొఫైల్‌లో చూస్తారు.,translated,
edit_salary.error_enter_valid,Enter a valid amount,చెల్లుబాటు అయ్యే మొత్తాన్ని నమోదు చేయండి,translated,
edit_salary.error_max_lt_min,Max must be at least the minimum,గరిష్టం కనీసం కంటే ఎక్కువ ఉండాలి,translated,
edit_salary.error_save_default,Could not save,సేవ్ చేయలేకపోయాము,translated,
edit_salary.how_paid_eyebrow,HOW YOU'RE PAID,మీరు ఎలా జీతం పొందుతారు,translated,
edit_salary.amount_eyebrow,AMOUNT (₹),మొత్తం (₹),translated,
edit_salary.min_label,Minimum,కనీసం,translated,
edit_salary.max_label,Maximum (optional),గరిష్టం (ఐచ్ఛికం),translated,
edit_salary.max_placeholder,Stretch target,స్ట్రెచ్ లక్ష్యం,translated,
edit_salary.amount_hint,White-collar candidates: set both for a range. Daily-wage workers: leave Maximum empty.,వైట్-కాలర్ అభ్యర్థులు: శ్రేణి కోసం రెండింటినీ సెట్ చేయండి. రోజువారీ-వేతన కార్మికులు: గరిష్టం ఖాళీగా వదిలేయండి.,translated,
edit_salary.preview_eyebrow,EMPLOYERS WILL SEE,యజమానులు చూస్తారు,translated,
edit_salary.save_a11y,Save expected salary,ఆశించిన జీతాన్ని సేవ్ చేయండి,translated,
edit_salary.save_btn,Save,సేవ్,translated,
edit_salary.saving_btn,Saving…,సేవ్ అవుతోంది…,translated,
edit_salary.clear_a11y,Clear expected salary,ఆశించిన జీతాన్ని తొలగించండి,translated,
edit_salary.clear_btn,Clear,తొలగించు,translated,
edit_salary.footer_note,You can change this anytime. We use it to suggest jobs that match your pay expectation.,మీరు ఎప్పుడైనా దీన్ని మార్చవచ్చు. మీ జీతం అంచనాకు సరిపోలే ఉద్యోగాలను సూచించడానికి మేము దీనిని ఉపయోగిస్తాము.,translated,
edit_salary.period_label_day,Per day,రోజుకు,translated,
edit_salary.period_label_month,Per month,నెలకు,translated,
edit_salary.period_label_hour,Per hour,గంటకు,translated,
edit_salary.period_label_fixed,Fixed (per gig),నిర్ణీత (ప్రతి గిగ్),translated,
edit_salary.period_label_week,Per week,వారానికి,translated,
edit_salary.period_hint_day,"Daily wage work — construction, helper, delivery on commission, mason","రోజువారీ-వేతన పని — నిర్మాణం, సహాయకుడు, కమీషన్‌పై డెలివరీ, మేస్త్రి",translated,
edit_salary.period_hint_month,"Full-time monthly salary — delivery boy at a company, salon assistant, retail staff","పూర్తి సమయ నెలవారీ జీతం — కంపెనీలో డెలివరీ బాయ్, సలూన్ సహాయకుడు, రిటైల్ సిబ్బంది",translated,
edit_salary.period_hint_hour,"Hourly contract or part-time work — tutoring, freelance, evening shifts","గంట కాంట్రాక్ట్ లేదా పార్ట్-టైమ్ పని — ట్యూటరింగ్, ఫ్రీలాన్స్, సాయంత్రం షిఫ్ట్‌లు",translated,
edit_salary.period_hint_fixed,"One-time job paid as a single amount — event photography, repairs, single tasks","ఒక్కసారి పని ఒకే మొత్తంగా చెల్లించబడుతుంది — ఈవెంట్ ఫోటోగ్రఫీ, మరమ్మతులు, ఒంటరి పనులు",translated,
edit_salary.period_hint_week,"Weekly wage — less common, used in some seasonal or contract roles","వారపు వేతనం — సాధారణంగా తక్కువ, కొన్ని కాలానుగుణ లేదా కాంట్రాక్ట్ పాత్రలలో ఉపయోగించబడుతుంది",translated,
edit_salary.sample_day,e.g. 600 — typical for daily-wage roles,ఉదా. 600 — రోజువారీ-వేతన పాత్రలకు సాధారణం,translated,
edit_salary.sample_month,e.g. 15000 — typical for full-time roles,ఉదా. 15000 — పూర్తి సమయ పాత్రలకు సాధారణం,translated,
edit_salary.sample_hour,e.g. 100 — typical for hourly work,ఉదా. 100 — గంట పనికి సాధారణం,translated,
edit_salary.sample_fixed,e.g. 3000 — one-time payment,ఉదా. 3000 — ఒక్కసారి చెల్లింపు,translated,
edit_salary.sample_week,e.g. 4000 — for weekly-paid roles,ఉదా. 4000 — వారపు-చెల్లింపు పాత్రలకు,translated,
edit_salary.period_suffix_day,/ day,/ రోజు,translated,
edit_salary.period_suffix_month,/ month,/ నెల,translated,
edit_salary.period_suffix_hour,/ hour,/ గంట,translated,
edit_salary.period_suffix_fixed,fixed,నిర్ణీత,translated,
edit_salary.period_suffix_week,/ week,/ వారం,translated,
earnings.title,My Earnings,నా సంపాదనలు,translated,
earnings.info_a11y,About earnings,సంపాదనల గురించి,translated,
earnings.info_dialog_title,How earnings work,సంపాదనలు ఎలా పనిచేస్తాయి,translated,
earnings.info_dialog_body,"Doondo records the pay each employer agreed to when you were hired. The total here is the value of every contract you've won — it does NOT include money actually moved to your bank yet.

Direct bank payouts arrive in a future update. Until then, payment happens between you and the employer the way you agreed (cash, UPI, etc.). If an employer doesn't pay, message Doondo Support.","మీరు నియమించబడినప్పుడు ప్రతి యజమాని అంగీకరించిన జీతాన్ని Doondo రికార్డ్ చేస్తుంది. ఇక్కడ మొత్తం మీరు గెలిచిన ప్రతి కాంట్రాక్ట్ విలువ — ఇది మీ బ్యాంకుకు నిజంగా బదిలీ చేయబడిన డబ్బును కలిగి ఉండదు.

ప్రత్యక్ష బ్యాంక్ చెల్లింపులు భవిష్యత్ నవీకరణలో వస్తాయి. అప్పటి వరకు, చెల్లింపు మీకు మరియు యజమానికి మధ్య మీరు అంగీకరించిన విధంగా (నగదు, UPI, మొదలైనవి) జరుగుతుంది. యజమాని చెల్లించకపోతే, Doondo మద్దతుకు సందేశం పంపండి.",translated,
earnings.info_dialog_ok,Got it,అర్థమైంది,translated,
earnings.contracts_won,Contracts won,గెలిచిన కాంట్రాక్ట్‌లు,translated,
earnings.summary_pending,Pending,పెండింగ్,translated,
earnings.summary_hires,Hires,నియామకాలు,translated,
earnings.summary_cash_logged,Cash logged,నగదు లాగ్ చేయబడింది,translated,
earnings.log_cta,+ Log cash earning,+ నగదు సంపాదనను లాగ్ చేయండి,translated,
earnings.log_cta_a11y,Log a cash earning,నగదు సంపాదనను లాగ్ చేయండి,translated,
earnings.transactions_eyebrow,TRANSACTIONS,లావాదేవీలు,translated,
earnings.error_title,Couldn't load earnings,సంపాదనలను లోడ్ చేయలేకపోయాము,translated,
earnings.error_message,Check your connection and try again.,మీ కనెక్షన్‌ను తనిఖీ చేసి మళ్లీ ప్రయత్నించండి.,translated,
earnings.retry_cta,Retry,మళ్లీ,translated,
earnings.empty_eyebrow,NO EARNINGS YET,ఇంకా సంపాదనలు లేవు,translated,
earnings.empty_title,No contracts yet,ఇంకా కాంట్రాక్ట్‌లు లేవు,translated,
earnings.empty_message,Every job you're hired for shows up here with the pay the employer agreed to. Direct bank payouts arrive in a future update.,మీరు నియమించబడిన ప్రతి ఉద్యోగం యజమాని అంగీకరించిన జీతంతో ఇక్కడ చూపబడుతుంది. ప్రత్యక్ష బ్యాంక్ చెల్లింపులు భవిష్యత్ నవీకరణలో వస్తాయి.,translated,
earnings.empty_cta,Browse jobs,ఉద్యోగాలను బ్రౌజ్ చేయండి,translated,
earnings.log_modal_eyebrow,CASH EARNING,నగదు సంపాదన,translated,
earnings.log_modal_title,Log a cash gig,నగదు గిగ్‌ను లాగ్ చేయండి,translated,
earnings.log_modal_body,"Worked outside Doondo and got paid in cash? Add it here to keep your earnings record complete — useful for loans, tax, and remittance planning. Stays private to you.","Doondo బయట పని చేసి నగదుగా పొందారా? మీ సంపాదన రికార్డును పూర్తిగా ఉంచడానికి ఇక్కడ జోడించండి — రుణాలు, పన్ను మరియు చెల్లింపు ప్రణాళికకు ఉపయోగపడుతుంది. మీకు మాత్రమే ప్రైవేట్‌గా ఉంటుంది.",translated,
earnings.log_modal_amount_label,Amount (₹),మొత్తం (₹),translated,
earnings.log_modal_amount_placeholder,e.g. 800,ఉదా. 800,translated,
earnings.log_modal_desc_label,What was the work?,ఏ పని చేశారు?,translated,
earnings.log_modal_desc_placeholder,e.g. Painting at Mr. Sharma's house,ఉదా. శర్మ ఇంటిలో పెయింటింగ్,translated,
earnings.log_modal_cancel,Cancel,రద్దు,translated,
earnings.log_modal_save,Save,సేవ్,translated,
earnings.log_modal_saving,Saving…,సేవ్ అవుతోంది…,translated,
earnings.error_amount,Enter a valid amount,చెల్లుబాటు అయ్యే మొత్తాన్ని నమోదు చేయండి,translated,
earnings.error_desc,Add a short description,ఒక చిన్న వివరణను జోడించండి,translated,
earnings.error_default,Try again.,మళ్లీ ప్రయత్నించండి.,translated,
earnings.couldnt_log_title,Couldn't log,లాగ్ చేయలేకపోయాము,translated,
earnings.tx_status_settled,Settled,పరిష్కరించబడింది,translated,
earnings.tx_status_pending,Pending,పెండింగ్,translated,
earnings.tx_status_reversed,Reversed,తిప్పబడింది,translated,
earnings.tx_status_cash_self_logged,Cash (self-logged),నగదు (స్వీయ-లాగ్),translated,
earnings.generate_receipt,📄 Generate receipt,📄 రసీదును సృష్టించండి,translated,
earnings.preparing_receipt,Preparing receipt…,రసీదు తయారవుతోంది…,translated,
earnings.receipt_error_title,Couldn't make receipt,రసీదును తయారు చేయలేకపోయాము,translated,
earnings.receipt_unavailable_title,Receipt unavailable,రసీదు అందుబాటులో లేదు,translated,
earnings.receipt_unavailable_body,We couldn't generate a PDF on this device. The amount is still recorded in your diary.,ఈ పరికరంలో PDF సృష్టించలేకపోయాము. మొత్తం ఇంకా మీ డైరీలో నమోదు చేయబడింది.,translated,
leave_rating.cancel_back,← Cancel,← రద్దు,translated,
leave_rating.eyebrow,LEAVE A RATING,రేటింగ్ ఇవ్వండి,translated,
leave_rating.title_named,How was {{name}}?,{{name}} ఎలా ఉన్నారు?,translated,
leave_rating.for_job,For: {{job}},దీని కోసం: {{job}},translated,
leave_rating.tap_a_star,Tap a star,ఒక నక్షత్రాన్ని ట్యాప్ చేయండి,translated,
leave_rating.error_tap_one_to_five,Tap a star from 1 to 5,1 నుండి 5 వరకు ఒక నక్షత్రాన్ని ట్యాప్ చేయండి,translated,
leave_rating.score.poor,Poor,పేలవం,translated,
leave_rating.score.below_avg,Below average,సగటు కంటే తక్కువ,translated,
leave_rating.score.okay,Okay,సరే,translated,
leave_rating.score.very_good,Very good,చాలా బాగుంది,translated,
leave_rating.score.excellent,Excellent,అద్భుతం,translated,
leave_rating.note_label,ADD A NOTE (OPTIONAL),నోట్ జోడించండి (ఐచ్ఛికం),translated,
leave_rating.note_placeholder,What stood out? Anything others should know?,ఏది ప్రత్యేకంగా ఉంది? ఇతరులు తెలుసుకోవాల్సినది ఏదైనా ఉందా?,translated,
leave_rating.char_count,{{n}} / 500,{{n}} / 500,translated,
leave_rating.submit,Submit rating,రేటింగ్ సమర్పించండి,translated,
leave_rating.submitting,Submitting…,సమర్పిస్తోంది…,translated,
leave_rating.error_default,Could not save your rating,మీ రేటింగ్‌ను సేవ్ చేయలేకపోయాము,translated,
skill_tests.header_title,Skill tests,స్కిల్ టెస్ట్‌లు,translated,
skill_tests.header_blurb,"Short 5-question tests per trade. Pass 4 of 5 and earn a ""✓ Tested"" pill that shows on your resume.","ప్రతి ట్రేడ్‌కు చిన్న 5-ప్రశ్నల పరీక్షలు. 5లో 4 ఉత్తీర్ణత సాధించి మీ రెజ్యూమెపై ""✓ పరీక్షించబడింది"" పిల్ పొందండి.",translated,
skill_tests.error_title,Couldn't load tests,పరీక్షలను లోడ్ చేయలేకపోయాము,translated,
skill_tests.error_message,Check your connection and try again.,మీ కనెక్షన్‌ను తనిఖీ చేసి మళ్ళీ ప్రయత్నించండి.,translated,
skill_tests.retry,Retry,మళ్ళీ ప్రయత్నించు,translated,
skill_tests.card_meta,{{q}} questions · pass {{pass}}/{{q}} · {{min}} min,{{q}} ప్రశ్నలు · ఉత్తీర్ణత {{pass}}/{{q}} · {{min}} నిమి,translated,
skill_tests.status_passed,✓ Passed,✓ ఉత్తీర్ణత,translated,
skill_tests.status_cooldown,Try in {{h}}h,{{h}} గంటల్లో ప్రయత్నించండి,translated,
skill_tests.cta_take,Take test,పరీక్ష తీసుకోండి,translated,
skill_tests.couldnt_submit_title,Couldn't submit,సమర్పించలేకపోయాము,translated,
skill_tests.couldnt_submit_default,Try again.,మళ్ళీ ప్రయత్నించండి.,translated,
skill_tests.question_label,QUESTION {{i}} / {{n}},ప్రశ్న {{i}} / {{n}},translated,
skill_tests.cta_done,Done,అయిపోయింది,translated,
skill_tests.cta_submit,Submit,సమర్పించు,translated,
skill_tests.cta_grading,Grading…,మూల్యాంకనం…,translated,
skill_tests.cta_answer_all,Answer all {{n}} to submit,సమర్పించడానికి అన్ని {{n}} ప్రశ్నలకు సమాధానం ఇవ్వండి,translated,
skill_tests.result_passed_title,Passed,ఉత్తీర్ణత,translated,
skill_tests.result_passed_body,"You scored {{score}} / {{total}}. The ""✓ Tested: {{title}}"" pill now shows on your resume.","మీరు {{score}} / {{total}} స్కోర్ చేశారు. ""✓ పరీక్షించబడింది: {{title}}"" పిల్ ఇప్పుడు మీ రెజ్యూమెపై ఉంది.",translated,
skill_tests.result_failed_title,Not quite,కొంచెం తక్కువ,translated,
skill_tests.result_failed_body,You scored {{score}} / {{total}}. You need {{pass}} to pass.,మీరు {{score}} / {{total}} స్కోర్ చేశారు. ఉత్తీర్ణత కోసం {{pass}} అవసరం.,translated,
skill_tests.result_failed_retry,Try again in 24 hours — pace lets you actually study between attempts.,24 గంటల తర్వాత మళ్ళీ ప్రయత్నించండి — ప్రయత్నాల మధ్య చదువుకోవడానికి సమయం దొరుకుతుంది.,translated,
courses.header_title,Training & courses,శిక్షణ & కోర్సులు,translated,
courses.header_blurb,Short lessons that take 15–25 minutes. Finish all the lessons and earn a badge that shows on your resume.,15–25 నిమిషాల చిన్న పాఠాలు. అన్ని పాఠాలు పూర్తి చేసి మీ రెజ్యూమెపై కనిపించే బ్యాడ్జ్ పొందండి.,translated,
courses.error_title,Couldn't load courses,కోర్సులను లోడ్ చేయలేకపోయాము,translated,
courses.error_message,Check your connection and try again.,మీ కనెక్షన్‌ను తనిఖీ చేసి మళ్ళీ ప్రయత్నించండి.,translated,
courses.retry,Retry,మళ్ళీ ప్రయత్నించు,translated,
courses.all_courses,ALL COURSES,అన్ని కోర్సులు,translated,
courses.your_badges,YOUR BADGES · {{n}},మీ బ్యాడ్జ్‌లు · {{n}},translated,
courses.in_progress,IN PROGRESS · {{n}},జరుగుతోంది · {{n}},translated,
courses.card_lessons_meta,{{n}} lessons · {{min}} min,{{n}} పాఠాలు · {{min}} నిమి,translated,
courses.card_a11y,Open course: {{title}},కోర్స్ తెరువు: {{title}},translated,
courses.progress_meta,{{done}} / {{total}} lessons done,{{done}} / {{total}} పాఠాలు పూర్తి,translated,
course_detail.error_title,Couldn't load this course,ఈ కోర్స్ లోడ్ చేయలేకపోయాము,translated,
course_detail.error_message,Check your connection and try again.,మీ కనెక్షన్‌ను తనిఖీ చేసి మళ్ళీ ప్రయత్నించండి.,translated,
course_detail.retry,Retry,మళ్ళీ ప్రయత్నించు,translated,
course_detail.header_meta,{{n}} lessons · {{min}} min · {{level}},{{n}} పాఠాలు · {{min}} నిమి · {{level}},translated,
course_detail.badge_earned,BADGE EARNED,బ్యాడ్జ్ పొందారు,translated,
course_detail.your_progress,YOUR PROGRESS,మీ పురోగతి,translated,
course_detail.start_course,Start course,కోర్స్ ప్రారంభించు,translated,
course_detail.starting,Starting…,ప్రారంభమవుతోంది…,translated,
course_detail.lessons_section,LESSONS,పాఠాలు,translated,
course_detail.lesson_min_read,{{n}} min read,{{n}} నిమి చదువు,translated,
course_detail.a11y_open_lesson,Open lesson: {{title}},పాఠం తెరువు: {{title}},translated,
course_detail.couldnt_enroll,Couldn't enroll,నమోదు చేయలేకపోయాము,translated,
course_detail.try_again,Try again.,మళ్ళీ ప్రయత్నించండి.,translated,
course_detail.couldnt_complete,Couldn't mark complete,పూర్తిగా గుర్తించలేకపోయాము,translated,
course_detail.badge_alert_title,🏅 Badge earned,🏅 బ్యాడ్జ్ పొందారు,translated,
course_detail.badge_alert_body,You've completed this course. The badge now shows on your resume.,మీరు ఈ కోర్స్ పూర్తి చేశారు. బ్యాడ్జ్ ఇప్పుడు మీ రెజ్యూమెపై ఉంది.,translated,
course_detail.lesson_complete_done,✓ Completed,✓ పూర్తి,translated,
course_detail.lesson_complete_saving,Saving…,సేవ్ చేస్తోంది…,translated,
course_detail.lesson_complete_cta,Mark as complete,పూర్తిగా గుర్తించు,translated,
course_detail.a11y_completed,Lesson completed,పాఠం పూర్తి,translated,
course_detail.a11y_mark_complete,Mark this lesson complete,ఈ పాఠాన్ని పూర్తిగా గుర్తించండి,translated,
sos.header_title,Safety SOS,భద్రతా SOS,translated,
sos.how_it_works_title,How it works,ఇది ఎలా పని చేస్తుంది,translated,
sos.how_it_works_body,"If you ever feel unsafe at work, hold the SOS button for 2 seconds. Doondo will open your phone's SMS app pre-filled with your location and a help message to your emergency contact. You decide whether to send.","పనిలో ఎప్పుడైనా అసురక్షితంగా అనిపిస్తే, SOS బటన్‌ను 2 సెకన్లు పట్టుకోండి. డూండో మీ ఫోన్ SMS ఆప్‌ను తెరుస్తుంది, దానిలో మీ స్థానం మరియు సహాయ సందేశం ముందుగానే నింపబడి ఉంటాయి. పంపడం మీ ఎంపిక.",translated,
sos.emergency_contact,EMERGENCY CONTACT,అత్యవసర సంప్రదింపు,translated,
sos.edit_contact,EDIT CONTACT,సంప్రదింపు సవరించు,translated,
sos.add_contact,ADD EMERGENCY CONTACT,అత్యవసర సంప్రదింపు జోడించు,translated,
sos.name_placeholder,"Contact name (e.g. Amma, Brother)","సంప్రదింపు పేరు (ఉదా. అమ్మ, అన్నయ్య)",translated,
sos.phone_placeholder,Phone number (e.g. 9876543210),ఫోన్ నంబర్ (ఉదా. 9876543210),translated,
sos.edit,Edit,సవరించు,translated,
sos.remove_contact,Remove contact,సంప్రదింపును తొలగించు,translated,
sos.remove_confirm_title,Remove contact?,సంప్రదింపును తొలగించాలా?,translated,
sos.remove_confirm_body,We'll clear the saved name and number from this device. SOS will be disabled until you add a new one.,మేము సేవ్ చేసిన పేరు మరియు నంబర్‌ను ఈ పరికరం నుండి తొలగిస్తాము. కొత్తది జోడించే వరకు SOS నిలిపివేయబడుతుంది.,translated,
sos.remove_confirm_cancel,Cancel,రద్దు,translated,
sos.remove_confirm_ok,Remove,తొలగించు,translated,
sos.cancel,Cancel,రద్దు,translated,
sos.save,Save contact,సంప్రదింపును సేవ్ చేయి,translated,
sos.saving,Saving…,సేవ్ చేస్తోంది…,translated,
sos.couldnt_save,Could not save,సేవ్ చేయలేకపోయాము,translated,
sos.try_again,Try again.,మళ్ళీ ప్రయత్నించండి.,translated,
sos.add_name_title,Add a name,పేరు జోడించు,translated,
sos.add_name_body,Please enter the contact's name.,దయచేసి సంప్రదింపు పేరును నమోదు చేయండి.,translated,
sos.add_phone_title,Add a valid phone,సరైన ఫోన్ జోడించు,translated,
sos.add_phone_body,Please enter a real phone number.,దయచేసి సరైన ఫోన్ నంబర్ నమోదు చేయండి.,translated,
sos.couldnt_open_sms_title,Couldn't open SMS,SMS తెరవలేకపోయాము,translated,
sos.couldnt_open_sms_default,Please try calling your contact directly.,దయచేసి మీ సంప్రదింపును నేరుగా కాల్ చేయండి.,translated,
sos.sender_fallback_name,A Doondo user,ఒక డూండో వాడుకరి,translated,
sos.sos_label,SOS,SOS,translated,
sos.sos_pressing,KEEP HOLDING…,పట్టుకోండి…,translated,
sos.sos_press_and_hold,PRESS AND HOLD,నొక్కి పట్టుకో,translated,
sos.hold_two_seconds_hint,Hold for 2 seconds to open SMS,SMS తెరవడానికి 2 సెకన్లు పట్టుకోండి,translated,
sos.disclaimer_pre,"Doondo does not send the SMS for you. Your phone's SMS app opens with the message ready — you choose whether to send. For life-threatening emergencies, dial",డూండో మీ కోసం SMS పంపదు. మీ ఫోన్ SMS ఆప్ సందేశం సిద్ధంగా తెరుచుకుంటుంది — పంపడం మీ ఎంపిక. ప్రాణాపాయ పరిస్థితిలో నేరుగా,translated,
sos.disclaimer_emergency_number,112,112,translated,
sos.disclaimer_post, directly., డయల్ చేయండి.,translated,
voice_search.back,← Back,← వెనుకకు,translated,
voice_search.header_title,Voice Search,వాయిస్ సర్చ్,translated,
voice_search.language_label,LANGUAGE,భాష,translated,
voice_search.listening,Listening… speak your skill,వింటోంది… మీ నైపుణ్యం చెప్పండి,translated,
voice_search.prompt,What kind of work are you looking for?,మీరు ఎలాంటి పని వెతుకుతున్నారు?,translated,
voice_search.tell_your_skill,Tell your skill…,మీ నైపుణ్యం చెప్పండి…,translated,
voice_search.unavailable,Voice input isn't available on this device. Type your search below.,ఈ పరికరంలో వాయిస్ ఇన్‌పుట్ అందుబాటులో లేదు. క్రింద టైప్ చేసి వెతకండి.,translated,
voice_search.input_listening,Listening…,వింటోంది…,translated,
voice_search.input_placeholder,Or type to search,లేదా వెతకడానికి టైప్ చేయండి,translated,
voice_search.search_jobs,Search jobs,ఉద్యోగాలు వెతుకు,translated,
voice_search.a11y_search_jobs,Search jobs,ఉద్యోగాలు వెతుకు,translated,
voice_search.popular_searches,POPULAR SEARCHES,ప్రముఖ శోధనలు,translated,
voice_search.popular_delivery,Delivery jobs,డెలివరీ ఉద్యోగాలు,translated,
voice_search.popular_electrician,Electrician jobs,ఎలక్ట్రీషియన్ ఉద్యోగాలు,translated,
voice_search.popular_driver,Driver jobs,డ్రైవర్ ఉద్యోగాలు,translated,
voice_search.popular_helper,Helper jobs,సహాయక ఉద్యోగాలు,translated,
voice_search.popular_mason,Mason jobs,మేస్త్రి ఉద్యోగాలు,translated,
auth.welcome.eyebrow,DOONDO,డూండో,translated,
auth.welcome.hero,Hire nearby.,దగ్గర్లో నియమించుకోండి.,translated,
auth.welcome.tagline,"Doondo connects you with work in your city, area, and walking radius.","డూండో మిమ్మల్ని మీ నగరం, ప్రాంతం మరియు నడిచి వెళ్ళగల దూరంలోని పనులతో కనెక్ట్ చేస్తుంది.",translated,
auth.welcome.cta_create,Create your account,మీ ఖాతాను సృష్టించండి,translated,
auth.welcome.cta_have_account,I already have an account,నాకు ఇప్పటికే ఖాతా ఉంది,translated,
auth.welcome.terms,By continuing you agree to Doondo's Terms and Privacy Policy.,కొనసాగించడం ద్వారా మీరు డూండో నిబంధనలు మరియు గోప్యతా విధానాన్ని అంగీకరిస్తున్నారు.,translated,
auth.onboarding.brand,Doondo,డూండో,translated,
auth.onboarding.skip,Skip,వదిలేయండి,translated,
auth.onboarding.next,Next,తరువాత,translated,
auth.onboarding.get_started,Get started,ప్రారంభించండి,translated,
auth.onboarding.slide1_eyebrow,JUST SPEAK,మాట్లాడండి,translated,
auth.onboarding.slide1_title,Find work by voice,వాయిస్ ద్వారా పని కనుగొనండి,translated,
auth.onboarding.slide1_body,"Tell us what you're looking for in your language — English, Kannada, Hindi, Tamil, or Telugu. We do the searching.","మీ భాషలో మీరు ఏమి వెతుకుతున్నారో చెప్పండి — ఇంగ్లీష్, కన్నడ, హిందీ, తమిళం లేదా తెలుగు. వెతకడం మా పని.",translated,
auth.onboarding.slide2_eyebrow,ONE TAP,ఒక ట్యాప్,translated,
auth.onboarding.slide2_title,Apply in seconds,క్షణాల్లో దరఖాస్తు చేయండి,translated,
auth.onboarding.slide2_body,See nearby jobs that match your skills. Tap Apply Now and you’re done. The employer sees your profile right away.,మీ నైపుణ్యాలకు సరిపోయే దగ్గర్లోని ఉద్యోగాలను చూడండి. Apply Now నొక్కండి — అయిపోయింది. ఉద్యోగదాత వెంటనే మీ ప్రొఫైల్‌ను చూస్తారు.,translated,
auth.onboarding.slide3_eyebrow,BUILD TRUST,నమ్మకాన్ని పెంచుకోండి,translated,
auth.onboarding.slide3_title,"Get hired, get rated","ఉద్యోగం పొందండి, రేటింగ్ పొందండి",translated,
auth.onboarding.slide3_body,"Every hire shows up in your earnings. After the work's done, you and the employer rate each other — your reputation grows.","ప్రతి నియామకం మీ సంపాదనలో కనిపిస్తుంది. పని పూర్తయిన తర్వాత, మీరు మరియు ఉద్యోగదాత ఒకరికొకరు రేటింగ్ ఇస్తారు — మీ ఖ్యాతి పెరుగుతుంది.",translated,
auth.login.eyebrow,SIGN IN,సైన్ ఇన్,translated,
auth.login.title,Welcome back,తిరిగి స్వాగతం,translated,
auth.login.eyebrow_seeker,SIGN IN AS JOB SEEKER,,MISSING — needs translation,
auth.login.eyebrow_employer,SIGN IN AS EMPLOYER,,MISSING — needs translation,
auth.login.title_seeker,Welcome back,,MISSING — needs translation,
auth.login.title_employer,Welcome back,,MISSING — needs translation,
auth.login.role_toggle_seeker,Job seeker,,MISSING — needs translation,
auth.login.role_toggle_employer,Employer,,MISSING — needs translation,
auth.login.email_label,Email,ఇమెయిల్,translated,
auth.login.email_placeholder,you@example.com,you@example.com,translated,
auth.login.password_label,Password,పాస్‌వర్డ్,translated,
auth.login.password_placeholder,At least 8 characters,కనీసం 8 అక్షరాలు,translated,
auth.login.cta_signin,Sign in,సైన్ ఇన్,translated,
auth.login.cta_signin_seeker,Sign in as job seeker,,MISSING — needs translation,
auth.login.cta_signin_employer,Sign in as employer,,MISSING — needs translation,
auth.login.cta_signing_in,Signing in…,సైన్ ఇన్ అవుతోంది…,translated,
auth.login.cta_forgot,Forgot password?,పాస్‌వర్డ్ మర్చిపోయారా?,translated,
auth.login.remember_me,Remember me,నన్ను గుర్తుంచుకో,translated,
auth.login.or_divider,OR,లేదా,translated,
auth.login.continue_with_google,Continue with Google,Google తో కొనసాగించండి,translated,
auth.login.no_account,Don't have an account?,ఖాతా లేదా?,translated,
auth.login.create_one,Create one,సృష్టించండి,translated,
auth.login.err_email_required,Email is required,ఇమెయిల్ అవసరం,translated,
auth.login.err_password_required,Password is required,పాస్‌వర్డ్ అవసరం,translated,
auth.login.err_role_required,Choose job seeker or employer to continue,కొనసాగించడానికి జాబ్ సీకర్ లేదా ఎంప్లాయర్ ఎంచుకోండి,translated,
auth.login.err_invalid_credentials,Email or password is incorrect.,ఇమెయిల్ లేదా పాస్‌వర్డ్ తప్పు.,translated,
auth.login.err_rate_limited,Too many sign-in attempts. Try again in a minute.,చాలా సైన్-ఇన్ ప్రయత్నాలు. ఒక నిమిషం తర్వాత ప్రయత్నించండి.,translated,
auth.login.err_generic,Something went wrong. Please try again.,ఏదో తప్పు. మళ్ళీ ప్రయత్నించండి.,translated,
auth.login.role_picker_eyebrow,"ONE EMAIL, TWO ACCOUNTS",,MISSING — needs translation,
auth.login.role_picker_title,Which account?,,MISSING — needs translation,
auth.login.role_picker_subtitle,You have both a job seeker and an employer account on this email. Pick which one you want to sign in to.,,MISSING — needs translation,
auth.login.role_picker_option_seeker,Job seeker,,MISSING — needs translation,
auth.login.role_picker_option_seeker_subtitle,"Find work, apply to jobs, build your profile",,MISSING — needs translation,
auth.login.role_picker_option_employer,Employer,,MISSING — needs translation,
auth.login.role_picker_option_employer_subtitle,"Post jobs, review applicants, hire workers",,MISSING — needs translation,
auth.login.role_picker_cancel,Back,,MISSING — needs translation,
auth.forgot.eyebrow,RESET PASSWORD,పాస్‌వర్డ్ రీసెట్,translated,
auth.forgot.title,Enter your phone,మీ ఫోన్ నమోదు చేయండి,translated,
auth.forgot.subtitle,We'll text a 6-digit code to the number on your account.,మీ ఖాతా నంబర్‌కు 6-అంకెల కోడ్ SMS పంపుతాము.,translated,
auth.forgot.phone_label,Phone,ఫోన్,translated,
auth.forgot.phone_placeholder,+91 9876543210,+91 9876543210,translated,
auth.forgot.cta_send,Send code,కోడ్ పంపండి,translated,
auth.forgot.cta_sending,Sending code…,పంపుతోంది…,translated,
auth.forgot.cta_back,Back to sign in,సైన్ ఇన్‌కు తిరిగి,translated,
auth.forgot.err_phone_required,Phone number is required,ఫోన్ అవసరం,translated,
auth.forgot.err_phone_invalid,Enter a valid phone number,సరైన ఫోన్ నంబర్ నమోదు చేయండి,translated,
auth.forgot.err_rate_limited,Too many reset requests. Try again in a minute.,చాలా రీసెట్ అభ్యర్థనలు. ఒక నిమిషం తర్వాత ప్రయత్నించండి.,translated,
auth.forgot.err_generic,Something went wrong. Please try again.,ఏదో తప్పు. మళ్ళీ ప్రయత్నించండి.,translated,
auth.forgot_code.eyebrow,RESET PASSWORD,పాస్‌వర్డ్ రీసెట్,translated,
auth.forgot_code.title,Enter the code,కోడ్ నమోదు చేయండి,translated,
auth.forgot_code.subtitle,We sent a 6-digit code to {{phone}}. It expires in 10 minutes.,{{phone}}కు 6-అంకెల కోడ్ పంపాము. ఇది 10 నిమిషాల్లో గడువు ముగుస్తుంది.,translated,
auth.forgot_code.code_label,6-digit code,6-అంకెల కోడ్,translated,
auth.forgot_code.code_placeholder,123456,123456,translated,
auth.forgot_code.cta_verify,Verify code,కోడ్ ధృవీకరించండి,translated,
auth.forgot_code.cta_verifying,Verifying…,ధృవీకరిస్తోంది…,translated,
auth.forgot_code.cta_resend,Resend code,కోడ్ మళ్ళీ పంపండి,translated,
auth.forgot_code.cta_resending,Sending…,పంపుతోంది…,translated,
auth.forgot_code.cta_different_number,Use a different number,వేరే నంబర్ ఉపయోగించండి,translated,
auth.forgot_code.err_code_invalid,Enter the 6-digit code,6-అంకెల కోడ్ నమోదు చేయండి,translated,
auth.forgot_code.err_code_wrong,That code is incorrect. Try again.,ఆ కోడ్ తప్పు. మళ్ళీ ప్రయత్నించండి.,translated,
auth.forgot_code.err_code_expired,This code has expired. Request a new one.,ఈ కోడ్ గడువు ముగిసింది. కొత్తది అభ్యర్థించండి.,translated,
auth.forgot_code.err_code_too_many,Too many wrong attempts. Request a new code.,చాలా తప్పు ప్రయత్నాలు. కొత్త కోడ్ అభ్యర్థించండి.,translated,
auth.forgot_code.err_code_not_found,No active code for this number. Request a new one.,ఈ నంబర్‌కు ఏ క్రియాశీల కోడ్ లేదు. కొత్తది అభ్యర్థించండి.,translated,
auth.forgot_code.err_rate_limited,Too many attempts. Try again in a minute.,చాలా ప్రయత్నాలు. ఒక నిమిషం తర్వాత ప్రయత్నించండి.,translated,
auth.forgot_code.err_resend_rate,Slow down — wait a minute before requesting another code.,నెమ్మదిగా — మరో కోడ్ అభ్యర్థించే ముందు ఒక నిమిషం వేచి ఉండండి.,translated,
auth.forgot_code.err_resend_generic,Could not resend the code. Try again in a moment.,కోడ్ మళ్ళీ పంపలేకపోయాము. కొంత సమయం తర్వాత ప్రయత్నించండి.,translated,
auth.forgot_code.err_generic,Something went wrong. Please try again.,ఏదో తప్పు. మళ్ళీ ప్రయత్నించండి.,translated,
auth.reset.eyebrow,RESET PASSWORD,పాస్‌వర్డ్ రీసెట్,translated,
auth.reset.title,Set a new password,కొత్త పాస్‌వర్డ్ సెట్ చేయండి,translated,
auth.reset.subtitle,Pick something you'll remember. We'll sign you out everywhere else when you save.,మీకు గుర్తుండే దాన్ని ఎంచుకోండి. సేవ్ చేసినప్పుడు మిగతా అన్ని చోట్ల నుండి మిమ్మల్ని సైన్ ఔట్ చేస్తాము.,translated,
auth.reset.password_label,New password,కొత్త పాస్‌వర్డ్,translated,
auth.reset.password_placeholder,"8+ chars, mix letters and numbers","8+ అక్షరాలు, అక్షరాలు మరియు సంఖ్యలు కలిపి",translated,
auth.reset.confirm_label,Confirm new password,కొత్త పాస్‌వర్డ్ నిర్ధారించండి,translated,
auth.reset.confirm_placeholder,Type it again,మళ్ళీ టైప్ చేయండి,translated,
auth.reset.cta_save,Save new password,కొత్త పాస్‌వర్డ్ సేవ్ చేయండి,translated,
auth.reset.cta_saving,Saving…,సేవ్ చేస్తోంది…,translated,
auth.reset.cta_start_over,Start over,మళ్ళీ ప్రారంభించండి,translated,
auth.reset.done_eyebrow,ALL SET,అన్నీ సిద్ధం,translated,
auth.reset.done_title,Password updated,పాస్‌వర్డ్ అప్‌డేట్ అయింది,translated,
auth.reset.done_body,Sign in with your new password to continue. We've signed you out of every other device for safety.,కొనసాగించడానికి మీ కొత్త పాస్‌వర్డ్‌తో సైన్ ఇన్ అవ్వండి. భద్రత కోసం మిగతా ప్రతి పరికరం నుండి మిమ్మల్ని సైన్ ఔట్ చేశాము.,translated,
auth.reset.done_cta,Back to sign in,సైన్ ఇన్‌కు తిరిగి,translated,
auth.reset.err_choose,Choose a password,పాస్‌వర్డ్ ఎంచుకోండి,translated,
auth.reset.err_too_short,At least 8 characters,కనీసం 8 అక్షరాలు,translated,
auth.reset.err_mix,Mix letters and numbers,అక్షరాలు మరియు సంఖ్యలు కలపండి,translated,
auth.reset.err_no_match,Passwords don't match,పాస్‌వర్డ్‌లు సరిపోలడం లేదు,translated,
auth.reset.err_token_expired,This reset code expired. Start over to get a new one.,ఈ రీసెట్ కోడ్ గడువు ముగిసింది. కొత్తది పొందడానికి మళ్ళీ ప్రారంభించండి.,translated,
auth.reset.err_token_invalid,This reset link is no longer valid. Start over.,ఈ రీసెట్ లింక్ ఇకపై చెల్లుబాటు కాదు. మళ్ళీ ప్రారంభించండి.,translated,
auth.reset.err_generic,Something went wrong. Please try again.,ఏదో తప్పు. మళ్ళీ ప్రయత్నించండి.,translated,
auth.signup.eyebrow,CREATE ACCOUNT,ఖాతా సృష్టించండి,translated,
auth.signup.title,Join Doondo,డూండోలో చేరండి,translated,
auth.signup.role_label,I want to,నేను కోరుకుంటున్నాను,translated,
auth.signup.role_seeker,Find work,పని కనుగొనడం,translated,
auth.signup.role_seeker_helper,I'm looking for a job,నేను ఉద్యోగం వెతుకుతున్నాను,translated,
auth.signup.role_employer,Hire workers,కార్మికులను నియమించడం,translated,
auth.signup.role_employer_helper,I'm posting jobs,నేను ఉద్యోగాలను పోస్ట్ చేస్తున్నాను,translated,
auth.signup.worktype_label,I am applying as,నేను ఇలా దరఖాస్తు చేస్తున్నాను,translated,
auth.signup.worktype_solo,Solo,ఒంటరిగా,translated,
auth.signup.worktype_solo_helper,One person applying,ఒక వ్యక్తి దరఖాస్తు చేస్తున్నారు,translated,
auth.signup.worktype_team,Team,జట్టు,translated,
auth.signup.worktype_team_helper,Applying with a crew,జట్టుతో దరఖాస్తు,translated,
auth.signup.team_size_label,Team size,జట్టు పరిమాణం,translated,
auth.signup.team_size_placeholder,2,2,translated,
auth.signup.team_size_helper,How many people are applying together?,ఎంత మంది కలిసి దరఖాస్తు చేస్తున్నారు?,translated,
auth.signup.name_label,Name,పేరు,translated,
auth.signup.name_label_worker,Worker's name,కార్మికుని పేరు,translated,
auth.signup.name_placeholder_seeker,Your full name,మీ పూర్తి పేరు,translated,
auth.signup.name_placeholder_employer,Your business name,మీ వ్యాపార పేరు,translated,
auth.signup.name_placeholder_worker,The worker's full name,కార్మికుని పూర్తి పేరు,translated,
auth.signup.name_helper_assisted,Not your name — the person who will use this account.,మీ పేరు కాదు — ఈ ఖాతాను ఉపయోగించే వ్యక్తి.,translated,
auth.signup.email_label,Email,ఇమెయిల్,translated,
auth.signup.email_placeholder,you@example.com,you@example.com,translated,
auth.signup.email_placeholder_worker,"Worker's email, if any","కార్మికుని ఇమెయిల్, ఉంటే",translated,
auth.signup.email_helper_assisted,"If they don't have one, use yours — you can change it later.",వారికి లేకుంటే మీది ఉపయోగించండి — తరువాత మార్చవచ్చు.,translated,
auth.signup.password_label,Password,పాస్‌వర్డ్,translated,
auth.signup.password_placeholder,"8+ chars, mix letters and numbers","8+ అక్షరాలు, అక్షరాలు మరియు సంఖ్యలు కలిపి",translated,
auth.signup.password_helper_assisted,Share this with the worker so they can sign in on any phone.,ఏ ఫోన్‌లోనైనా సైన్ ఇన్ అవ్వడానికి కార్మికునితో పంచుకోండి.,translated,
auth.signup.phone_label,Phone,ఫోన్,translated,
auth.signup.phone_label_worker,Worker's phone,కార్మికుని ఫోన్,translated,
auth.signup.phone_placeholder,+91 9876543210,+91 9876543210,translated,
auth.signup.phone_helper,Used to reset your password if you forget it.,పాస్‌వర్డ్ మర్చిపోతే రీసెట్ చేయడానికి ఉపయోగిస్తాము.,translated,
auth.signup.phone_helper_worker,The worker's number — employers will call here.,కార్మికుని నంబర్ — ఉద్యోగదాతలు ఇక్కడ కాల్ చేస్తారు.,translated,
auth.signup.cta_create,Create account,ఖాతా సృష్టించండి,translated,
auth.signup.cta_creating,Creating account…,ఖాతా సృష్టిస్తోంది…,translated,
auth.signup.have_account,Already have an account?,ఇప్పటికే ఖాతా ఉందా?,translated,
auth.signup.sign_in,Sign in,సైన్ ఇన్,translated,
auth.signup.assisted_title,Setting this up for someone else?,మరొకరి కోసం సెటప్ చేస్తున్నారా?,translated,
auth.signup.assisted_body,Common for family members helping a worker who can't use the app alone.,యాప్ ఒంటరిగా వాడలేని కార్మికులకు కుటుంబ సభ్యులు సహాయం చేయడం సాధారణం.,translated,
auth.signup.assisted_a11y,Setting this up for someone else,మరొకరి కోసం సెటప్ చేస్తున్నారా,translated,
auth.signup.assisted_banner,"Enter the worker's name, phone and email below — not yours. Job alerts and employer calls will go to the phone you enter. Share the password with them so they can sign in.","క్రింద కార్మికుని పేరు, ఫోన్ మరియు ఇమెయిల్ నమోదు చేయండి — మీది కాదు. ఉద్యోగ హెచ్చరికలు మరియు ఉద్యోగదాత కాల్‌లు మీరు నమోదు చేసిన ఫోన్‌కు వస్తాయి. వారు సైన్ ఇన్ అవ్వడానికి పాస్‌వర్డ్‌ను వారితో పంచుకోండి.",translated,
auth.signup.err_name_seeker,Your name helps employers recognize you,మీ పేరు ఉద్యోగదాతలు మిమ్మల్ని గుర్తించడంలో సహాయపడుతుంది,translated,
auth.signup.err_name_employer,Your business name helps workers recognize you,మీ వ్యాపార పేరు కార్మికులు మిమ్మల్ని గుర్తించడంలో సహాయపడుతుంది,translated,
auth.signup.err_email_required,Email is required,ఇమెయిల్ అవసరం,translated,
auth.signup.err_password_required,Choose a password,పాస్‌వర్డ్ ఎంచుకోండి,translated,
auth.signup.err_password_short,At least 8 characters,కనీసం 8 అక్షరాలు,translated,
auth.signup.err_password_mix,Mix letters and numbers,అక్షరాలు మరియు సంఖ్యలు కలపండి,translated,
auth.signup.err_phone_required,We'll use this to reset your password if you forget it,పాస్‌వర్డ్ మర్చిపోతే రీసెట్ చేయడానికి దీన్ని ఉపయోగిస్తాము,translated,
auth.signup.err_phone_invalid,Enter a valid phone number,సరైన ఫోన్ నంబర్ నమోదు చేయండి,translated,
auth.signup.err_team_min,Team size must be at least 2,జట్టు పరిమాణం కనీసం 2 ఉండాలి,translated,
auth.signup.err_team_max,Keep team size to 50 or fewer,జట్టు పరిమాణాన్ని 50 లేదా తక్కువగా ఉంచండి,translated,
auth.signup.err_email_taken,An account with this email already exists,ఈ ఇమెయిల్‌తో ఖాతా ఇప్పటికే ఉంది,translated,
auth.signup.err_rate_limited,Too many attempts. Try again in a minute.,చాలా ప్రయత్నాలు. ఒక నిమిషం తర్వాత ప్రయత్నించండి.,translated,
auth.signup.err_generic,Something went wrong. Please try again.,ఏదో తప్పు. మళ్ళీ ప్రయత్నించండి.,translated,
auth.add_account_signup.eyebrow_employer,ADD EMPLOYER ACCOUNT,ఉద్యోగదాత ఖాతాను జోడించండి,translated,
auth.add_account_signup.eyebrow_default,ADD ACCOUNT,ఖాతాను జోడించండి,translated,
auth.add_account_signup.title_employer,Start hiring on Doondo,డూండోలో నియామకాన్ని ప్రారంభించండి,translated,
auth.add_account_signup.title_default,Add another account,మరో ఖాతాను జోడించండి,translated,
auth.add_account_signup.subtitle_seeker,Your seeker account stays signed in — you can switch back any time from your profile.,మీ సీకర్ ఖాతా సైన్ ఇన్‌లో ఉంటుంది — మీ ప్రొఫైల్ నుండి ఎప్పుడైనా తిరిగి మారవచ్చు.,translated,
auth.add_account_signup.subtitle_default,Your current account stays signed in — you can switch back any time from your profile.,మీ ప్రస్తుత ఖాతా సైన్ ఇన్‌లో ఉంటుంది — ప్రొఫైల్ నుండి ఎప్పుడైనా తిరిగి మారవచ్చు.,translated,
auth.add_account_signup.banner_title,You're creating an Employer account,మీరు ఉద్యోగదాత ఖాతాను సృష్టిస్తున్నారు,translated,
auth.add_account_signup.banner_body,"Post jobs, review applicants, and chat with workers.","ఉద్యోగాలను పోస్ట్ చేయండి, దరఖాస్తుదారులను సమీక్షించండి మరియు కార్మికులతో చాట్ చేయండి.",translated,
auth.add_account_signup.name_label_employer,Business name,వ్యాపార పేరు,translated,
auth.add_account_signup.name_label_default,Name,పేరు,translated,
auth.add_account_signup.name_placeholder_employer,Your business or company name,మీ వ్యాపారం లేదా కంపెనీ పేరు,translated,
auth.add_account_signup.name_placeholder_default,Your full name,మీ పూర్తి పేరు,translated,
auth.add_account_signup.name_helper_employer,This is what workers will see on your job posts.,మీ ఉద్యోగ పోస్ట్‌లలో కార్మికులు దీన్ని చూస్తారు.,translated,
auth.add_account_signup.email_label,Email,ఇమెయిల్,translated,
auth.add_account_signup.email_placeholder,employer@example.com,employer@example.com,translated,
auth.add_account_signup.email_helper,We've prefilled the email and phone from your current account — you can keep them as-is or use different ones.,మీ ప్రస్తుత ఖాతా ఇమెయిల్ నుండి విభిన్నంగా ఉండాలి.,translated,
auth.add_account_signup.password_label,Password,పాస్‌వర్డ్,translated,
auth.add_account_signup.password_placeholder,"8+ chars, mix letters and numbers","8+ అక్షరాలు, అక్షరాలు మరియు సంఖ్యలు కలిపి",translated,
auth.add_account_signup.phone_label,Phone,ఫోన్,translated,
auth.add_account_signup.phone_placeholder,+91 9876543210,+91 9876543210,translated,
auth.add_account_signup.phone_helper,Used to reset your password if you forget it.,పాస్‌వర్డ్ మర్చిపోతే రీసెట్ చేయడానికి ఉపయోగిస్తాము.,translated,
auth.add_account_signup.cta_create_employer,Create employer account,ఉద్యోగదాత ఖాతాను సృష్టించండి,translated,
auth.add_account_signup.cta_create_default,Create account,ఖాతా సృష్టించండి,translated,
auth.add_account_signup.cta_creating,Creating account…,ఖాతా సృష్టిస్తోంది…,translated,
auth.add_account_signup.cta_cancel,Cancel,రద్దు,translated,
auth.add_account_signup.err_name_employer,Your business name helps workers recognize you,వ్యాపార పేరు కార్మికులు గుర్తించడంలో సహాయపడుతుంది,translated,
auth.add_account_signup.err_name_default,Your name helps employers recognize you,మీ పేరు ఉద్యోగదాతలు గుర్తించడంలో సహాయపడుతుంది,translated,
auth.add_account_signup.err_email_required,Email is required,ఇమెయిల్ అవసరం,translated,
auth.add_account_signup.err_password_required,Choose a password,పాస్‌వర్డ్ ఎంచుకోండి,translated,
auth.add_account_signup.err_password_short,At least 8 characters,కనీసం 8 అక్షరాలు,translated,
auth.add_account_signup.err_password_mix,Mix letters and numbers,అక్షరాలు మరియు సంఖ్యలు కలపండి,translated,
auth.add_account_signup.err_phone_required,We'll use this to reset your password if you forget it,పాస్‌వర్డ్ మర్చిపోతే రీసెట్ చేయడానికి దీన్ని ఉపయోగిస్తాము,translated,
auth.add_account_signup.err_phone_invalid,Enter a valid phone number,సరైన ఫోన్ నంబర్ నమోదు చేయండి,translated,
auth.add_account_signup.err_email_taken,You already have an employer account on this email. Switch to it from your profile instead.,ఈ ఇమెయిల్‌తో ఖాతా ఇప్పటికే ఉంది — ఈ ఉద్యోగదాత ఖాతా కోసం వేరే ఇమెయిల్ ఉపయోగించండి,translated,
auth.add_account_signup.err_rate_limited,Too many attempts. Try again in a minute.,చాలా ప్రయత్నాలు. ఒక నిమిషం తర్వాత ప్రయత్నించండి.,translated,
auth.add_account_signup.err_generic,Something went wrong. Please try again.,ఏదో తప్పు. మళ్ళీ ప్రయత్నించండి.,translated,
auth.add_account_signup.login_eyebrow,SIGN IN TO ANOTHER ACCOUNT,మరో ఖాతాలోకి సైన్ ఇన్ చేయండి,translated,
auth.add_account_signup.login_title,Sign in to add an account,ఖాతా జోడించడానికి సైన్ ఇన్ చేయండి,translated,
auth.add_account_signup.login_subtitle,Sign in to an account you already have. It's added next to this one — both stay signed in.,మీ వద్ద ఇప్పటికే ఉన్న ఖాతాలోకి సైన్ ఇన్ చేయండి. ఇది ఈ ఖాతా పక్కన జోడించబడుతుంది — రెండూ సైన్ ఇన్‌లో ఉంటాయి.,translated,
auth.add_account_signup.cta_signin,Sign in & add account,సైన్ ఇన్ చేసి ఖాతా జోడించండి,translated,
auth.add_account_signup.cta_signing_in,Signing in…,సైన్ ఇన్ అవుతోంది…,translated,
auth.add_account_signup.have_account_q,Already have an account?,ఇప్పటికే ఖాతా ఉందా?,translated,
auth.add_account_signup.have_account_cta,Sign in,సైన్ ఇన్ చేయండి,translated,
auth.add_account_signup.no_account_q,Need a new account?,కొత్త ఖాతా కావాలా?,translated,
auth.add_account_signup.no_account_cta,Create one,ఒకటి సృష్టించండి,translated,
auth.add_account_signup.err_invalid_credentials,Email or password is incorrect,ఇమెయిల్ లేదా పాస్‌వర్డ్ తప్పు,translated,
auth.add_account_signup.cta_forgot,Forgot password?,,MISSING — needs translation,
auth.add_account_signup.recovery_eyebrow,ACCOUNT ALREADY EXISTS,,MISSING — needs translation,
auth.add_account_signup.recovery_title_employer,You already have an employer account,,MISSING — needs translation,
auth.add_account_signup.recovery_title_default,You already have an account,,MISSING — needs translation,
auth.add_account_signup.recovery_subtitle,There's already an account on {{email}}. Pick how you'd like to continue.,,MISSING — needs translation,
auth.add_account_signup.recovery_card_title,Two ways to get back in,,MISSING — needs translation,
auth.add_account_signup.recovery_card_body,"If you remember the password, sign in to add the account to this device. If not, reset it — we'll text a code to the phone on file.",,MISSING — needs translation,
auth.add_account_signup.recovery_signin_employer,Sign in to my employer account,,MISSING — needs translation,
auth.add_account_signup.recovery_signin_default,Sign in to that account,,MISSING — needs translation,
auth.add_account_signup.recovery_forgot,Forgot password? Reset it,,MISSING — needs translation,
auth.add_account_signup.recovery_back,Use a different email,,MISSING — needs translation,
role_picker.eyebrow,"LESS WHO HIRED THEM?, MORE WHO FOUND THEM? 😌",ఎవరు నియమించారు? కంటే ఎవరు కనుగొన్నారు? 😌,translated,
role_picker.title,Choose your side.,మీ వైపు ఎంచుకోండి.,translated,
role_picker.subtitle,One clean start for finding work or building a team nearby.,దగ్గర్లో పని కనుగొనడానికి లేదా జట్టును నిర్మించడానికి ఒక శుభ్రమైన ప్రారంభం.,translated,
role_picker.sign_in,Sign in,సైన్ ఇన్,translated,
role_picker.seeker_badge,FOR JOB SEEKERS,ఉద్యోగం వెతికేవారికి,translated,
role_picker.seeker_body,"Discover local jobs that match your skills, schedule, and lifestyle.","మీ నైపుణ్యాలు, షెడ్యూల్ మరియు జీవనశైలికి సరిపోయే స్థానిక ఉద్యోగాలను కనుగొనండి.",translated,
role_picker.seeker_headline,Find work near you.,దగ్గర్లో పని వెతకండి.,translated,
role_picker.seeker_cta,I'm looking for work,నేను పని వెతుకుతున్నాను,translated,
role_picker.seeker_subtext,Find jobs near you,దగ్గర్లోని ఉద్యోగాలను వెతకండి,translated,
role_picker.employer_badge,FOR EMPLOYERS,ఉద్యోగదాతలకు,translated,
role_picker.employer_body,Find reliable people nearby and hire faster without the usual friction.,దగ్గర్లోని నమ్మదగిన వ్యక్తులను కనుగొని మామూలు ఇబ్బందుల్లేకుండా వేగంగా నియమించండి.,translated,
role_picker.employer_headline,Find people to hire.,నియమించడానికి వ్యక్తులను కనుగొనండి.,translated,
role_picker.employer_cta,I'm hiring,నేను నియమిస్తున్నాను,translated,
role_picker.employer_subtext,Find skilled people nearby,దగ్గర్లోని నైపుణ్యం గల వ్యక్తులను కనుగొనండి,translated,
role_picker.how_eyebrow,HOW IT WORKS,ఇది ఎలా పని చేస్తుంది,translated,
role_picker.how_step1_title,Choose your side,మీ వైపు ఎంచుకోండి,translated,
role_picker.how_step1_body,Job seeker or employer.,ఉద్యోగం వెతికేవారు లేదా ఉద్యోగదాత.,translated,
role_picker.how_step2_title,Set your area,మీ ప్రాంతం సెట్ చేయండి,translated,
role_picker.how_step2_body,Find work or hires nearby.,దగ్గర్లో పని లేదా నియామకం.,translated,
role_picker.how_step3_title,Match in hours,గంటల్లో మ్యాచ్,translated,
role_picker.how_step3_body,"Real people, real fast.","నిజమైన వ్యక్తులు, నిజంగా వేగంగా.",translated,
role_picker.push_all_set,You're all set — notifications are on.,మీరు సిద్ధం — నోటిఫికేషన్‌లు ఆన్ అయ్యాయి.,translated,
role_picker.push_dev_build,Notifications need a development build (Phase 5).,నోటిఫికేషన్‌లకు డెవలప్‌మెంట్ బిల్డ్ అవసరం (Phase 5).,translated,
role_picker.push_granted,Notifications are on. We will let you know when there is news.,నోటిఫికేషన్‌లు ఆన్ అయ్యాయి. వార్త ఉన్నప్పుడు తెలియజేస్తాము.,translated,
role_picker.push_denied,Notifications are off. Enable from Settings if you change your mind.,నోటిఫికేషన్‌లు ఆఫ్ అయ్యాయి. మనసు మారితే సెట్టింగ్‌ల నుండి ఆన్ చేయండి.,translated,
role_picker.sheet_eyebrow,FIND WORK,పని కనుగొనండి,translated,
role_picker.sheet_title,Solo or as a team?,ఒంటరిగా లేదా జట్టుగా?,translated,
role_picker.sheet_subtitle,Pick how you'll be applying. You can change this later.,మీరు ఎలా దరఖాస్తు చేస్తారో ఎంచుకోండి. తరువాత మార్చవచ్చు.,translated,
role_picker.sheet_solo,Solo,ఒంటరిగా,translated,
role_picker.sheet_solo_sub,Just me,కేవలం నేను,translated,
role_picker.sheet_team,Team,జట్టు,translated,
role_picker.sheet_team_sub,A small group,చిన్న సమూహం,translated,
role_picker.sheet_team_label,HOW MANY MEMBERS?,ఎంత మంది సభ్యులు?,translated,
role_picker.sheet_team_more,Need more than 20? Pick the closest — you can refine the exact number on the next screen.,20 కంటే ఎక్కువ కావాలా? దగ్గర్లోనిది ఎంచుకోండి — తదుపరి స్క్రీన్‌లో సరైన సంఖ్యను నమోదు చేయవచ్చు.,translated,
role_picker.sheet_cancel,Cancel,రద్దు,translated,
role_picker.sheet_continue,Continue,కొనసాగించండి,translated,
role_picker.footer_tagline,We all had an 'ex'. Now hire better,మాకందరికీ ఒక 'ఎక్స్' ఉండేది. ఇప్పుడు మెరుగ్గా నియమించండి,translated,
role_picker.footer_meta,Bengaluru 🇮🇳  ·  est. 2025  ·  v{{version}},బెంగళూరు 🇮🇳  ·  est. 2025  ·  v{{version}},translated,
role_picker.footer_terms,Terms,నిబంధనలు,translated,
role_picker.footer_privacy,Privacy,గోప్యత,translated,
role_picker.footer_support,Support,మద్దతు,translated,
role_picker.ticker_live,LIVE,లైవ్,translated,
employer.trusted_workers.heading,Rated highly by other employers near you,,MISSING — needs translation,
employer.trusted_workers.rated_by,★{{avg}} · rated by {{n}} local employers,,MISSING — needs translation,
employer.trusted_workers.call,Call,,MISSING — needs translation,
employer.past_applicants.heading,{{n}} applied to you before — free nearby now,,MISSING — needs translation,
employer.past_applicants.applied_for,Applied for {{title}},,MISSING — needs translation,
employer.past_applicants.applied_before,Applied to you before,,MISSING — needs translation,
employer.past_applicants.call,Call,,MISSING — needs translation,
employer.work_proof.label,WORK PHOTO,,MISSING — needs translation,
employer.work_proof.awaiting,Waiting for the worker to send a photo of the finished job.,,MISSING — needs translation,
employer.work_proof.approve,Approve,,MISSING — needs translation,
employer.work_proof.reject,Reject,,MISSING — needs translation,
employer.work_proof.approved,Approved ✓,,MISSING — needs translation,
employer.work_proof.rejected,Rejected — worker can resubmit,,MISSING — needs translation,
employer.offer.label,OFFER,,MISSING — needs translation,
employer.offer.pending,Offer sent — {{when}},,MISSING — needs translation,
employer.offer.accepted,Offer accepted ✓,,MISSING — needs translation,
employer.offer.declined,Candidate declined,,MISSING — needs translation,
employer.offer.expired,Offer expired — no reply,,MISSING — needs translation,
employer.offer.countered,Worker counter-offered ₹{{wage}},,MISSING — needs translation,
employer.offer.accept_counter,Accept ₹{{wage}},,MISSING — needs translation,
employer.offer.decline_counter,Decline,,MISSING — needs translation,
employer.offer.make_24h,Offer · 24h,,MISSING — needs translation,
employer.offer.make_48h,Offer · 48h,,MISSING — needs translation,
employer.arrival.label,WILL THEY SHOW UP?,,MISSING — needs translation,
employer.arrival.band_high,Likely,,MISSING — needs translation,
employer.arrival.band_medium,Maybe,,MISSING — needs translation,
employer.arrival.band_low,Risky,,MISSING — needs translation,
employer.arrival.score,Arrival score {{score}}/100,,MISSING — needs translation,
employer.skill_check.label,SKILL CHECK,,MISSING — needs translation,
employer.skill_check.passed,Passed the skill check,,MISSING — needs translation,
employer.skill_check.not_passed,Hasn't passed yet,,MISSING — needs translation,
employer.response_settings.title,Quiet hours,,MISSING — needs translation,
employer.response_settings.hint,We won't flag you for slow replies during these hours,,MISSING — needs translation,
employer.response_settings.sms_title,SMS new-applicant alerts,,MISSING — needs translation,
employer.response_settings.sms_hint,Get a text when someone applies — even with the app closed,,MISSING — needs translation,
employer.response_settings.from,FROM,,MISSING — needs translation,
employer.response_settings.to,TO,,MISSING — needs translation,
employer.response_settings.auto_reply_label,Auto-reply (optional),,MISSING — needs translation,
employer.response_settings.auto_reply_ph,e.g. Thanks! I'll reply in the morning.,,MISSING — needs translation,
employer.response_settings.save,Save,,MISSING — needs translation,
employer.response_settings.saving,Saving…,,MISSING — needs translation,
employer.labor_budget.label,LABOR BUDGET,,MISSING — needs translation,
employer.labor_budget.spent_of,{{spent}} of {{cap}} this {{period}},,MISSING — needs translation,
employer.labor_budget.spent_this_month,Paid out this month: {{spent}},,MISSING — needs translation,
employer.labor_budget.remaining,{{remaining}} left,,MISSING — needs translation,
employer.labor_budget.over,Over budget — heads up,,MISSING — needs translation,
employer.labor_budget.period_week,Week,,MISSING — needs translation,
employer.labor_budget.period_month,Month,,MISSING — needs translation,
employer.labor_budget.amount_label,Budget amount (₹),,MISSING — needs translation,
employer.labor_budget.set,Set a budget,,MISSING — needs translation,
employer.labor_budget.edit,Edit budget,,MISSING — needs translation,
employer.labor_budget.save,Save,,MISSING — needs translation,
employer.labor_budget.saving,Saving…,,MISSING — needs translation,
employer.labor_budget.cancel,Cancel,,MISSING — needs translation,
employer.shift_schedule.label,NEXT SHIFT,,MISSING — needs translation,
employer.shift_schedule.none,No shift scheduled yet,,MISSING — needs translation,
employer.shift_schedule.status_confirmed,Worker confirmed ✓,,MISSING — needs translation,
employer.shift_schedule.status_declined,Worker can't make it — line up a backfill,,MISSING — needs translation,
employer.shift_schedule.status_awaiting,Waiting for confirmation,,MISSING — needs translation,
employer.shift_schedule.tomorrow_morning,Tomorrow 8 AM,,MISSING — needs translation,
employer.shift_schedule.tomorrow_evening,Tomorrow 6 PM,,MISSING — needs translation,
employer.shift_schedule.on_the_way,Worker is on the way,,MISSING — needs translation,
employer.shift_schedule.on_the_way_eta,On the way · ~{{eta}} min away,,MISSING — needs translation,
employer.shift_schedule.checklist_ack,Pre-shift checklist acknowledged ✓,,MISSING — needs translation,
employer.shift_schedule.checklist_pending,Pre-shift checklist not acknowledged yet,,MISSING — needs translation,
employer.shift_schedule.endorse,👍 Great at {{skill}}? Endorse,,MISSING — needs translation,
employer.shift_schedule.endorsed,Endorsed for {{skill}} ✓,,MISSING — needs translation,
employer.documents.label,DOCUMENTS & EXPIRY,,MISSING — needs translation,
employer.documents.label_ph,Document (e.g. Driving licence),,MISSING — needs translation,
employer.documents.expiry_ph,Expiry date (YYYY-MM-DD),,MISSING — needs translation,
employer.documents.add,Add document,,MISSING — needs translation,
employer.documents.adding,Adding…,,MISSING — needs translation,
employer.documents.remove,Remove,,MISSING — needs translation,
employer.documents.expires,Expires {{date}},,MISSING — needs translation,
employer.incident.label,INCIDENT LOG (PRIVATE),,MISSING — needs translation,
employer.incident.empty,No incidents logged. Only you can see these.,,MISSING — needs translation,
employer.incident.placeholder,e.g. Arrived 40 min late,,MISSING — needs translation,
employer.incident.add_photo,Add photo,,MISSING — needs translation,
employer.incident.photo_added,Photo ✓,,MISSING — needs translation,
employer.incident.log,Log it,,MISSING — needs translation,
employer.incident.logging,Saving…,,MISSING — needs translation,
employer.moderation.block,Block,,MISSING — needs translation,
employer.moderation.report,Report,,MISSING — needs translation,
employer.moderation.cancel,Cancel,,MISSING — needs translation,
employer.moderation.block_title,Block {{name}}?,,MISSING — needs translation,
employer.moderation.block_body,They won't be able to apply to your jobs again. You can unblock later.,,MISSING — needs translation,
employer.moderation.report_title,Report this worker,,MISSING — needs translation,
employer.moderation.report_body,What's the problem? Our team will review it.,,MISSING — needs translation,
employer.moderation.report_done,Reported. Thanks — our team will take a look.,,MISSING — needs translation,
employer.moderation.reason_fake,Fake profile,,MISSING — needs translation,
employer.moderation.reason_scam,Scam,,MISSING — needs translation,
employer.moderation.reason_abusive,Abusive behaviour,,MISSING — needs translation,
employer.briefing.cta,Site briefing,,MISSING — needs translation,
employer.briefing.title,Before-you-arrive briefing,,MISSING — needs translation,
employer.briefing.hint,"Instructions + photos shown to workers you hire — park behind the shop, ask for Raju, wear boots.",,MISSING — needs translation,
employer.briefing.placeholder,"e.g. Park behind the shop, ask for Raju, wear boots",,MISSING — needs translation,
employer.briefing.add_photo,Add photo ({{n}}/3),,MISSING — needs translation,
employer.briefing.save,Save briefing,,MISSING — needs translation,
employer.briefing.saving,Saving…,,MISSING — needs translation,
employer.wage_nudge.title,Your wage is below the local rate,,MISSING — needs translation,
employer.wage_nudge.body,Similar jobs near you pay around {{median}}. Yours is {{yours}} — raising it usually pulls more applicants.,,MISSING — needs translation,
employer.bulk_message.cta,Message all {{n}} shortlisted,,MISSING — needs translation,
employer.bulk_message.title,Message {{n}} shortlisted candidates,,MISSING — needs translation,
employer.bulk_message.placeholder,"e.g. Interviews tomorrow 10–12, reply to confirm.",,MISSING — needs translation,
employer.bulk_message.send,Send to all,,MISSING — needs translation,
employer.bulk_message.sending,Sending…,,MISSING — needs translation,
employer.bulk_message.sent_title,Message sent,,MISSING — needs translation,
employer.bulk_message.sent_body,Sent to {{n}} candidates.,,MISSING — needs translation,
employer.bulk_message.fail,Couldn't send. Try again.,,MISSING — needs translation,
employer.blind_review.toggle_title,Blind first-pass,,MISSING — needs translation,
employer.blind_review.toggle_hint,Hide photos & names while you shortlist on skills,,MISSING — needs translation,
employer.blind_review.candidate_n,Candidate {{n}},,MISSING — needs translation,
employer.worker_note.label,PRIVATE NOTE,,MISSING — needs translation,
employer.worker_note.placeholder,"e.g. Great with customers, bring back for weekends",,MISSING — needs translation,
employer.worker_note.private_hint,Only you can see this. Never shown to the worker.,,MISSING — needs translation,
employer.worker_note.save,Save note,,MISSING — needs translation,
employer.worker_note.saving,Saving…,,MISSING — needs translation,
employer.worker_note.saved,Saved ✓,,MISSING — needs translation,
employer.voice_post.title,Speak your job,,MISSING — needs translation,
employer.voice_post.hint,"Tap and say it — e.g. ""2 dishwashers, Friday night, ₹600""",,MISSING — needs translation,
employer.voice_post.listening,Listening… tap to stop,,MISSING — needs translation,
employer.voice_post.thinking,Got it — filling the form…,,MISSING — needs translation,
employer.voice_post.failed,Didn't catch that. Try again or type below.,,MISSING — needs translation,
employer.voice_post.mic_label,Speak the job post,,MISSING — needs translation,
employer.voice_post.note_headcount,Need {{count}} people.,,MISSING — needs translation,
employer.voice_post.note_days,Days: {{days}}.,,MISSING — needs translation,
employer.voice_post.note_start,Starts {{time}}.,,MISSING — needs translation,
employer.back,← Back,← వెనుకకు,translated,
employer.retry,Retry,మళ్ళీ ప్రయత్నించు,translated,
employer.crew.title,My crew,,MISSING — needs translation,
employer.crew.import_cta,Import workers from contacts,,MISSING — needs translation,
employer.crew.importing,Importing…,,MISSING — needs translation,
employer.crew.remove,Remove,,MISSING — needs translation,
employer.crew.rehire,Re-hire,,MISSING — needs translation,
employer.crew.rehire_pick,Re-hire {{name}} for which job?,,MISSING — needs translation,
employer.crew.rehire_no_jobs,You have no active jobs. Post one first.,,MISSING — needs translation,
employer.crew.rehire_sent_title,Offer sent,,MISSING — needs translation,
employer.crew.rehire_sent_body,We've sent them a direct offer — they'll accept or decline.,,MISSING — needs translation,
employer.crew.rehire_fail,Couldn't send the offer. They may already be hired for that job.,,MISSING — needs translation,
employer.crew.roster_title,THIS WEEK'S ROSTER,,MISSING — needs translation,
employer.crew.roster_no_days,No days set,,MISSING — needs translation,
employer.crew.roster_unfilled,Not filled yet,,MISSING — needs translation,
employer.crew.docs_expiring_title,DOCUMENTS EXPIRING SOON,,MISSING — needs translation,
employer.crew.docs_expires,Expires {{date}},,MISSING — needs translation,
employer.crew.docs_expired,Expired {{date}},,MISSING — needs translation,
employer.crew.churn_title,DRIFTING AWAY?,,MISSING — needs translation,
employer.crew.churn_row,{{hires}} hires · quiet {{days}} days,,MISSING — needs translation,
employer.crew.churn_reach_out,Reach out,,MISSING — needs translation,
employer.crew.timesheet_title,HOURS THIS MONTH,,MISSING — needs translation,
employer.crew.timesheet_export,Export,,MISSING — needs translation,
employer.crew.timesheet_row,{{hours}} · {{days}} days,,MISSING — needs translation,
employer.crew.empty_eyebrow,BUILD YOUR CREW,,MISSING — needs translation,
employer.crew.empty_title,No crew yet,,MISSING — needs translation,
employer.crew.empty_body,Import your contacts to add workers you already know — they'll be one tap away for your next job.,,MISSING — needs translation,
employer.crew.no_contacts_title,Contacts unavailable,,MISSING — needs translation,
employer.crew.no_contacts_body,Contact import isn't available on this device.,,MISSING — needs translation,
employer.crew.permission_title,Permission needed,,MISSING — needs translation,
employer.crew.permission_body,Allow contacts access to find workers you already know.,,MISSING — needs translation,
employer.crew.import_done_title,{{n}} added to your crew,,MISSING — needs translation,
employer.crew.import_done_body,{{invite}} of your contacts aren't on Doondo yet.,,MISSING — needs translation,
employer.crew.import_fail,Couldn't import contacts. Try again.,,MISSING — needs translation,
employer.crew.invite,Invite them,,MISSING — needs translation,
employer.crew.later,Later,,MISSING — needs translation,
employer.crew.invite_message,I'm hiring on Doondo — join and I'll add you to my crew: https://doondo.app,,MISSING — needs translation,
employer.needs_now.title,NEEDS YOU NOW,,MISSING — needs translation,
employer.needs_now.on_the_way_one,{{name}} is on the way,,MISSING — needs translation,
employer.needs_now.on_the_way_many,{{n}} workers are on the way,,MISSING — needs translation,
employer.needs_now.counter_one,{{name}} countered your offer,,MISSING — needs translation,
employer.needs_now.counter_many,{{n}} workers countered your offer,,MISSING — needs translation,
employer.needs_now.proof_one,1 work photo waiting for your review,,MISSING — needs translation,
employer.needs_now.proof_many,{{n}} work photos waiting for your review,,MISSING — needs translation,
employer.needs_now.waiting_one,{{name}} has been waiting over a day,,MISSING — needs translation,
employer.needs_now.waiting_many,{{n}} applicants have waited over a day,,MISSING — needs translation,
employer.needs_now.doc_one,{{sample}} document expiring,,MISSING — needs translation,
employer.needs_now.doc_many,{{n}} crew documents expiring soon,,MISSING — needs translation,
employer.project.title,Project progress,,MISSING — needs translation,
employer.project.day_of,Day {{day}} of {{total}},,MISSING — needs translation,
employer.project.range,{{start}} → {{end}},,MISSING — needs translation,
employer.project.remaining,{{n}} days left,,MISSING — needs translation,
employer.project.complete,Project complete,,MISSING — needs translation,
employer.project.days_attended,{{done}}/{{total}} days,,MISSING — needs translation,
employer.statement.cta,Monthly statement (PDF),,MISSING — needs translation,
employer.statement.generating,Preparing…,,MISSING — needs translation,
employer.statement.pdf_title,Monthly statement,,MISSING — needs translation,
employer.statement.pdf_footer,Generated by Doondo. Hours are from on-site check-ins; pay is settled UPI payments for the month.,,MISSING — needs translation,
employer.statement.share_title,Share monthly statement,,MISSING — needs translation,
employer.statement.col_worker,Worker,,MISSING — needs translation,
employer.statement.col_days,Days,,MISSING — needs translation,
employer.statement.col_shifts,Shifts,,MISSING — needs translation,
employer.statement.col_hours,Hours,,MISSING — needs translation,
employer.statement.col_paid,Paid,,MISSING — needs translation,
employer.statement.total,Total · {{n}} workers,,MISSING — needs translation,
employer.statement.empty_title,Nothing to report,,MISSING — needs translation,
employer.statement.empty_body,No worked hours or settled payments this month yet.,,MISSING — needs translation,
employer.statement.fail,Couldn't generate the statement. Try again.,,MISSING — needs translation,
employer.squad.title,SQUADS,,MISSING — needs translation,
employer.squad.new,+ New squad,,MISSING — needs translation,
employer.squad.none,No squads yet. Group workers you hire together for one-tap deploys.,,MISSING — needs translation,
employer.squad.member_count,{{n}} members,,MISSING — needs translation,
employer.squad.deploy,Deploy to job,,MISSING — needs translation,
employer.squad.delete,Delete,,MISSING — needs translation,
employer.squad.deploy_pick,"Send ""{{name}}"" to which job?",,MISSING — needs translation,
employer.squad.deploy_done_title,Squad deployed,,MISSING — needs translation,
employer.squad.deploy_done_body,Offers sent to {{sent}} members. {{failed}} couldn't be offered.,,MISSING — needs translation,
employer.squad.deploy_fail,Couldn't deploy the squad. Try again.,,MISSING — needs translation,
employer.squad.builder_title,New squad,,MISSING — needs translation,
employer.squad.name_placeholder,Squad name (e.g. Morning kitchen crew),,MISSING — needs translation,
employer.squad.save,Save squad ({{n}}),,MISSING — needs translation,
employer.squad.saving,Saving…,,MISSING — needs translation,
employer.squad.save_fail,Couldn't save the squad. The name may already be taken.,,MISSING — needs translation,
employer.workforce.eyebrow,WORKFORCE,శ్రామిక శక్తి,translated,
employer.workforce.title,Your team.,మీ జట్టు.,translated,
employer.workforce.coming_soon_eyebrow,COMING SOON,త్వరలో వస్తోంది,translated,
employer.workforce.coming_soon_body,"Phase 4 brings active hires, attendance, and recurring worker management to this tab.","Phase 4లో క్రియాశీల నియామకాలు, హాజరు మరియు పునరావృత కార్మికుల నిర్వహణ ఈ ట్యాబ్‌లోకి వస్తుంది.",translated,
employer.applicant_card.reel_pill,Reel,,MISSING — needs translation,
employer.applicant_card.for_job,for {{title}},{{title}} కోసం,translated,
employer.applicant_card.anon,Anonymous,అనామక,translated,
employer.applicant_card.verified,Verified,ధృవీకరించబడింది,translated,
employer.applicant_card.team_of,Team of {{n}},{{n}} మంది జట్టు,translated,
employer.applicant_card.time_just_now,just now,ఇప్పుడే,translated,
employer.applicant_card.time_minutes_ago,{{n}}m ago,{{n}} నిమి క్రితం,translated,
employer.applicant_card.time_hours_ago,{{n}}h ago,{{n}} గంటల క్రితం,translated,
employer.applicant_card.time_days_ago,{{n}}d ago,{{n}} రోజుల క్రితం,translated,
employer.applicant_card.status_pending,New,కొత్త,translated,
employer.applicant_card.status_viewed,Viewed,చూశారు,translated,
employer.applicant_card.status_shortlisted,Shortlisted,షార్ట్‌లిస్ట్,translated,
employer.applicant_card.status_rejected,Rejected,తిరస్కరించబడింది,translated,
employer.applicant_card.status_hired,Hired,నియమించబడింది,translated,
employer.applicant_card.status_withdrawn,Withdrawn,ఉపసంహరించుకున్నారు,translated,
employer.applicant_card.fallback_name,Applicant,దరఖాస్తుదారు,translated,
employer.applicants.eyebrow,APPLICANTS,దరఖాస్తుదారులు,translated,
employer.applicants.title,People who want this.,కోరుకుంటున్న వ్యక్తులు.,translated,
employer.applicants.per_job_title,Applicants,దరఖాస్తుదారులు,translated,
employer.applicants.per_job_total,{{n}} total,మొత్తం {{n}},translated,
employer.applicants.fill,{{hired}} of {{headcount}} hired,,MISSING — needs translation,
employer.applicants.filter_all,All,అన్ని,translated,
employer.applicants.filter_pending,New,కొత్త,translated,
employer.applicants.filter_viewed,Viewed,చూసిన,translated,
employer.applicants.filter_shortlisted,Shortlisted,షార్ట్‌లిస్ట్,translated,
employer.applicants.filter_hired,Hired,నియమించబడిన,translated,
employer.applicants.offline_eyebrow,OFFLINE,ఆఫ్‌లైన్,translated,
employer.applicants.offline_title,Couldn't load applicants,దరఖాస్తుదారులను లోడ్ చేయలేకపోయాము,translated,
employer.applicants.offline_message,"Pull down to retry, or check your connection.","మళ్ళీ ప్రయత్నించడానికి కిందకు లాగండి, లేదా మీ కనెక్షన్‌ను తనిఖీ చేయండి.",translated,
employer.applicants.empty_waiting_eyebrow,WAITING ROOM,వేచి ఉండే గది,translated,
employer.applicants.empty_no_applicants_title,No applicants yet,ఇంకా దరఖాస్తుదారులు లేరు,translated,
employer.applicants.empty_no_applicants_message,"Once someone applies to one of your jobs, they'll show up here.","ఎవరైనా మీ ఉద్యోగాల్లో ఒకదానికి దరఖాస్తు చేస్తే, వారు ఇక్కడ కనిపిస్తారు.",translated,
employer.applicants.empty_no_applicants_per_job,"When someone applies, you'll see them here. Verified candidates show a champagne ring around their avatar.","ఎవరైనా దరఖాస్తు చేసినప్పుడు, మీరు వారిని ఇక్కడ చూస్తారు. ధృవీకరించబడిన అభ్యర్థులు తమ అవతార్ చుట్టూ షాంపేన్ రింగ్‌ను చూపిస్తారు.",translated,
employer.applicants.empty_filter_eyebrow,EMPTY FILTER,ఖాళీ ఫిల్టర్,translated,
employer.applicants.empty_filter_title,"No applicants in ""{{filter}}""","""{{filter}}""లో దరఖాస్తుదారులు లేరు",translated,
employer.applicants.empty_filter_message,"Try a different filter, or wait for new applications.","మరో ఫిల్టర్‌ను ప్రయత్నించండి, లేదా కొత్త దరఖాస్తుల కోసం వేచి ఉండండి.",translated,
employer.applicants.available_now_title,Workers available right now,కార్మికులు ఇప్పుడు అందుబాటులో ఉన్నారు,translated,
employer.applicants.available_now_subtitle,"Workers nearby broadcasting ""available now"" — tap to view","దగ్గర్లోని కార్మికులు ""ఇప్పుడు అందుబాటులో"" అని ప్రసారం చేస్తున్నారు — చూడటానికి ట్యాప్ చేయండి",translated,
employer.applicants.available_off_title,Available workers,అందుబాటులో ఉన్న కార్మికులు,translated,
employer.applicants.available_off_subtitle,"When workers are broadcasting nearby, they show up here","దగ్గర్లోని కార్మికులు ప్రసారం చేస్తున్నప్పుడు, వారు ఇక్కడ కనిపిస్తారు",translated,
employer.applicants.available_now_a11y,See workers available right now,ఇప్పుడు అందుబాటులో ఉన్న కార్మికులను చూడండి,translated,
employer.upi.title,💸 Pay via UPI,💸 UPI ద్వారా చెల్లించండి,translated,
employer.upi.receipt_share,Share receipt,,MISSING — needs translation,
employer.upi.receipt_sharing,Preparing…,,MISSING — needs translation,
employer.upi.receipt_fail,Couldn't load the receipt. Try again.,,MISSING — needs translation,
employer.upi.receipt_heading,DOONDO PAYMENT RECEIPT,,MISSING — needs translation,
employer.upi.receipt_no,Receipt no,,MISSING — needs translation,
employer.upi.receipt_date,Date,,MISSING — needs translation,
employer.upi.receipt_from,From,,MISSING — needs translation,
employer.upi.receipt_to,To,,MISSING — needs translation,
employer.upi.receipt_amount,Amount,,MISSING — needs translation,
employer.upi.receipt_method,Method,,MISSING — needs translation,
employer.upi.amount_placeholder,Amount,మొత్తం,translated,
employer.upi.cta_open,Open UPI app,UPI ఆప్ తెరువు,translated,
employer.upi.no_upi_title,No UPI app found,UPI ఆప్ కనుగొనబడలేదు,translated,
employer.upi.no_upi_body,Pay {{amount}} to {{vpa}} with reference {{ref}}.,{{vpa}}కు సూచన {{ref}}తో {{amount}} చెల్లించండి.,translated,
employer.upi.could_not_create,Could not create payment,చెల్లింపును సృష్టించలేకపోయాము,translated,
employer.upi.ref_label,Ref {{ref}} · {{vpa}},సూచన {{ref}} · {{vpa}},translated,
employer.upi.cta_paid,✓ I paid,✓ నేను చెల్లించాను,translated,
employer.upi.cta_cancel,Cancel,రద్దు,translated,
employer.upi.enter_amount,Enter an amount,మొత్తాన్ని నమోదు చేయండి,translated,
employer.upi.marked_paid_title,Marked paid,చెల్లించబడిందని గుర్తించబడింది,translated,
employer.upi.marked_paid_body,The worker's earnings have been updated.,కార్మికుని సంపాదన అప్‌డేట్ చేయబడింది.,translated,
employer.posts.eyebrow,POSTS,పోస్ట్‌లు,translated,
employer.posts.title,Your jobs.,మీ ఉద్యోగాలు.,translated,
employer.posts.subtitle_one,{{n}} total · pull down to refresh,మొత్తం {{n}} · రిఫ్రెష్ చేయడానికి కిందకు లాగండి,translated,
employer.posts.subtitle_other,{{n}} total · pull down to refresh,మొత్తం {{n}} · రిఫ్రెష్ చేయడానికి కిందకు లాగండి,translated,
employer.posts.subtitle_empty,Post a job to start hiring,నియామకాన్ని ప్రారంభించడానికి ఒక ఉద్యోగాన్ని పోస్ట్ చేయండి,translated,
employer.posts.subtitle_manage,Manage and track your job posts,మీ ఉద్యోగ పోస్ట్‌లను నిర్వహించండి మరియు ట్రాక్ చేయండి,translated,
employer.posts.count_one,{{n}} Job,{{n}} ఉద్యోగం,translated,
employer.posts.count_other,{{n}} Jobs,{{n}} ఉద్యోగాలు,translated,
employer.posts.view_applicants,View applicants,దరఖాస్తుదారులను చూడండి,translated,
employer.posts.tip_title,Tip,చిట్కా,translated,
employer.posts.tip_body,Keep your jobs updated to attract the best talent.,ఉత్తమ టాలెంట్‌ను ఆకర్షించడానికి మీ ఉద్యోగాలను అప్‌డేట్‌గా ఉంచండి.,translated,
employer.posts.cta_new,+ New,+ కొత్త,translated,
employer.posts.cta_post,Post a job,ఉద్యోగాన్ని పోస్ట్ చేయండి,translated,
employer.posts.offline_eyebrow,OFFLINE,ఆఫ్‌లైన్,translated,
employer.posts.offline_title,Couldn't load your posts,మీ పోస్ట్‌లను లోడ్ చేయలేకపోయాము,translated,
employer.posts.offline_message,"Pull down to retry, or check your connection.","మళ్ళీ ప్రయత్నించడానికి కిందకు లాగండి, లేదా మీ కనెక్షన్‌ను తనిఖీ చేయండి.",translated,
employer.posts.empty_eyebrow,NO POSTS YET,ఇంకా పోస్ట్‌లు లేవు,translated,
employer.posts.empty_title,Post your first job,మీ మొదటి ఉద్యోగాన్ని పోస్ట్ చేయండి,translated,
employer.posts.empty_message,Tap the button below and be hiring in under a minute.,"కింద ఉన్న బటన్‌ను నొక్కి, ఒక నిమిషం లోపు నియామకాన్ని ప్రారంభించండి.",translated,
employer.posts.section_open,Open,తెరిచిన,translated,
employer.posts.section_closed,Closed,మూసిన,translated,
employer.posts.applicants_one,{{n}} applicant,{{n}} దరఖాస్తుదారు,translated,
employer.posts.applicants_other,{{n}} applicants,{{n}} దరఖాస్తుదారులు,translated,
employer.posts.action_pause,Pause,విరామం,translated,
employer.posts.action_reopen,Reopen,మళ్ళీ తెరువు,translated,
employer.posts.action_close,Close,మూసివేయి,translated,
employer.posts.action_repost,Re-post,,MISSING — needs translation,
employer.posts.status_active,Active,క్రియాశీల,translated,
employer.posts.status_paused,Paused,విరామిత,translated,
employer.posts.status_filled,Filled,నింపబడింది,translated,
employer.posts.status_expired,Closed,మూసివేయబడింది,translated,
employer.posts.escalation_boosted,⬆ Boosted,,MISSING — needs translation,
employer.posts.escalation_attention,Needs attention,,MISSING — needs translation,
employer.posts.type_full_time,Full-time,పూర్తి సమయం,translated,
employer.posts.type_part_time,Part-time,పార్ట్ టైమ్,translated,
employer.posts.type_gig,Gig,గిగ్,translated,
employer.posts.type_shift,Shift,షిఫ్ట్,translated,
employer.posts.type_contract,Contract,కాంట్రాక్ట్,translated,
employer.available_workers.header_title,Available right now,ఇప్పుడు అందుబాటులో,translated,
employer.available_workers.header_subtitle,Workers who broadcast their availability within ~15 km. Tap to call — they've opted in to be reached.,~15 కిమీ లోపు తమ లభ్యతను ప్రసారం చేస్తున్న కార్మికులు. కాల్ చేయడానికి ట్యాప్ చేయండి — వారు సంప్రదించడానికి అంగీకరించారు.,translated,
employer.available_workers.error_title,Couldn't load,లోడ్ చేయలేకపోయాము,translated,
employer.available_workers.error_message,Check your connection and try again.,మీ కనెక్షన్‌ను తనిఖీ చేసి మళ్ళీ ప్రయత్నించండి.,translated,
employer.available_workers.retry,Retry,మళ్ళీ ప్రయత్నించు,translated,
employer.available_workers.empty_eyebrow,NOBODY BROADCASTING,ఎవరూ ప్రసారం చేయడం లేదు,translated,
employer.available_workers.empty_title,No workers available right now,ఇప్పుడు కార్మికులు అందుబాటులో లేరు,translated,
employer.available_workers.empty_message,"When a worker raises their availability beacon nearby, they'll show up here. Pull to refresh.","ఒక కార్మికుడు దగ్గర్లో తమ లభ్యత బీకన్‌ను పెంచినప్పుడు, వారు ఇక్కడ కనిపిస్తారు. రిఫ్రెష్ చేయడానికి లాగండి.",translated,
employer.available_workers.meters_short,{{n}}m,{{n}}మీ,translated,
employer.available_workers.kilometers_short,{{n}}km,{{n}}కిమీ,translated,
employer.available_workers.drive,🚗 {{n}} min,,MISSING — needs translation,
employer.available_workers.drive_est,🚗 ~{{n}} min,,MISSING — needs translation,
employer.available_workers.minutes_left,{{n}}m left,{{n}}మి మిగిలి,translated,
employer.available_workers.expiring,expiring,గడువు ముగియును,translated,
employer.available_workers.wants_wage,Wants ₹{{amount}}/{{period}},,MISSING — needs translation,
employer.available_workers.period_hour,hr,,MISSING — needs translation,
employer.available_workers.period_day,day,,MISSING — needs translation,
employer.available_workers.period_week,wk,,MISSING — needs translation,
employer.available_workers.period_month,mo,,MISSING — needs translation,
employer.available_workers.period_fixed,fixed,,MISSING — needs translation,
employer.available_workers.call_a11y,Call {{name}},{{name}}కు కాల్ చేయండి,translated,
employer.available_workers.call_now,📞 Call now,📞 ఇప్పుడు కాల్ చేయండి,translated,
employer.available_workers.opening_dialer,Opening dialer…,డయలర్ తెరవబడుతోంది…,translated,
employer.available_workers.no_phone_title,Couldn't call,కాల్ చేయలేకపోయాము,translated,
employer.available_workers.no_phone_body,This worker hasn't added a phone number to their profile.,ఈ కార్మికుడు తమ ప్రొఫైల్‌లో ఫోన్ నంబర్ జోడించలేదు.,translated,
employer.available_workers.no_dialer_title,Couldn't open dialer,డయలర్ తెరవలేకపోయాము,translated,
employer.available_workers.no_dialer_body,Your phone's dialer isn't available. The number is {{phone}},మీ ఫోన్ డయలర్ అందుబాటులో లేదు. నంబర్ {{phone}},translated,
employer.available_workers.not_available_title,Not available,అందుబాటులో లేదు,translated,
employer.available_workers.not_available_default,Couldn't reveal contact.,సంప్రదింపును బహిర్గతం చేయలేకపోయాము.,translated,
employer.available_workers.location_default,Showing a default area — turn on location (or set your city in your profile) to find workers near you.,,MISSING — needs translation,
employer.profile.switch_a11y,Switch account,ఖాతా మార్చండి,translated,
employer.profile.eyebrow,EMPLOYER,ఉద్యోగదాత,translated,
employer.profile.favorited_by,♥ {{n}} workers favourited you,,MISSING — needs translation,
employer.profile.photo_updating,Updating photo…,ఫోటో అప్‌డేట్ అవుతోంది…,translated,
employer.profile.photo_change,Change photo,ఫోటో మార్చండి,translated,
employer.profile.photo_add,Add photo,ఫోటో జోడించండి,translated,
employer.profile.photo_failed,Failed to update photo,ఫోటోను అప్‌డేట్ చేయలేకపోయాము,translated,
employer.profile.completion_eyebrow,BUSINESS PROFILE,వ్యాపార ప్రొఫైల్,translated,
employer.profile.completion_incomplete,Complete your profile so seekers trust your posts.,సీకర్‌లు మీ పోస్ట్‌లను నమ్మేలా మీ ప్రొఫైల్‌ను పూర్తి చేయండి.,translated,
employer.profile.completion_complete,Your business profile is complete.,మీ వ్యాపార ప్రొఫైల్ పూర్తయింది.,translated,
employer.profile.section_business,BUSINESS,వ్యాపారం,translated,
employer.profile.section_compliance,COMPLIANCE,కంప్లయన్స్,translated,
employer.profile.section_location,LOCATION,స్థానం,translated,
employer.profile.edit,Edit,సవరించు,translated,
employer.profile.business_empty_title,Add your business name,మీ వ్యాపార పేరును జోడించండి,translated,
employer.profile.business_empty_subtitle,Tap to set business type,వ్యాపార రకాన్ని సెట్ చేయడానికి ట్యాప్ చేయండి,translated,
employer.profile.gstin_empty_title,GSTIN not set,GSTIN సెట్ చేయబడలేదు,translated,
employer.profile.gstin_set_subtitle,GST registration on file,GST రిజిస్ట్రేషన్ ఫైల్‌లో,translated,
employer.profile.gstin_empty_subtitle,Add to verify your business,మీ వ్యాపారాన్ని ధృవీకరించడానికి జోడించండి,translated,
employer.profile.location_empty_title,Set your business address,మీ వ్యాపార చిరునామాను సెట్ చేయండి,translated,
employer.profile.location_set_subtitle,GPS set,GPS సెట్ చేయబడింది,translated,
employer.profile.location_empty_subtitle,So seekers know where you operate from,మీరు ఎక్కడి నుంచి పని చేస్తారో సీకర్‌లు తెలుసుకోవడానికి,translated,
employer.profile.recovery_title,Add recovery phone,రికవరీ ఫోన్‌ను జోడించండి,translated,
employer.profile.recovery_body,Needed to reset your password if you ever forget it.,మీరు ఎప్పుడైనా పాస్‌వర్డ్ మర్చిపోతే రీసెట్ చేయడానికి అవసరం.,translated,
employer.profile.recovery_pill,Add,జోడించండి,translated,
employer.profile.verification_title,Verification,ధృవీకరణ,translated,
employer.profile.verification_verified_copy,Your business carries the gold ★ everywhere.,మీ వ్యాపారం ప్రతి చోట బంగారు ★ను కలిగి ఉంది.,translated,
employer.profile.verification_pending_with_gstin,Phone confirmed — finish with a quick selfie.,ఫోన్ నిర్ధారించబడింది — త్వరిత సెల్ఫీతో పూర్తి చేయండి.,translated,
employer.profile.verification_pending_no_gstin,"Add a valid GSTIN, then finish with a selfie.","సరైన GSTINని జోడించండి, తరువాత సెల్ఫీతో పూర్తి చేయండి.",translated,
employer.profile.verification_rejected,Verification didn't pass. Tap to try again.,ధృవీకరణ ఉత్తీర్ణం కాలేదు. మళ్ళీ ప్రయత్నించడానికి ట్యాప్ చేయండి.,translated,
employer.profile.verification_default,Confirm your phone + selfie to earn the gold ★.,బంగారు ★ సంపాదించడానికి మీ ఫోన్ + సెల్ఫీని నిర్ధారించండి.,translated,
employer.profile.verification_verified_pill,Verified,ధృవీకరించబడింది,translated,
employer.profile.verification_continue,Continue,కొనసాగించు,translated,
employer.profile.verification_verify,Verify,ధృవీకరించు,translated,
employer.profile.cta_signout,Sign out,సైన్ ఔట్,translated,
employer.profile.business_type_individual,Individual,వ్యక్తిగత,translated,
employer.profile.business_type_shop,Shop,దుకాణం,translated,
employer.profile.business_type_restaurant,Restaurant,రెస్టారెంట్,translated,
employer.profile.business_type_salon,Salon,సలోన్,translated,
employer.profile.business_type_agency,Agency,ఏజెన్సీ,translated,
employer.profile.business_type_startup,Startup,స్టార్టప్,translated,
employer.profile.business_type_enterprise,Enterprise,ఎంటర్‌ప్రైజ్,translated,
employer.profile.business_type_other,Other,ఇతర,translated,
employer.applicant_detail.error_eyebrow,UNAVAILABLE,అందుబాటులో లేదు,translated,
employer.applicant_detail.error_title,Couldn't load this applicant,ఈ దరఖాస్తుదారుని లోడ్ చేయలేకపోయాం,translated,
employer.applicant_detail.error_message,"They may have withdrawn, or your connection dropped.","వారు దరఖాస్తును ఉపసంహరించుకుని ఉండవచ్చు, లేదా మీ కనెక్షన్ తెగిపోయి ఉండవచ్చు.",translated,
employer.applicant_detail.close,Close,మూసివేయి,translated,
employer.applicant_detail.back,Back,వెనుకకు,translated,
employer.applicant_detail.rate_worker,Rate this worker,ఈ కార్మికుడిని రేట్ చేయండి,translated,
employer.applicant_detail.rate_worker_hint,Your review helps other employers find great hires.,మీ సమీక్ష ఇతర యజమానులు మంచి కార్మికులను కనుగొనడంలో సహాయపడుతుంది.,translated,
employer.applicant_detail.rate_cta,Rate,రేట్ చేయి,translated,
employer.applicant_detail.applicant_fallback,Applicant,దరఖాస్తుదారు,translated,
employer.applicant_detail.status_new,NEW APPLICANT,కొత్త దరఖాస్తుదారు,translated,
employer.applicant_detail.status_viewed,VIEWED,చూశారు,translated,
employer.applicant_detail.status_shortlisted,SHORTLISTED,షార్ట్‌లిస్ట్ చేశారు,translated,
employer.applicant_detail.status_rejected,REJECTED,తిరస్కరించారు,translated,
employer.applicant_detail.status_hired,HIRED,నియమించారు,translated,
employer.applicant_detail.status_withdrawn,WITHDRAWN,ఉపసంహరించారు,translated,
employer.applicant_detail.team_of,Team of {{n}},{{n}} మంది జట్టు,translated,
employer.applicant_detail.teammates,TEAMMATES,జట్టు సభ్యులు,translated,
employer.applicant_detail.applied_to,APPLIED TO,దీనికి దరఖాస్తు చేశారు,translated,
employer.applicant_detail.skills,SKILLS,నైపుణ్యాలు,translated,
employer.applicant_detail.cover_note,COVER NOTE,కవర్ నోట్,translated,
employer.applicant_detail.call_worker,📞 Call this worker,📞 ఈ కార్మికుడికి కాల్ చేయండి,translated,
employer.applicant_detail.call_worker_a11y,Call this worker,ఈ కార్మికుడికి కాల్ చేయండి,translated,
employer.applicant_detail.call_opening,Opening dialer…,డయలర్ తెరుస్తోంది…,translated,
employer.applicant_detail.call_fail_title,Couldn't call,కాల్ చేయలేకపోయాం,translated,
employer.applicant_detail.call_fail_no_phone,This worker hasn't added a phone number yet.,ఈ కార్మికుడు ఇంకా ఫోన్ నంబర్ జోడించలేదు.,translated,
employer.applicant_detail.call_dialer_fail_title,Couldn't open dialer,డయలర్ తెరవలేకపోయాం,translated,
employer.applicant_detail.call_dialer_fail_msg,Their number is {{phone}},వారి నంబర్ {{phone}},translated,
employer.applicant_detail.call_reveal_fail,Couldn't reveal contact.,సంప్రదింపును చూపలేకపోయాం.,translated,
employer.applicant_detail.call_not_available,Not available,అందుబాటులో లేదు,translated,
employer.applicant_detail.endorsements,ENDORSEMENTS,సిఫార్సులు,translated,
employer.applicant_detail.endorsements_intro,You worked with this person — vouch for them on the trades they actually delivered. 3 employer endorsements = verified status.,మీరు ఈ వ్యక్తితో పనిచేశారు — వారు నిజంగా చేసిన పనులకు వారిని సిఫార్సు చేయండి. 3 యజమాని సిఫార్సులు = ధృవీకరించబడిన స్థితి.,translated,
employer.applicant_detail.endorsements_hint,Tap a trade to endorse the worker. You can endorse each trade once.,కార్మికుడిని సిఫార్సు చేయడానికి ఒక ట్రేడ్‌పై నొక్కండి. ప్రతి ట్రేడ్‌ను ఒకసారి సిఫార్సు చేయవచ్చు.,translated,
employer.applicant_detail.endorse_fail_title,Couldn't endorse,సిఫార్సు చేయలేకపోయాం,translated,
employer.applicant_detail.try_again,Try again.,మళ్లీ ప్రయత్నించండి.,translated,
employer.applicant_detail.course_badges,COURSE BADGES,కోర్సు బ్యాడ్జ్‌లు,translated,
employer.applicant_detail.work_photos,WORK PHOTOS,పని ఫోటోలు,translated,
employer.applicant_detail.photo_verified,Verified,ధృవీకరించబడింది,translated,
employer.applicant_detail.verify_photo,✓ Verify this work,✓ ఈ పనిని ధృవీకరించండి,translated,
employer.applicant_detail.verify_photo_a11y,Verify this work photo,ఈ పని ఫోటోను ధృవీకరించండి,translated,
employer.applicant_detail.verify_fail_title,Couldn't verify,ధృవీకరించలేకపోయాం,translated,
employer.applicant_detail.work_history,WORK HISTORY,పని చరిత్ర,translated,
employer.applicant_detail.current,CURRENT,ప్రస్తుతం,translated,
employer.applicant_detail.resume,RESUME,రెజ్యూమె,translated,
employer.applicant_detail.resume_fallback,Resume,రెజ్యూమె,translated,
employer.applicant_detail.resume_opening,Opening…,తెరుస్తోంది…,translated,
employer.applicant_detail.resume_open,Open resume,రెజ్యూమె తెరవండి,translated,
employer.applicant_detail.resume_open_fail,Couldn't open resume,రెజ్యూమె తెరవలేకపోయాం,translated,
employer.applicant_detail.interview,INTERVIEW,ఇంటర్వ్యూ,translated,
employer.applicant_detail.interview_mode_in_person,In-person,ప్రత్యక్షంగా,translated,
employer.applicant_detail.interview_mode_video,Video,వీడియో,translated,
employer.applicant_detail.interview_mode_phone,Phone,ఫోన్,translated,
employer.applicant_detail.interview_mode_video_call,Video call,వీడియో కాల్,translated,
employer.applicant_detail.interview_mode_phone_call,Phone call,ఫోన్ కాల్,translated,
employer.applicant_detail.interview_reschedule,Reschedule,సమయం మార్చండి,translated,
employer.applicant_detail.interview_cancel,Cancel,రద్దు చేయండి,translated,
employer.applicant_detail.interview_cancelling,Cancelling…,రద్దు చేస్తోంది…,translated,
employer.applicant_detail.interview_intro,"Set a time and the applicant gets a push, a chat note, and a card on their application.","ఒక సమయాన్ని సెట్ చేయండి — దరఖాస్తుదారుకు ఒక పుష్, ఒక చాట్ నోట్, మరియు వారి దరఖాస్తుపై ఒక కార్డు అందుతుంది.",translated,
employer.applicant_detail.interview_schedule,Schedule interview,ఇంటర్వ్యూ షెడ్యూల్ చేయండి,translated,
employer.applicant_detail.interview_when,When,ఎప్పుడు,translated,
employer.applicant_detail.interview_when_placeholder,2026-05-12 15:00,2026-05-12 15:00,translated,
employer.applicant_detail.interview_how,How,ఎలా,translated,
employer.applicant_detail.interview_location,Location,ప్రదేశం,translated,
employer.applicant_detail.interview_location_placeholder,"Third Wave Coffee, Indiranagar 12th Main","థర్డ్ వేవ్ కాఫీ, ఇందిరానగర్ 12వ మెయిన్",translated,
employer.applicant_detail.interview_link,Meeting link,మీటింగ్ లింక్,translated,
employer.applicant_detail.interview_link_placeholder,https://meet.google.com/...,https://meet.google.com/...,translated,
employer.applicant_detail.interview_note,Note (optional),గమనిక (ఐచ్ఛికం),translated,
employer.applicant_detail.interview_note_placeholder,"Bring an ID, ask for Sneha at reception.","గుర్తింపు కార్డు తీసుకురండి, రిసెప్షన్‌లో స్నేహను అడగండి.",translated,
employer.applicant_detail.interview_err_format,Use a format like 2026-05-12 15:00.,2026-05-12 15:00 వంటి ఆకృతిని ఉపయోగించండి.,translated,
employer.applicant_detail.interview_err_future,Pick a future date and time.,భవిష్యత్ తేదీ మరియు సమయాన్ని ఎంచుకోండి.,translated,
employer.applicant_detail.interview_err_location,Add a location for in-person interviews.,ప్రత్యక్ష ఇంటర్వ్యూకి ఒక ప్రదేశాన్ని జోడించండి.,translated,
employer.applicant_detail.interview_err_link,Add a meeting link for video interviews.,వీడియో ఇంటర్వ్యూకి ఒక మీటింగ్ లింక్‌ను జోడించండి.,translated,
employer.applicant_detail.interview_scheduling,Scheduling…,షెడ్యూల్ చేస్తోంది…,translated,
employer.applicant_detail.interview_schedule_short,Schedule,షెడ్యూల్ చేయి,translated,
employer.applicant_detail.cancel,Cancel,రద్దు చేయండి,translated,
employer.applicant_detail.outcome_hired,You hired them.,మీరు వీరిని నియమించారు.,translated,
employer.applicant_detail.outcome_rejected,You declined this applicant.,మీరు ఈ దరఖాస్తుదారుని తిరస్కరించారు.,translated,
employer.applicant_detail.outcome_withdrawn,They withdrew their application.,వారు తమ దరఖాస్తును ఉపసంహరించుకున్నారు.,translated,
employer.applicant_detail.hire,Hire,నియమించండి,translated,
employer.applicant_detail.hiring,Hiring…,నియమిస్తోంది…,translated,
employer.applicant_detail.shortlist,Shortlist,షార్ట్‌లిస్ట్ చేయి,translated,
employer.applicant_detail.saving,Saving…,సేవ్ చేస్తోంది…,translated,
employer.applicant_detail.decline,Decline,తిరస్కరించండి,translated,
employer.applicant_detail.tailored_resume,Tailored resume for this job,ఈ ఉద్యోగం కోసం సిద్ధం చేసిన రెజ్యూమ్,translated,
employer.applicant_detail.skill_proof,Skills & proof,నైపుణ్యాలు & రుజువు,translated,
employer.post_job.cancel,Cancel,రద్దు చేయండి,translated,
employer.post_job.eyebrow,POST A JOB,ఉద్యోగాన్ని పోస్ట్ చేయండి,translated,
employer.post_job.heading,Tell us what you need.,మీకు ఏమి కావాలో చెప్పండి.,translated,
employer.post_job.err_post_failed,Could not post the job,ఉద్యోగాన్ని పోస్ట్ చేయలేకపోయాం,translated,
employer.post_job.val_title,Add a title (at least 2 characters),ఒక శీర్షికను జోడించండి (కనీసం 2 అక్షరాలు),translated,
employer.post_job.val_description,Add a description (at least 10 characters),ఒక వివరణను జోడించండి (కనీసం 10 అక్షరాలు),translated,
employer.post_job.val_amount,Enter the pay amount in rupees,జీతం మొత్తాన్ని రూపాయల్లో నమోదు చేయండి,translated,
employer.post_job.val_city,Enter the city,నగరాన్ని నమోదు చేయండి,translated,
employer.post_job.field_title,Title,శీర్షిక,translated,
employer.post_job.field_title_ph,"Delivery rider, salon assistant…","డెలివరీ రైడర్, సెలూన్ సహాయకుడు…",translated,
employer.post_job.field_description,Description,వివరణ,translated,
employer.post_job.field_description_ph,What does the job involve? Any requirements?,పనిలో ఏమి ఉంటుంది? ఏవైనా అవసరాలు?,translated,
employer.post_job.section_type,TYPE,రకం,translated,
employer.post_job.section_pay,PAY,జీతం,translated,
employer.post_job.field_amount,Amount (₹),మొత్తం (₹),translated,
employer.post_job.field_amount_ph,e.g. 600,ఉదా. 600,translated,
employer.post_job.section_location,LOCATION,ప్రదేశం,translated,
employer.post_job.detect_detecting,Detecting…,గుర్తిస్తోంది…,translated,
employer.post_job.detect_redetect,Re-detect location,ప్రదేశాన్ని మళ్లీ గుర్తించండి,translated,
employer.post_job.detect_detect,Detect location,ప్రదేశాన్ని గుర్తించండి,translated,
employer.post_job.using_coords,"Using {{lat}}, {{lng}}","{{lat}}, {{lng}} ఉపయోగిస్తోంది",translated,
employer.post_job.field_city,City,నగరం,translated,
employer.post_job.field_city_ph,Bengaluru,బెంగళూరు,translated,
employer.post_job.field_area,Area / neighbourhood,ప్రాంతం / పరిసరం,translated,
employer.post_job.field_area_ph,Indiranagar,ఇందిరానగర్,translated,
employer.post_job.field_pincode,Pincode (optional),పిన్‌కోడ్ (ఐచ్ఛికం),translated,
employer.post_job.field_pincode_ph,560038,560038,translated,
employer.post_job.section_skills,SKILLS NEEDED,అవసరమైన నైపుణ్యాలు,translated,
employer.post_job.field_headcount,How many people?,,MISSING — needs translation,
employer.post_job.field_headcount_hint,Post once to hire several — the pipeline tracks how many you've hired.,,MISSING — needs translation,
employer.post_job.section_checklist,PRE-SHIFT CHECKLIST,,MISSING — needs translation,
employer.post_job.checklist_hint,"Things the worker confirms before the shift — bring tools, wear uniform, know the address.",,MISSING — needs translation,
employer.post_job.field_checklist_item,Add a checklist item,,MISSING — needs translation,
employer.post_job.field_checklist_ph,e.g. Bring your own tools,,MISSING — needs translation,
employer.post_job.section_recurring,REPEATS WEEKLY?,,MISSING — needs translation,
employer.post_job.recurring_off,One-time,,MISSING — needs translation,
employer.post_job.recurring_on,Repeats weekly,,MISSING — needs translation,
employer.post_job.recurring_hint,Pick the weekdays this shift runs — it'll show on your weekly roster.,,MISSING — needs translation,
employer.post_job.section_project,MULTI-DAY PROJECT?,,MISSING — needs translation,
employer.post_job.project_off,Single shift,,MISSING — needs translation,
employer.post_job.project_on,Multi-day project,,MISSING — needs translation,
employer.post_job.project_hint,"Hire for a date range — workers commit to the whole project, and you track day-by-day progress.",,MISSING — needs translation,
employer.post_job.field_project_start,Start date,,MISSING — needs translation,
employer.post_job.field_project_end,End date,,MISSING — needs translation,
employer.post_job.section_crew_first,OFFER TO MY CREW FIRST,,MISSING — needs translation,
employer.post_job.crew_first_hint,Give your saved crew a head-start before the job goes public.,,MISSING — needs translation,
employer.post_job.crew_first_off,Public now,,MISSING — needs translation,
employer.post_job.crew_first_2h,Crew first · 2h,,MISSING — needs translation,
employer.post_job.crew_first_6h,Crew first · 6h,,MISSING — needs translation,
employer.post_job.crew_first_24h,Crew first · 24h,,MISSING — needs translation,
employer.post_job.section_skill_check,SELF-QUALIFYING CHECK,,MISSING — needs translation,
employer.post_job.skill_check_hint,Attach a short quiz applicants can take to qualify — you'll see who passed.,,MISSING — needs translation,
employer.post_job.skill_check_none,No check,,MISSING — needs translation,
employer.post_job.field_skill,Add skill,నైపుణ్యాన్ని జోడించండి,translated,
employer.post_job.field_skill_ph,"driving, customer service","డ్రైవింగ్, కస్టమర్ సర్వీస్",translated,
employer.post_job.section_work_mode,WORK MODE,పని విధానం,translated,
employer.post_job.mode_onsite,Onsite,పనిప్రదేశంలో,translated,
employer.post_job.mode_hybrid,Hybrid,హైబ్రిడ్,translated,
employer.post_job.mode_remote,Remote,దూరం నుండి,translated,
employer.post_job.urgent_title,Mark as urgent,అత్యవసరంగా గుర్తించండి,translated,
employer.post_job.urgent_hint,Urgent jobs sort ahead of others and notify nearby seekers. Use sparingly so it stays meaningful.,అత్యవసర ఉద్యోగాలు ఇతరుల కంటే ముందు చూపబడతాయి మరియు సమీపంలోని కార్మికులకు తెలియజేస్తాయి. ఇది అర్థవంతంగా ఉండేందుకు పరిమితంగా ఉపయోగించండి.,translated,
employer.post_job.posting,Posting…,పోస్ట్ చేస్తోంది…,translated,
employer.post_job.post_job,Post job,ఉద్యోగాన్ని పోస్ట్ చేయండి,translated,
employer.post_job.type_full_time,Full-time,పూర్తికాలం,translated,
employer.post_job.type_part_time,Part-time,పాక్షికకాలం,translated,
employer.post_job.type_gig,Gig,గిగ్,translated,
employer.post_job.type_shift,Shift,షిఫ్ట్,translated,
employer.post_job.type_contract,Contract,ఒప్పందం,translated,
employer.post_job.pay_hour,per hour,గంటకు,translated,
employer.post_job.pay_day,per day,రోజుకు,translated,
employer.post_job.pay_week,per week,వారానికి,translated,
employer.post_job.pay_month,per month,నెలకు,translated,
employer.post_job.pay_fixed,fixed,స్థిరం,translated,
employer.post_job.voice_recorded,Voice description recorded,వాయిస్ వివరణ రికార్డ్ చేయబడింది,translated,
employer.post_job.voice_recorded_meta,{{n}}s · sent with the job posting,{{n}} సెకన్లు · ఉద్యోగ పోస్టింగ్‌తో పంపబడింది,translated,
employer.post_job.voice_remove,Remove,తొలగించు,translated,
employer.post_job.voice_a11y_stop,Release to stop recording,రికార్డింగ్ ఆపడానికి వదలండి,translated,
employer.post_job.voice_a11y_start,Hold to record a voice description,వాయిస్ వివరణను రికార్డ్ చేయడానికి నొక్కి పట్టుకోండి,translated,
employer.post_job.voice_recording,Recording… release to stop,రికార్డ్ చేస్తోంది… ఆపడానికి వదలండి,translated,
employer.post_job.voice_hold,Hold to record voice description,వాయిస్ వివరణను రికార్డ్ చేయడానికి నొక్కి పట్టుకోండి,translated,
employer.post_job.voice_hint,Optional · up to 60 seconds,ఐచ్ఛికం · 60 సెకన్ల వరకు,translated,
employer.post_job.voice_err_start,Couldn't start recording,రికార్డింగ్ ప్రారంభించలేకపోయాం,translated,
employer.post_job.voice_err_save,Couldn't save recording,రికార్డింగ్ సేవ్ చేయలేకపోయాం,translated,
first_match.skip,Skip for now,ప్రస్తుతానికి దాటవేయి,translated,
first_match.a11y_back,Back,వెనుకకు,translated,
first_match.a11y_skip,Skip preview and continue to sign up,మునుజూపును దాటవేసి సైన్ అప్ చేయండి,translated,
first_match.eyebrow,FIRST LOOK,మొదటి చూపు,translated,
first_match.title,Jobs hiring near you right now.,మీ దగ్గర ఇప్పుడు ఖాళీగా ఉన్న ఉద్యోగాలు.,translated,
first_match.subtitle,A quick preview before you sign up. Tap any card to see details.,సైన్ అప్ చేయడానికి ముందు ఒక శీఘ్ర చూపు. వివరాల కోసం ఏ కార్డునైనా నొక్కండి.,translated,
first_match.error_load,We couldn't load matches. Try again in a moment.,మ్యాచ్‌లను లోడ్ చేయలేకపోయాం. కొద్దిసేపటిలో మళ్లీ ప్రయత్నించండి.,translated,
first_match.empty_title,No matches near you in this radius.,ఈ దూరంలో మీ దగ్గర మ్యాచ్‌లు లేవు.,translated,
first_match.empty_body,Sign up to set your area and we'll find work the moment it shows up.,సైన్ అప్ చేసి మీ ప్రాంతాన్ని సెట్ చేయండి — పని వచ్చిన వెంటనే చెబుతాం.,translated,
first_match.cta,Sign up to apply,దరఖాస్తు చేయడానికి సైన్ అప్ చేయండి,translated,
first_match.cta_caption,Takes 30 seconds. Phone OTP only.,30 సెకన్లు పడుతుంది. ఫోన్ OTP మాత్రమే.,translated,
first_match.pill_urgent,Urgent,అత్యవసరం,translated,
first_match.pill_verified,Verified,ధృవీకరించబడింది,translated,
first_match.pill_safe_women,Safe for women,మహిళలకు సురక్షితం,translated,
first_match.distance_m,{{n}} m away,{{n}} మీ దూరంలో,translated,
first_match.distance_km,{{n}} km away,{{n}} కిమీ దూరంలో,translated,
first_match.pay_hour,/hr,/గంట,translated,
first_match.pay_day,/day,/రోజు,translated,
first_match.pay_week,/wk,/వారం,translated,
first_match.pay_month,/mo,/నెల,translated,
profile_from_photo.header,Photo to profile,ఫోటో నుండి ప్రొఫైల్,translated,
profile_from_photo.a11y_back,Back,వెనుకకు,translated,
profile_from_photo.eyebrow,FAST PROFILE,వేగవంతమైన ప్రొఫైల్,translated,
profile_from_photo.title,Snap a photo. We'll fill your profile.,ఒక ఫోటో తీయండి. మీ ప్రొఫైల్‌ను మేము నింపుతాం.,translated,
profile_from_photo.subtitle,"Take a photo of an old resume, an ID card, or even a handwritten sheet. We'll read your name, skills, experience, and where you live — then you confirm.","పాత రెజ్యూమె, ఐడీ కార్డు, లేదా చేత్తో రాసిన కాగితం — దేని ఫోటోనైనా తీయండి. మీ పేరు, నైపుణ్యాలు, అనుభవం, ప్రాంతం చదువుతాం — తర్వాత మీరు నిర్ధారించండి.",translated,
profile_from_photo.pick_camera_title,Take a photo,ఫోటో తీయండి,translated,
profile_from_photo.pick_camera_sub,Best for handwritten sheets and ID cards,"చేత్తో రాసిన కాగితాలు, ఐడీ కార్డులకు ఉత్తమం",translated,
profile_from_photo.pick_library_title,Pick from gallery,గ్యాలరీ నుండి ఎంచుకోండి,translated,
profile_from_photo.pick_library_sub,Use a resume you've already saved,ఇప్పటికే సేవ్ చేసిన రెజ్యూమెను వాడండి,translated,
profile_from_photo.tips_label,TIPS,సూచనలు,translated,
profile_from_photo.tips_body,"• Hold the page flat in good light.
• Get all four corners in the frame.
• Wait a second so the camera focuses.
• English, Hindi, Tamil, Telugu, Kannada all work.","• మంచి వెలుతురులో కాగితాన్ని నిటారుగా పట్టుకోండి.
• నాలుగు మూలలూ ఫ్రేమ్‌లో ఉండేలా చూడండి.
• కెమెరా ఫోకస్ అయ్యేందుకు ఒక క్షణం ఆగండి.
• ఇంగ్లీష్, హిందీ, తమిళం, తెలుగు, కన్నడ — అన్నీ పనిచేస్తాయి.",translated,
profile_from_photo.extracting_title,Reading your photo…,మీ ఫోటో చదవబడుతోంది…,translated,
profile_from_photo.extracting_sub,This usually takes 5–15 seconds.,సాధారణంగా 5–15 సెకన్లు పడుతుంది.,translated,
profile_from_photo.confirm_title,Looks right?,సరిగ్గా ఉందా?,translated,
profile_from_photo.confirm_sub,Tap any field to edit. Tap Save when it's right.,మార్చడానికి ఏ ఫీల్డునైనా నొక్కండి. సరిగ్గా ఉంటే Save నొక్కండి.,translated,
profile_from_photo.confidence_high,Looks clear,స్పష్టంగా ఉంది,translated,
profile_from_photo.confidence_medium,Mostly clear,చాలావరకు స్పష్టం,translated,
profile_from_photo.confidence_low,Please review,దయచేసి సరిచూడండి,translated,
profile_from_photo.field_name,NAME,పేరు,translated,
profile_from_photo.field_name_ph,Your name,మీ పేరు,translated,
profile_from_photo.field_bio,ABOUT YOU,మీ గురించి,translated,
profile_from_photo.field_bio_ph,One line about your work and what you're looking for,"మీ పని, మీరు ఏమి వెతుకుతున్నారు — ఒక్క లైన్‌లో",translated,
profile_from_photo.field_skills,SKILLS,నైపుణ్యాలు,translated,
profile_from_photo.field_skills_hint,{{count}}/20 · comma-separated,{{count}}/20 · కామాతో వేరు చేయండి,translated,
profile_from_photo.field_experience,YEARS OF EXPERIENCE,అనుభవ సంవత్సరాలు,translated,
profile_from_photo.field_city,CITY,నగరం,translated,
profile_from_photo.field_area,AREA,ప్రాంతం,translated,
profile_from_photo.work_history_label,WORK HISTORY ({{count}}),పని చరిత్ర ({{count}}),translated,
profile_from_photo.present,Present,ఇప్పటివరకు,translated,
profile_from_photo.work_history_note,You can edit these later in your resume.,వీటిని తర్వాత మీ రెజ్యూమెలో మార్చవచ్చు.,translated,
profile_from_photo.education_label,EDUCATION ({{count}}),చదువు ({{count}}),translated,
profile_from_photo.retake,Retake,మళ్లీ తీయండి,translated,
profile_from_photo.saving,Saving…,సేవ్ అవుతోంది…,translated,
profile_from_photo.save,Save to my profile,నా ప్రొఫైల్‌లో సేవ్ చేయండి,translated,
profile_from_photo.saved_title,Profile filled,ప్రొఫైల్ నింపబడింది,translated,
profile_from_photo.saved_body,Your profile is ready. Employers can now find you.,మీ ప్రొఫైల్ సిద్ధంగా ఉంది. ఇప్పుడు యజమానులు మిమ్మల్ని కనుగొనగలరు.,translated,
profile_from_photo.saved_cta,Done,పూర్తయింది,translated,
profile_from_photo.error_read,We couldn't read the photo. Try a clearer image in good light.,ఫోటోను చదవలేకపోయాం. మంచి వెలుతురులో స్పష్టమైన ఫోటో తీయండి.,translated,
profile_from_photo.error_save,We couldn't save your profile. Please try again.,మీ ప్రొఫైల్‌ను సేవ్ చేయలేకపోయాం. దయచేసి మళ్లీ ప్రయత్నించండి.,translated,
profile_from_photo.field_skills_ph,"cook, kitchen_helper, customer_service","cook, kitchen_helper, customer_service",translated,
hired_nearby.header,HIRED NEAR YOU TODAY,ఈరోజు మీ దగ్గర ఉద్యోగం వచ్చింది,translated,
hired_nearby.hired_as,Hired as {{title}},{{title}}గా ఉద్యోగం వచ్చింది,translated,
hired_nearby.hired_as_in,Hired as {{title}} in {{area}},{{area}}లో {{title}}గా ఉద్యోగం వచ్చింది,translated,
hired_nearby.min_ago,{{n}} min ago,{{n}} నిమిషాల క్రితం,translated,
hired_nearby.hr_ago,{{n}} hr ago,{{n}} గంటల క్రితం,translated,
hired_nearby.yesterday,yesterday,నిన్న,translated,
streak_strip.apply,Apply,దరఖాస్తు,translated,
streak_strip.learn,Learn,నేర్చుకోండి,translated,
streak_strip.show_up,Show up,హాజరు,translated,
streak_strip.unit_day,day,రోజు,translated,
streak_strip.unit_days,days,రోజులు,translated,
streak_strip.best,best {{n}},అత్యధికం {{n}},translated,
streak_strip.start_today,start today,ఈరోజు మొదలుపెట్టండి,translated,
streak_strip.a11y_active,{{label}} streak: {{n}} {{unit}} in a row. Tap to continue.,{{label}} స్ట్రీక్: వరుసగా {{n}} {{unit}}. కొనసాగించడానికి నొక్కండి.,translated,
streak_strip.a11y_best,{{label}} streak. Personal best {{n}} {{unit}}. Tap to start again.,{{label}} స్ట్రీక్. మీ అత్యుత్తమం {{n}} {{unit}}. మళ్లీ మొదలుపెట్టడానికి నొక్కండి.,translated,
streak_strip.a11y_start,{{label}} streak. Tap to start today.,{{label}} స్ట్రీక్. ఈరోజు మొదలుపెట్టడానికి నొక్కండి.,translated,
streak_strip.banner_title,Snap a photo to fill your profile,ఫోటో తీసి మీ ప్రొఫైల్‌ను నింపండి,translated,
streak_strip.banner_body,"30 seconds. Resume, ID, or a handwritten sheet — all work.","30 సెకన్లు. రెజ్యూమె, ఐడీ, లేదా చేతిరాత కాగితం — అన్నీ పనిచేస్తాయి.",translated,
streak_strip.banner_cta,Start ›,మొదలుపెట్టండి ›,translated,
employer_signals.slow_title,Slow to respond,జవాబు ఇవ్వడంలో నెమ్మది,translated,
employer_signals.slow_body,Left {{pct}}% of applicants without a reply. You may wait a while.,{{pct}}% దరఖాస్తుదారులకు జవాబు ఇవ్వలేదు. మీరు కొంత వేచి ఉండవలసి రావచ్చు.,translated,
employer_signals.responsive_title,Responsive employer,త్వరగా జవాబిచ్చే యజమాని,translated,
employer_signals.responsive_body,Replies to almost every applicant. Worth applying.,దాదాపు ప్రతి దరఖాస్తుదారుకీ జవాబిస్తారు. దరఖాస్తు చేయడం మంచిది.,translated,
employer_signals.workers_say,WORKERS SAY,కార్మికులు చెబుతున్నారు,translated,
employer_signals.reviews_one,{{count}} review,{{count}} సమీక్ష,translated,
employer_signals.reviews_other,{{count}} reviews,{{count}} సమీక్షలు,translated,
employer_signals.heads_up,HEADS UP,జాగ్రత్త,translated,
employer_signals.wage_flag_title,{{n}} workers have reported wage issues here,,MISSING — needs translation,
employer_signals.wage_flag_reason_below_promised_wage,{{pct}}% report being paid less than promised,,MISSING — needs translation,
employer_signals.wage_flag_reason_late_payment,{{pct}}% report late payment,,MISSING — needs translation,
employer_signals.wage_flag_reason_unpaid_overtime,{{pct}}% report unpaid overtime,,MISSING — needs translation,
employer_signals.wage_flag_reason_wage_theft,{{pct}}% report not being paid at all,,MISSING — needs translation,
employer_signals.wage_flag_reason_other,{{pct}}% report another wage issue,,MISSING — needs translation,
work_proof.title,Proof of work,,MISSING — needs translation,
work_proof.prompt,Snap a photo of the finished job for your employer to approve.,,MISSING — needs translation,
work_proof.submitted,Photo sent — waiting for approval,,MISSING — needs translation,
work_proof.approved,Approved by employer ✓,,MISSING — needs translation,
work_proof.rejected,Not approved — please submit a new photo,,MISSING — needs translation,
work_proof.cta,Take work photo,,MISSING — needs translation,
work_proof.sending,Sending…,,MISSING — needs translation,
offer_response.title,You've got an offer!,,MISSING — needs translation,
offer_response.title_wage,Offer: ₹{{wage}},,MISSING — needs translation,
offer_response.expires_h,Expires in {{h}}h — respond now,,MISSING — needs translation,
offer_response.expires_m,Expires in {{m}} min — respond now,,MISSING — needs translation,
offer_response.expiring,Expiring now,,MISSING — needs translation,
offer_response.accept,Accept,,MISSING — needs translation,
offer_response.decline,Decline,,MISSING — needs translation,
offer_response.counter,Counter,,MISSING — needs translation,
offer_response.counter_placeholder,Your wage (₹),,MISSING — needs translation,
offer_response.counter_send,Send counter,,MISSING — needs translation,
offer_response.counter_cancel,Cancel,,MISSING — needs translation,
site_briefing.title,Before you arrive,,MISSING — needs translation,
prep_checklist.title,Before your shift,,MISSING — needs translation,
prep_checklist.ready,You're ready — checklist done ✓,,MISSING — needs translation,
prep_checklist.ready_cta,I'm ready,,MISSING — needs translation,
shift_confirm.title,Your shift · {{when}},,MISSING — needs translation,
shift_confirm.confirmed,Confirmed — see you there ✓,,MISSING — needs translation,
shift_confirm.declined,You told them you can't make it,,MISSING — needs translation,
shift_confirm.coming,I'll be there,,MISSING — needs translation,
shift_confirm.cant,Can't make it,,MISSING — needs translation,
shift_confirm.im_on_my_way,I'm on my way,,MISSING — needs translation,
shift_confirm.on_the_way,You're marked on the way,,MISSING — needs translation,
shift_confirm.on_the_way_eta,On the way · ~{{eta}} min,,MISSING — needs translation,
shift_card.on_shift_at,On shift · checked in at {{time}},షిఫ్ట్‌లో · {{time}}కి చెక్-ఇన్ చేశారు,translated,
shift_card.on_shift,On shift,షిఫ్ట్‌లో,translated,
shift_card.off_shift_at,Off shift · last out at {{time}},షిఫ్ట్ ముగిసింది · చివరి చెక్-అవుట్ {{time}},translated,
shift_card.off_shift,Off shift,షిఫ్ట్ ముగిసింది,translated,
shift_card.ready,Ready to check in,చెక్-ఇన్‌కు సిద్ధం,translated,
shift_card.check_in,Check in with selfie,సెల్ఫీతో చెక్-ఇన్ చేయండి,translated,
shift_card.check_out,Check out,చెక్-అవుట్ చేయండి,translated,
shift_card.working,Working…,జరుగుతోంది…,translated,
shift_card.error_save,We couldn't save your check-in. Try again.,మీ చెక్-ఇన్‌ను సేవ్ చేయలేకపోయాం. మళ్లీ ప్రయత్నించండి.,translated,
shift_card.error_location,We need your location to check in. Allow location access in Settings.,చెక్-ఇన్ చేయడానికి మీ లొకేషన్ అవసరం. Settings‌లో లొకేషన్ అనుమతి ఇవ్వండి.,translated,
interview_card.starting_now,Starting now,ఇప్పుడే మొదలవుతోంది,translated,
interview_card.starting_in,Starting in {{n}} min,{{n}} నిమిషాల్లో మొదలవుతుంది,translated,
interview_card.mode_in_person,In-person,ముఖాముఖి,translated,
interview_card.mode_video,Video,వీడియో,translated,
interview_card.mode_phone,Phone,ఫోన్,translated,
interview_card.add_to_calendar,Add to calendar,క్యాలెండర్‌కు జోడించండి,translated,
interview_card.adding,Adding…,జోడిస్తోంది…,translated,
interview_card.added,Added to calendar,క్యాలెండర్‌కు జోడించబడింది,translated,
interview_card.a11y_added,Interview added to your calendar,ఇంటర్వ్యూ మీ క్యాలెండర్‌కు జోడించబడింది,translated,
interview_card.a11y_add,Add interview to calendar,ఇంటర్వ్యూను క్యాలెండర్‌కు జోడించండి,translated,
interview_card.cal_fail_title,Couldn't add to calendar,క్యాలెండర్‌కు జోడించలేకపోయాం,translated,
interview_card.cal_fail_permission,Allow calendar access in Settings to save the interview.,ఇంటర్వ్యూ సేవ్ చేయడానికి Settings‌లో క్యాలెండర్ అనుమతి ఇవ్వండి.,translated,
interview_card.cal_fail_no_calendar,We couldn't find a calendar on this device to write to.,ఈ పరికరంలో రాయడానికి క్యాలెండర్ కనబడలేదు.,translated,
interview_card.cal_fail_generic,Something went wrong. Try again.,ఏదో తప్పు జరిగింది. మళ్లీ ప్రయత్నించండి.,translated,
skill_gap_card.missing,Missing: {{skill}}. Find a short course to close the gap.,లోటు: {{skill}}. ఈ లోటును పూడ్చే ఒక చిన్న కోర్సును వెతకండి.,translated,
skill_gap_card.open,Open,తెరువు,translated,
skill_gap_card.error,We couldn't open the course. Try again.,కోర్సును తెరవలేకపోయాం. మళ్లీ ప్రయత్నించండి.,translated,
skill_gap_card.ghosted,No reply yet — the employer hasn't responded.,ఇంకా జవాబు లేదు — యజమాని జవాబు ఇవ్వలేదు.,translated,
why_rejected.back,Back,,MISSING — needs translation,
why_rejected.title,Why was I rejected?,,MISSING — needs translation,
why_rejected.error,We couldn't load this. Try again.,,MISSING — needs translation,
why_rejected.retry,Retry,,MISSING — needs translation,
why_rejected.explanation_label,What happened,,MISSING — needs translation,
why_rejected.missing_label,Skills this job asked for,,MISSING — needs translation,
why_rejected.course_label,Recommended course,,MISSING — needs translation,
why_rejected.course_cta,Start this course,,MISSING — needs translation,
why_rejected.similar_label,Similar jobs hiring now,,MISSING — needs translation,
why_rejected.done,Done,,MISSING — needs translation,
trust_circle.a11y_back,Back,వెనుకకు,translated,
trust_circle.header,Trust Circle,ట్రస్ట్ సర్కిల్,translated,
trust_circle.explainer_title,Up to 3 people who get an alert when you SOS.,మీరు SOS నొక్కినప్పుడు 3 మందికి అలర్ట్ వెళుతుంది.,translated,
trust_circle.explainer_body,"If a contact is already on Doondo, they get an instant push. If not, your phone opens an SMS draft for them when you trigger SOS — so they're notified either way.","ఒక సంప్రదింపు ఇప్పటికే Doondo‌లో ఉంటే, వారికి వెంటనే పుష్ వెళుతుంది. లేకపోతే, మీరు SOS నొక్కినప్పుడు మీ ఫోన్ వారికి SMS డ్రాఫ్ట్ తెరుస్తుంది — రెండు విధాలా వారికి తెలియజేయబడుతుంది.",translated,
trust_circle.add_contact,Add contact,సంప్రదింపును జోడించండి,translated,
trust_circle.a11y_slot_filled,"{{name}}, {{relationship}}. Tap to edit.","{{name}}, {{relationship}}. మార్చడానికి నొక్కండి.",translated,
trust_circle.a11y_slot_empty,Add contact in slot {{n}},స్లాట్ {{n}}లో సంప్రదింపును జోడించండి,translated,
trust_circle.rel_family,Family,కుటుంబం,translated,
trust_circle.rel_friend,Friend,స్నేహితుడు,translated,
trust_circle.rel_employer,Employer,యజమాని,translated,
trust_circle.rel_other,Other,ఇతర,translated,
trust_circle.field_name,NAME,పేరు,translated,
trust_circle.field_name_ph,e.g. Priya (sister),ఉదా. ప్రియ (సోదరి),translated,
trust_circle.field_phone,PHONE,ఫోన్,translated,
trust_circle.field_phone_ph,+91 …,+91 …,translated,
trust_circle.field_relationship,RELATIONSHIP,సంబంధం,translated,
trust_circle.field_relationship_other_ph,"e.g. neighbour, colleague","ఉదా. పొరుగువారు, సహోద్యోగి",translated,
trust_circle.remove,Remove,తీసివేయి,translated,
trust_circle.save_changes,Save changes,మార్పులను సేవ్ చేయండి,translated,
trust_circle.save_contact,Save contact,సంప్రదింపును సేవ్ చేయండి,translated,
trust_circle.saving,Saving…,సేవ్ అవుతోంది…,translated,
trust_circle.peer_label,BE A PEER RESPONDER,పీర్ రెస్పాండర్‌గా ఉండండి,translated,
trust_circle.peer_title,Help nearby workers in trouble,దగ్గరలో ఇబ్బందిలో ఉన్న కార్మికులకు సహాయం చేయండి,translated,
trust_circle.peer_body,"When you're on, you may get a push if another worker triggers SOS within 5 km of you. We only choose 2 verified peers per alert, so you won't be flooded.","ఇది ఆన్‌లో ఉన్నప్పుడు, మీకు 5 కిమీ లోపల మరో కార్మికుడు SOS నొక్కితే మీకు పుష్ రావచ్చు. ప్రతి అలర్ట్‌కు 2 ధృవీకరించిన పీర్‌లను మాత్రమే ఎంచుకుంటాం, కాబట్టి మీపై భారం పడదు.",translated,
trust_circle.peer_a11y,Be a peer responder for nearby SOS alerts,దగ్గరి SOS అలర్ట్‌లకు పీర్ రెస్పాండర్‌గా ఉండండి,translated,
trust_circle.shifts_label,SHARE YOUR SHIFTS,మీ షిఫ్ట్‌లను పంచుకోండి,translated,
trust_circle.shifts_title,Let your circle know you're safe,మీరు సురక్షితంగా ఉన్నారని మీ సర్కిల్‌కు తెలియజేయండి,translated,
trust_circle.shifts_body,"When you check in and out of a shift, the contacts above who are on Doondo get a quiet ""shift started / ended"" ping. A simple safety net for family.","మీరు షిఫ్ట్‌లో చెక్-ఇన్, చెక్-అవుట్ చేసినప్పుడు, పైన ఉన్న Doondo‌లో ఉన్న సంప్రదింపులకు ఒక నిశ్శబ్ద ""షిఫ్ట్ మొదలైంది / ముగిసింది"" పింగ్ వెళుతుంది. కుటుంబం కోసం ఒక సులభమైన భద్రతా వల.",translated,
trust_circle.shifts_a11y,Notify my Trust Circle when I start and end a shift,"నేను షిఫ్ట్ మొదలుపెట్టినప్పుడు, ముగించినప్పుడు నా ట్రస్ట్ సర్కిల్‌కు తెలియజేయండి",translated,
trust_circle.alert_name_title,Add a name,పేరు జోడించండి,translated,
trust_circle.alert_name_body,Please add a name with at least 2 letters.,దయచేసి కనీసం 2 అక్షరాల పేరు జోడించండి.,translated,
trust_circle.alert_phone_title,Add a phone,ఫోన్ జోడించండి,translated,
trust_circle.alert_phone_body,Please enter a valid phone number.,దయచేసి సరైన ఫోన్ నంబర్ ఇవ్వండి.,translated,
trust_circle.alert_remove_title,Remove contact?,సంప్రదింపును తీసివేయాలా?,translated,
trust_circle.alert_remove_body,This person won't get an alert if you trigger SOS.,మీరు SOS నొక్కితే ఈ వ్యక్తికి అలర్ట్ వెళ్లదు.,translated,
trust_circle.alert_cancel,Cancel,రద్దు,translated,
trust_circle.alert_save_fail,Couldn't save,సేవ్ చేయలేకపోయాం,translated,
trust_circle.alert_update_fail,Couldn't update,అప్‌డేట్ చేయలేకపోయాం,translated,
trust_circle.alert_conn,Please check your connection and try again.,దయచేసి మీ కనెక్షన్‌ను తనిఖీ చేసి మళ్లీ ప్రయత్నించండి.,translated,
review_tags.paid_on_time,Paid on time,సమయానికి చెల్లింపు,translated,
review_tags.safe_site,Safe worksite,సురక్షితమైన పనిప్రదేశం,translated,
review_tags.fair_hours,Fair hours,న్యాయమైన గంటలు,translated,
review_tags.clean_workplace,Clean workplace,శుభ్రమైన పనిప్రదేశం,translated,
review_tags.respectful,Respectful,గౌరవప్రదమైన,translated,
review_tags.good_communication,Good communication,మంచి సంభాషణ,translated,
review_tags.ppe_provided,PPE provided,భద్రతా పరికరాలు ఇచ్చారు,translated,
review_tags.flexible_schedule,Flexible schedule,సరళమైన సమయం,translated,
review_tags.meals_provided,Meals provided,భోజనం ఇచ్చారు,translated,
review_tags.late_pay,Paid late,ఆలస్యంగా చెల్లింపు,translated,
review_tags.unsafe,Felt unsafe,అసురక్షితంగా అనిపించింది,translated,
review_tags.overtime_unpaid,Overtime not paid,ఓవర్‌టైమ్‌కు చెల్లింపు లేదు,translated,
review_tags.disrespectful,Disrespectful,అగౌరవంగా,translated,
review_tags.punctual,Punctual,సమయపాలన గలవారు,translated,
review_tags.hardworking,Hardworking,కష్టపడి పనిచేసేవారు,translated,
review_tags.skilled,Skilled,నైపుణ్యం గలవారు,translated,
review_tags.polite,Polite,మర్యాదగలవారు,translated,
review_tags.team_player,Team player,జట్టుతో బాగా కలిసేవారు,translated,
review_tags.reliable,Reliable,నమ్మదగినవారు,translated,
review_tags.late,Frequently late,తరచూ ఆలస్యం,translated,
review_tags.no_show,No-show,రాలేదు,translated,
review_tags.low_skill,Needs more training,మరింత శిక్షణ అవసరం,translated,
quick_replies.emp.available_tomorrow,Are you available tomorrow?,మీరు రేపు అందుబాటులో ఉంటారా?,translated,
quick_replies.emp.when_can_start,When can you start?,మీరు పనిని ఎప్పుడు ప్రారంభించగలరు?,translated,
quick_replies.emp.come_for_interview,Can you come for an interview?,మీరు ఇంటర్వ్యూకి రాగలరా?,translated,
quick_replies.emp.share_location,Please share your location.,దయచేసి మీ స్థానాన్ని పంచుకోండి.,translated,
quick_replies.emp.bring_documents,Please bring your ID and documents.,దయచేసి మీ గుర్తింపు కార్డు మరియు పత్రాలను తీసుకురండి.,translated,
quick_replies.emp.position_filled,Thank you. This position has been filled.,ధన్యవాదాలు. ఈ ఉద్యోగం భర్తీ అయింది.,translated,
quick_replies.seek.yes_available,"Yes, I am available.","అవును, నేను అందుబాటులో ఉన్నాను.",translated,
quick_replies.seek.not_available,"Sorry, I am not available right now.","క్షమించండి, నేను ఇప్పుడు అందుబాటులో లేను.",translated,
quick_replies.seek.what_is_pay,What is the pay for this job?,ఈ పనికి జీతం ఎంత?,translated,
quick_replies.seek.where_is_job,Where is the job located?,పని ఎక్కడ ఉంది?,translated,
quick_replies.seek.what_time,What time should I come?,నేను ఎన్ని గంటలకు రావాలి?,translated,
quick_replies.seek.on_my_way,I am on my way.,నేను దారిలో ఉన్నాను.,translated,
pulse.title,Your Pulse,మీ పురోగతి,translated,
pulse.score_label,Doondo Score,దూండో స్కోర్,translated,
pulse.streak_label,Day streak,వరుస రోజులు,translated,
pulse.applications_label,In play,పరిశీలనలో,translated,
pulse.nudge_cta,Let's go,వెళ్దాం,translated,
pulse.nudge.verify,Verify your account — verified workers get 3x more replies.,మీ ఖాతాను ధృవీకరించండి — ధృవీకరించబడిన కార్మికులకు 3 రెట్లు ఎక్కువ స్పందనలు వస్తాయి.,translated,
pulse.nudge.build_profile,Add your work history so employers can see your experience.,"మీ పని అనుభవాన్ని జోడించండి, అప్పుడే యజమానులు మీ అనుభవాన్ని చూడగలరు.",translated,
pulse.nudge.set_availability,Set your availability so we can match you to today's work.,"మీ అందుబాటును సెట్ చేయండి, అప్పుడే నేటి పనికి మిమ్మల్ని జతచేయగలం.",translated,
pulse.nudge.add_skills,Add your skills so we can show you the right jobs.,"మీ నైపుణ్యాలను జోడించండి, అప్పుడే సరైన ఉద్యోగాలను చూపగలం.",translated,
pulse.nudge.explore_jobs,You're all set — explore jobs posted near you.,మీరు సిద్ధంగా ఉన్నారు — మీ సమీపంలో పోస్ట్ చేసిన ఉద్యోగాలను చూడండి.,translated,
language.title,Choose your language,మీ భాషను ఎంచుకోండి,translated,
language.subtitle,The app switches instantly.,యాప్ వెంటనే మారుతుంది.,translated,
language.toggle_a11y,Change language,భాషను మార్చండి,translated,
skill_passport.title,Skill Passport,స్కిల్ పాస్‌పోర్ట్,translated,
skill_passport.tagline,Your verified work credential,మీ ధృవీకరించబడిన పని ధృవపత్రం,translated,
skill_passport.score_label,Doondo Score,దూండో స్కోర్,translated,
skill_passport.verified_id,Identity verified,గుర్తింపు ధృవీకరించబడింది,translated,
skill_passport.unverified_id,Identity not verified,గుర్తింపు ధృవీకరించబడలేదు,translated,
skill_passport.member_since,Member since {{date}},{{date}} నుండి సభ్యుడు,translated,
skill_passport.skills_header,Skills,నైపుణ్యాలు,translated,
skill_passport.skills_empty,Add skills to your profile to start building your passport.,మీ పాస్‌పోర్ట్‌ను రూపొందించడానికి ప్రొఫైల్‌లో నైపుణ్యాలను జోడించండి.,translated,
skill_passport.tested,Tested,పరీక్షించబడింది,translated,
skill_passport.verified,Verified,ధృవీకరించబడింది,translated,
skill_passport.unverified,Unverified,ధృవీకరించబడలేదు,translated,
skill_passport.tests_header,Trade tests passed,ఉత్తీర్ణమైన ట్రేడ్ పరీక్షలు,translated,
skill_passport.tests_empty,No trade tests passed yet.,ఇంకా ఏ ట్రేడ్ పరీక్షలోనూ ఉత్తీర్ణత లేదు.,translated,
skill_passport.stat_experience,Years,సంవత్సరాలు,translated,
skill_passport.stat_jobs,Jobs done,పూర్తయిన పనులు,translated,
skill_passport.stat_rating,Rating,రేటింగ్,translated,
skill_passport.stat_endorsements,Endorsements,సిఫార్సులు,translated,
skill_passport.share,Share passport,పాస్‌పోర్ట్‌ను పంచుకోండి,translated,
skill_passport.back,Back,వెనుకకు,translated,
skill_passport.error,Couldn't load your passport.,మీ పాస్‌పోర్ట్‌ను లోడ్ చేయలేకపోయాం.,translated,
reverse_interview.post_section,What you offer workers,మీరు కార్మికులకు ఏమి అందిస్తారు,translated,
reverse_interview.post_hint,Answer honestly — workers see this before they apply.,నిజాయితీగా సమాధానం ఇవ్వండి — కార్మికులు దరఖాస్తు చేయడానికి ముందు దీన్ని చూస్తారు.,translated,
reverse_interview.detail_section,What this workplace says,ఈ పనిప్రదేశం ఏమి చెబుతోంది,translated,
reverse_interview.yes,Yes,అవును,translated,
reverse_interview.no,No,కాదు,translated,
reverse_interview.not_answered,Not answered,సమాధానం ఇవ్వలేదు,translated,
reverse_interview.q.pays_on_time,Wages paid on time,సమయానికి జీతం,translated,
reverse_interview.q.overtime_paid,Overtime paid extra,ఓవర్‌టైమ్‌కు అదనపు చెల్లింపు,translated,
reverse_interview.q.provides_ppe,Safety equipment provided,భద్రతా పరికరాలు అందిస్తారు,translated,
reverse_interview.q.written_contract,Written contract given,లిఖిత ఒప్పందం ఇస్తారు,translated,
reverse_interview.q.womens_facilities,Separate facilities for women,మహిళలకు ప్రత్యేక సౌకర్యాలు,translated,
constitution.title,Your Work Rules,మీ పని నియమాలు,translated,
constitution.tagline,Set your boundaries — employers see them upfront.,మీ హద్దులను నిర్ణయించండి — యజమానులు వీటిని ముందుగానే చూస్తారు.,translated,
constitution.back,Back,వెనుకకు,translated,
constitution.max_distance_label,Maximum distance you'll travel,మీరు గరిష్ఠంగా ఎంత దూరం వెళ్తారు,translated,
constitution.max_distance_placeholder,e.g. 10,ఉదా. 10,translated,
constitution.max_distance_unit,km,కి.మీ,translated,
constitution.max_distance_hint,Leave blank for no limit,పరిమితి లేకపోతే ఖాళీగా వదలండి,translated,
constitution.no_nights_label,No night shifts,రాత్రి షిఫ్ట్‌లు లేవు,translated,
constitution.no_sundays_label,No Sunday work,ఆదివారం పని లేదు,translated,
constitution.requires_ppe_label,Safety equipment must be provided,భద్రతా పరికరాలు ఇవ్వాలి,translated,
constitution.requires_contract_label,Written contract required,లిఖిత ఒప్పందం అవసరం,translated,
constitution.save,Save rules,నియమాలను సేవ్ చేయి,translated,
constitution.saving,Saving…,సేవ్ చేస్తోంది…,translated,
constitution.saved,Rules saved,నియమాలు సేవ్ చేయబడ్డాయి,translated,
constitution.error,Couldn't load your work rules.,మీ పని నియమాలను లోడ్ చేయలేకపోయాం.,translated,
constitution.save_error,Couldn't save. Please try again.,సేవ్ చేయలేకపోయాం. మళ్లీ ప్రయత్నించండి.,translated,
constitution.detail_section,This worker's rules,ఈ కార్మికుని నియమాలు,translated,
constitution.detail_max_distance,Travels up to {{km}} km,{{km}} కి.మీ వరకు వెళ్తారు,translated,
constitution.detail_no_nights,No night shifts,రాత్రి షిఫ్ట్‌లు లేవు,translated,
constitution.detail_no_sundays,No Sunday work,ఆదివారం పని లేదు,translated,
constitution.detail_requires_ppe,Needs safety equipment,భద్రతా పరికరాలు కావాలి,translated,
constitution.detail_requires_contract,Needs a written contract,లిఖిత ఒప్పందం కావాలి,translated,
career_path.title,Career Path,కెరీర్ మార్గం,translated,
career_path.tagline,See how your trade grows — and what unlocks each step.,మీ వృత్తి ఎలా ఎదుగుతుందో — ప్రతి అడుగును ఏది తెరుస్తుందో చూడండి.,translated,
career_path.back,Back,వెనుకకు,translated,
career_path.per_month,/ month,/ నెల,translated,
career_path.you_are_here,You're here,మీరు ఇక్కడ ఉన్నారు,translated,
career_path.next_up,Next step,తదుపరి అడుగు,translated,
career_path.unlocks,Unlocks with,దీనితో తెరుచుకుంటుంది,translated,
career_path.explore_courses,Explore courses,కోర్సులను చూడండి,translated,
career_path.path.driving,Driving & Delivery,డ్రైవింగ్ & డెలివరీ,translated,
career_path.path.construction,Construction,నిర్మాణ పని,translated,
career_path.path.kitchen,Kitchen & Food,వంటగది & ఆహారం,translated,
career_path.steps.driving_1.title,Delivery Rider,డెలివరీ రైడర్,translated,
career_path.steps.driving_1.desc,Deliver parcels and food on a two-wheeler.,"ద్విచక్ర వాహనంపై పార్సెల్‌లు, ఆహారం అందించండి.",translated,
career_path.steps.driving_2.title,Commercial Driver,వాణిజ్య డ్రైవర్,translated,
career_path.steps.driving_2.desc,"Drive cars, taxis, or vans for a company.","ఒక సంస్థ కోసం కారు, టాక్సీ లేదా వ్యాన్ నడపండి.",translated,
career_path.steps.driving_3.title,Fleet Coordinator,ఫ్లీట్ సమన్వయకర్త,translated,
career_path.steps.driving_3.desc,Plan routes and schedules for a group of drivers.,"డ్రైవర్ల బృందానికి మార్గాలు, షెడ్యూల్‌లు ప్లాన్ చేయండి.",translated,
career_path.steps.driving_4.title,Fleet Manager,ఫ్లీట్ మేనేజర్,translated,
career_path.steps.driving_4.desc,"Run the whole fleet — drivers, vehicles, and budgets.","మొత్తం ఫ్లీట్‌ను నడపండి — డ్రైవర్లు, వాహనాలు, బడ్జెట్.",translated,
career_path.steps.construction_1.title,Site Helper,సైట్ సహాయకుడు,translated,
career_path.steps.construction_1.desc,Carry materials and assist skilled workers on site.,సామగ్రిని మోసి నైపుణ్యం గల కార్మికులకు సహాయం చేయండి.,translated,
career_path.steps.construction_2.title,Mason / Skilled Worker,మేస్త్రి / నైపుణ్య కార్మికుడు,translated,
career_path.steps.construction_2.desc,"Lay bricks, plaster, and finish structures.","ఇటుకలు పేర్చి, ప్లాస్టర్ చేసి, నిర్మాణాన్ని పూర్తి చేయండి.",translated,
career_path.steps.construction_3.title,Site Supervisor,సైట్ సూపర్‌వైజర్,translated,
career_path.steps.construction_3.desc,Lead a crew and keep the site safe and on schedule.,"బృందాన్ని నడిపించి, సైట్‌ను సురక్షితంగా, సమయానికి ఉంచండి.",translated,
career_path.steps.construction_4.title,Site Manager,సైట్ మేనేజర్,translated,
career_path.steps.construction_4.desc,"Run the project — crews, timelines, and quality.","మొత్తం ప్రాజెక్ట్‌ను నడపండి — బృందాలు, గడువులు, నాణ్యత.",translated,
career_path.steps.kitchen_1.title,Kitchen Helper,వంటగది సహాయకుడు,translated,
career_path.steps.kitchen_1.desc,Prep ingredients and keep the kitchen clean.,పదార్థాలను సిద్ధం చేసి వంటగదిని శుభ్రంగా ఉంచండి.,translated,
career_path.steps.kitchen_2.title,Cook,వంటవాడు,translated,
career_path.steps.kitchen_2.desc,Cook dishes on your own station.,మీ సొంత స్థానంలో వంటకాలు తయారు చేయండి.,translated,
career_path.steps.kitchen_3.title,Head Cook,హెడ్ కుక్,translated,
career_path.steps.kitchen_3.desc,Plan the menu and lead the kitchen team.,మెనూను ప్లాన్ చేసి వంటగది బృందాన్ని నడిపించండి.,translated,
career_path.steps.kitchen_4.title,Kitchen Manager,వంటగది మేనేజర్,translated,
career_path.steps.kitchen_4.desc,"Run the kitchen — staff, stock, and standards.","మొత్తం వంటగదిని నడపండి — సిబ్బంది, నిల్వ, ప్రమాణాలు.",translated,
payslip.title,Your Payslip Explained,మీ జీతం స్లిప్ వివరణ,translated,
payslip.tagline,"PF, ESI and tax — what those deductions really mean.","పీఎఫ్, ఈఎస్ఐ మరియు పన్ను — కోతల అసలు అర్థం.",translated,
payslip.back,Back,వెనుకకు,translated,
payslip.intro,Starting your first formal job? Your payslip will show some money taken out. Most of it actually helps you — here's how.,మొదటిసారి శాశ్వత ఉద్యోగమా? మీ జీతం స్లిప్‌లో కొంత డబ్బు కోత కనిపిస్తుంది. చాలావరకు మీ మేలుకే — ఎలాగో చూడండి.,translated,
payslip.pf_title,PF — your savings fund,పీఎఫ్ — మీ పొదుపు నిధి,translated,
payslip.pf_what,{{pct}}% of your basic pay goes into a savings fund. Your employer adds the same amount on top — free money for you.,మీ ప్రాథమిక జీతంలో {{pct}}% ఒక పొదుపు నిధికి వెళుతుంది. మీ యజమాని కూడా అదే మొత్తాన్ని పైన చేరుస్తారు — మీకు ఉచిత డబ్బు.,translated,
payslip.pf_get,It is your money. You get all of it back with interest (around 8% a year) when you change jobs or retire.,ఇది మీ డబ్బు. ఉద్యోగం మారినప్పుడు లేదా రిటైర్ అయినప్పుడు వడ్డీతో సహా (సంవత్సరానికి సుమారు 8%) మొత్తం తిరిగి పొందుతారు.,translated,
payslip.pf_note,PF is not a loss — it is savings you build without thinking about it.,పీఎఫ్ నష్టం కాదు — ఇది ఆలోచించకుండానే పోగయ్యే పొదుపు.,translated,
payslip.esi_title,ESI — health cover,ఈఎస్ఐ — ఆరోగ్య రక్షణ,translated,
payslip.esi_what,Just {{pct}}% of your wages buys health cover for you and your family — if you earn up to ₹{{ceiling}} a month.,మీ జీతంలో కేవలం {{pct}}% మీకు మరియు మీ కుటుంబానికి ఆరోగ్య రక్షణ ఇస్తుంది — నెలకు ₹{{ceiling}} వరకు సంపాదిస్తే.,translated,
payslip.esi_get,"It pays for hospital treatment, and gives you money during sickness, injury, or maternity leave.","ఇది ఆసుపత్రి చికిత్స ఖర్చును భరిస్తుంది, అనారోగ్యం, గాయం లేదా ప్రసూతి సెలవు సమయంలో డబ్బు ఇస్తుంది.",translated,
payslip.tax_title,Income tax,ఆదాయపు పన్ను,translated,
payslip.tax_free,"Under the new tax system, yearly income up to ₹{{lakh}} lakh is completely tax-free.","కొత్త పన్ను విధానంలో, సంవత్సరానికి ₹{{lakh}} లక్షల వరకు ఆదాయం పూర్తిగా పన్ను రహితం.",translated,
payslip.tax_most,Most workers on Doondo earn below this — so they pay zero income tax.,దూండోలో చాలామంది కార్మికులు దీని కంటే తక్కువ సంపాదిస్తారు — కాబట్టి వారు సున్నా ఆదాయపు పన్ను చెల్లిస్తారు.,translated,
payslip.tax_slabs_intro,Earn more than that? Tax applies in steps:,అంతకంటే ఎక్కువ సంపాదిస్తారా? పన్ను దశలవారీగా వర్తిస్తుంది:,translated,
payslip.slab_upto,Up to ₹{{x}},₹{{x}} వరకు,translated,
payslip.slab_above,Above ₹{{x}},₹{{x}} పైన,translated,
payslip.slab_no_tax,No tax,పన్ను లేదు,translated,
payslip.payslip_title,Example payslip,ఉదాహరణ జీతం స్లిప్,translated,
payslip.payslip_for,A worker earning ₹{{wage}} a month:,నెలకు ₹{{wage}} సంపాదించే కార్మికుడు:,translated,
payslip.payslip_gross,Monthly wage,నెలవారీ జీతం,translated,
payslip.payslip_pf,PF (your savings),పీఎఫ్ (మీ పొదుపు),translated,
payslip.payslip_esi,ESI (health cover),ఈఎస్ఐ (ఆరోగ్య రక్షణ),translated,
payslip.payslip_tax,Income tax,ఆదాయపు పన్ను,translated,
payslip.payslip_inhand,Cash in hand,చేతిలో నగదు,translated,
payslip.payslip_note,"The ₹{{pf}} PF is still yours, saved for later — so your real value this month is ₹{{total}}.","₹{{pf}} పీఎఫ్ ఇంకా మీదే, తర్వాత కోసం పొదుపు చేయబడింది — కాబట్టి ఈ నెల మీ అసలు విలువ ₹{{total}}.",translated,
payslip.footer,Rates shown for the {{fy}} financial year. Government rates can change with each year's Budget.,{{fy}} ఆర్థిక సంవత్సరానికి రేట్లు. ప్రభుత్వ రేట్లు ప్రతి సంవత్సరం బడ్జెట్‌లో మారవచ్చు.,translated,
payslip.claim_section,Claiming what's yours,మీకు చెందినది పొందడం,translated,
payslip.pf_claim_title,Getting your PF money,మీ పీఎఫ్ డబ్బును పొందడం,translated,
payslip.pf_claim_1,You have a UAN — a 12-digit number that stays with you across every job. Ask your employer for it.,మీకు ఒక UAN ఉంది — ప్రతి ఉద్యోగంలోనూ మీతో ఉండే 12 అంకెల సంఖ్య. మీ యజమానిని అడగండి.,translated,
payslip.pf_claim_2,"Activate your UAN and check your balance on the UMANG app or the EPFO website. Link your Aadhaar, PAN and bank account.","మీ UAN-ను యాక్టివేట్ చేసి, UMANG యాప్ లేదా EPFO వెబ్‌సైట్‌లో బ్యాలెన్స్ చూడండి. మీ ఆధార్, పాన్, బ్యాంక్ ఖాతాను లింక్ చేయండి.",translated,
payslip.pf_claim_3,"Withdraw online — no employer signature needed for most claims. Take it all after you retire or after 2 months without a job, or take a part for medical, housing, or education needs.","ఆన్‌లైన్‌లో తీసుకోండి — చాలా క్లెయిమ్‌లకు యజమాని సంతకం అవసరం లేదు. రిటైర్ అయ్యాక లేదా 2 నెలలు ఉద్యోగం లేకుంటే మొత్తం, లేదా వైద్యం, ఇల్లు, చదువు కోసం కొంత భాగం తీసుకోవచ్చు.",translated,
payslip.pf_claim_4,Online claims usually reach your bank in about 3–5 working days.,ఆన్‌లైన్ క్లెయిమ్‌లు సాధారణంగా 3–5 పని దినాల్లో మీ బ్యాంక్‌కు చేరతాయి.,translated,
payslip.pf_portal_label,Open the EPFO website,EPFO వెబ్‌సైట్ తెరవండి,translated,
payslip.esi_claim_title,Using your ESI cover,మీ ESI రక్షణను ఉపయోగించడం,translated,
payslip.esi_claim_1,You get an ESI Pehchan card — your health ID. It covers you and your family.,"మీకు ఒక ESI పెహచాన్ కార్డు లభిస్తుంది — మీ ఆరోగ్య గుర్తింపు కార్డు. ఇది మిమ్మల్ని, మీ కుటుంబాన్ని కవర్ చేస్తుంది.",translated,
payslip.esi_claim_2,"For treatment, go to any ESI hospital or dispensary and show your Pehchan card with an ID. Care is free.","చికిత్స కోసం, ఏదైనా ESI ఆసుపత్రి లేదా డిస్పెన్సరీకి వెళ్లి మీ పెహచాన్ కార్డును, ఒక ID-ని చూపండి. చికిత్స ఉచితం.",translated,
payslip.esi_claim_3,"If a doctor signs you off sick, you can claim sickness benefit — about 70% of your wage — through your employer’s ESI office.","డాక్టర్ మిమ్మల్ని అనారోగ్యంగా ధృవీకరిస్తే, మీ యజమాని ESI కార్యాలయం ద్వారా అనారోగ్య ప్రయోజనం — జీతంలో సుమారు 70% — క్లెయిమ్ చేయవచ్చు.",translated,
payslip.esi_portal_label,Open the ESIC website,ESIC వెబ్‌సైట్ తెరవండి,translated,
payslip.claim_note,Government portals and steps can change — these are the official sites.,"ప్రభుత్వ పోర్టల్‌లు, విధానాలు మారవచ్చు — ఇవి అధికారిక సైట్‌లు.",translated,
app_lock.lock_screen_message,"Unlock with your fingerprint, face, or screen lock to continue.","కొనసాగించడానికి మీ వేలిముద్ర, ముఖం లేదా స్క్రీన్ లాక్‌తో అన్‌లాక్ చేయండి.",translated,
app_lock.unlock_button,Unlock,అన్‌లాక్ చేయి,translated,
app_lock.unlock_button_subtitle,Touch the sensor,సెన్సర్‌ను తాకండి,translated,
app_lock.or,or,లేదా,translated,
app_lock.unlocking,Unlocking…,అన్‌లాక్ అవుతోంది…,translated,
app_lock.unlock_prompt,Unlock Doondo,దూండోను అన్‌లాక్ చేయండి,translated,
app_lock.unlock_failed,Couldn't verify. Try again.,ధృవీకరించలేకపోయాం. మళ్లీ ప్రయత్నించండి.,translated,
app_lock.sign_out,Sign in with a different account,వేరే ఖాతాతో సైన్ ఇన్ చేయండి,translated,
app_lock.settings_section,App lock,యాప్ లాక్,translated,
app_lock.settings_toggle,Require unlock to open Doondo,దూండో తెరవడానికి అన్‌లాక్ అవసరం,translated,
app_lock.settings_toggle_desc,"Ask for your fingerprint, face, or screen lock each time you open the app.","యాప్‌ను తెరిచిన ప్రతిసారీ వేలిముద్ర, ముఖం లేదా స్క్రీన్ లాక్‌ను అడగండి.",translated,
app_lock.settings_unavailable,Set up a fingerprint or screen lock on your phone to use this.,దీన్ని ఉపయోగించడానికి మీ ఫోన్‌లో వేలిముద్ర లేదా స్క్రీన్ లాక్ సెట్ చేయండి.,translated,
voice_agent.title,Voice assistant,వాయిస్ అసిస్టెంట్,translated,
voice_agent.back,Back,వెనుకకు,translated,
voice_agent.intro,"Hi! Tell me what work you're looking for — for example, 'cook jobs near me'.",నమస్తే! మీరు ఎలాంటి పని వెతుకుతున్నారో చెప్పండి — ఉదాహరణకు 'నా దగ్గర వంట పని'.,translated,
voice_agent.tap_to_speak,Tap the mic and speak,మైక్ నొక్కి మాట్లాడండి,translated,
voice_agent.listening,Listening…,వింటోంది…,translated,
voice_agent.thinking,One moment…,ఒక్క క్షణం…,translated,
voice_agent.getting_location,Finding your location…,మీ స్థానాన్ని కనుగొంటోంది…,translated,
voice_agent.location_failed,Couldn't find your location. Turn on location to search for jobs.,మీ స్థానం దొరకలేదు. ఉద్యోగాలు వెతకడానికి లొకేషన్ ఆన్ చేయండి.,translated,
voice_agent.mic_unavailable,Voice input isn't available on this device. Type your request instead.,ఈ ఫోన్‌లో వాయిస్ ఇన్‌పుట్ అందుబాటులో లేదు. మీ అభ్యర్థనను టైప్ చేయండి.,translated,
voice_agent.type_placeholder,Type the work you want…,కావలసిన పనిని టైప్ చేయండి…,translated,
voice_agent.send,Send,పంపు,translated,
voice_agent.you_label,You,మీరు,translated,
voice_agent.assistant_label,Doondo,దూండో,translated,
voice_agent.card_apply,Apply,దరఖాస్తు చేయి,translated,
voice_agent.card_open,View job,ఉద్యోగం చూడు,translated,
voice_agent.card_applied,Applied,దరఖాస్తు చేశారు,translated,
voice_agent.a11y_mic,Voice assistant microphone,వాయిస్ అసిస్టెంట్ మైక్రోఫోన్,translated,
voice_agent.example_search,Cook jobs near me,నా దగ్గర వంట పని,translated,
voice_agent.example_apply,Apply to the first one,మొదటి దానికి దరఖాస్తు చేయి,translated,
voice_agent.example_interview,When is my interview?,,MISSING — needs translation,
voice_agent.example_messages,Read my messages,,MISSING — needs translation,
voice_agent.example_help,What can I say?,నేను ఏం చెప్పగలను?,translated,
voice_agent.reply.results_one,"I found 1 job nearby — {{job}}. Say 'apply to the first one' to apply, or ask for other work.","మీ దగ్గర 1 ఉద్యోగం దొరికింది — {{job}}. దరఖాస్తు చేయడానికి 'మొదటి దానికి దరఖాస్తు చేయి' అని చెప్పండి, లేదా వేరే పని అడగండి.",translated,
voice_agent.reply.results_many,"I found {{count}} jobs nearby. The first is {{job}}. Say 'apply to the first one', or ask for other work.","మీ దగ్గర {{count}} ఉద్యోగాలు దొరికాయి. మొదటిది {{job}}. 'మొదటి దానికి దరఖాస్తు చేయి' అని చెప్పండి, లేదా వేరే పని అడగండి.",translated,
voice_agent.reply.no_results,I couldn't find any jobs for that nearby. Try another kind of work.,దానికి దగ్గర్లో ఉద్యోగాలు దొరకలేదు. వేరే రకమైన పనిని ప్రయత్నించండి.,translated,
voice_agent.reply.applied,Done — you've applied to {{job}}. The employer will see your application.,అయిపోయింది — మీరు {{job}}కి దరఖాస్తు చేశారు. యజమాని మీ దరఖాస్తును చూస్తారు.,translated,
voice_agent.reply.already_applied,You had already applied to {{job}}. Try another job.,మీరు ఇప్పటికే {{job}}కి దరఖాస్తు చేశారు. వేరే ఉద్యోగాన్ని ప్రయత్నించండి.,translated,
voice_agent.reply.apply_failed,"Sorry, I couldn't send that application. Please open the job and apply from there.","క్షమించండి, ఆ దరఖాస్తును పంపలేకపోయాను. ఉద్యోగాన్ని తెరిచి అక్కడి నుండి దరఖాస్తు చేయండి.",translated,
voice_agent.reply.need_search_first,"Search for a job first, then say 'apply to the first one'.","ముందుగా ఒక ఉద్యోగాన్ని వెతకండి, తరువాత 'మొదటి దానికి దరఖాస్తు చేయి' అని చెప్పండి.",translated,
voice_agent.reply.help,"You can say things like 'driver jobs near me', 'apply to the first one', 'when is my interview', or 'read my messages'.","మీరు ఇలా చెప్పవచ్చు — 'నా దగ్గర డ్రైవర్ పని', లేదా 'మొదటి దానికి దరఖాస్తు చేయి'. మీరు ఎలాంటి పని వెతుకుతున్నారు?",translated,
voice_agent.reply.not_understood,"Sorry, I didn't catch that. Please say it again.","క్షమించండి, అర్థం కాలేదు. మళ్లీ చెప్పండి.",translated,
voice_agent.reply.nothing_to_repeat,There's nothing to repeat yet. Tell me what work you're looking for.,ఇప్పుడు మళ్లీ చెప్పడానికి ఏమీ లేదు. మీరు ఎలాంటి పని వెతుకుతున్నారో చెప్పండి.,translated,
voice_agent.reply.error,"Sorry, something went wrong. Check your connection and try again.","క్షమించండి, ఏదో పొరపాటు జరిగింది. మీ కనెక్షన్‌ను తనిఖీ చేసి మళ్లీ ప్రయత్నించండి.",translated,
voice_agent.reply.interview_upcoming,"You have an interview for {{job}} with {{employer}}, {{when}}.",,MISSING — needs translation,
voice_agent.reply.interview_none,You don't have any interviews scheduled right now.,,MISSING — needs translation,
voice_agent.reply.messages_one,{{sender}} said: {{body}},,MISSING — needs translation,
voice_agent.reply.messages_many,You have {{count}} recent messages. {{sender}} said: {{body}},,MISSING — needs translation,
voice_agent.reply.no_messages,You don't have any new messages from employers.,,MISSING — needs translation,
hire_share.brand,DOONDO,DOONDO,translated,
hire_share.fallback_role,New role,కొత్త పని,translated,
hire_share.fallback_employer,Doondo employer,డూండో యజమాని,translated,
hire_share.fallback_city,Nearby,దగ్గరలో,translated,
hire_share.fallback_role_caption,a new role,కొత్త పని,translated,
hire_share.fallback_employer_caption,an employer nearby,దగ్గరలోని యజమాని,translated,
hire_share.employer_verified,Verified employer,ధృవీకరించబడిన యజమాని,translated,
hire_share.employer_on_doondo,Employer on Doondo,డూండోలో యజమాని,translated,
hire_share.hired_by,HIRED BY,పని ఇచ్చినవారు,translated,
hire_share.title,I got hired.,నాకు పని దొరికింది.,translated,
hire_share.subtitle,{{name}} just landed {{role}} with {{employer}}.,{{name}}కు {{employer}} వద్ద {{role}} పని దొరికింది.,translated,
hire_share.role,ROLE,పాత్ర,translated,
hire_share.pay,PAY,జీతం,translated,
hire_share.city,CITY,నగరం,translated,
hire_share.moment,MOMENT,ఈ క్షణం,translated,
hire_share.worker,WORKER,కార్మికుడు,translated,
hire_share.date,DATE,తేదీ,translated,
hire_share.member_since,MEMBER SINCE,సభ్యుడైనది,translated,
hire_share.pay_confirmed,Pay confirmed,జీతం ఖరారు అయింది,translated,
hire_share.starts_label,STARTS,ప్రారంభం,translated,
hire_share.starts_today_at,"Starts today, {{time}}","ఈ రోజు ప్రారంభం, {{time}}",translated,
hire_share.starts_tomorrow_at,"Starts tomorrow, {{time}}","రేపు ప్రారంభం, {{time}}",translated,
hire_share.starts_on_at,"Starts {{day}}, {{time}}","{{day}} ప్రారంభం, {{time}}",translated,
hire_share.starts_time_only,Starts at {{time}},{{time}}కి ప్రారంభం,translated,
hire_share.trust_label,TRUST,నమ్మకం,translated,
hire_share.verified,Verified,ధృవీకరించబడింది,translated,
hire_share.profile_label,PROFILE,ప్రొఫైల్,translated,
hire_share.rating_label,RATING,రేటింగ్,translated,
hire_share.streak_label,STREAK,స్ట్రీక్,translated,
hire_share.streak_value,{{count}} days,{{count}} రోజులు,translated,
hire_share.recently,Recently,ఇటీవల,translated,
hire_share.celebration_title,You got hired.,మీకు పని దొరికింది.,translated,
hire_share.celebration_title_with_role,You got hired as {{role}}.,మీకు {{role}} పని దొరికింది.,translated,
hire_share.celebration_subtitle,"This is the moment worth remembering. Share it, save the details, and walk into the shift feeling chosen.","ఇది గుర్తుంచుకోవాల్సిన క్షణం. దీన్ని షేర్ చేయండి, సేవ్ చేయండి, తర్వాతి అడుగుకు నమ్మకంతో వెళ్లండి.",translated,
hire_share.employer_confirmed,Employer confirmed,యజమాని ధృవీకరించారు,translated,
hire_share.work_details_ready,Work details ready,పని వివరాలు సిద్ధంగా ఉన్నాయి,translated,
hire_share.share_title,I got hired on Doondo,నాకు Doondoలో పని దొరికింది,translated,
hire_share.share_variant_title,Choose a share format,షేర్ రూపాన్ని ఎంచుకోండి,translated,
hire_share.share_variant_body,"Use a story poster for Status, or a square poster for chat sharing.","Status కోసం story poster ఎంచుకోండి, లేదా chatలో పంపడానికి square poster ఎంచుకోండి.",translated,
hire_share.share_variant_story,Share to Status,Statusకి షేర్ చేయండి,translated,
hire_share.share_variant_square,Share in Chat,Chatలో షేర్ చేయండి,translated,
hire_share.save_variant_title,Choose a poster size,పోస్టర్ పరిమాణాన్ని ఎంచుకోండి,translated,
hire_share.save_variant_body,Pick the poster size you want to save to Photos.,Photosలో సేవ్ చేయాలనుకునే పోస్టర్ పరిమాణాన్ని ఎంచుకోండి.,translated,
hire_share.share_tone_title,Choose a card style,కార్డ్ శైలిని ఎంచుకోండి,translated,
hire_share.share_tone_body,Pick the version that fits where you're sending it.,మీరు పంపే చోటుకు సరిపోయే వెర్షన్‌ను ఎంచుకోండి.,translated,
hire_share.share_tone_proud,Proud,గర్వంగా,translated,
hire_share.share_tone_professional,Professional,వృత్తిపరమైన,translated,
hire_share.share_tone_family,Family-safe,కుటుంబానికి సరిపోయే,translated,
hire_share.save_to_photos,Save to Photos,Photosలో సేవ్ చేయండి,translated,
hire_share.share_caption,I got hired on Doondo as {{role}} with {{employer}}.,నాకు Doondoలో {{employer}} వద్ద {{role}} పని దొరికింది.,translated,
hire_share.share_caption_with_area,I got hired on Doondo as {{role}} with {{employer}} in {{area}}.,నాకు Doondoలో {{area}}లో {{employer}} వద్ద {{role}} పని దొరికింది.,translated,
hire_share.share_caption_professional,{{name}} was hired on Doondo as {{role}} with {{employer}}.,{{name}}కి Doondoలో {{employer}} వద్ద {{role}} పని దొరికింది.,translated,
hire_share.share_caption_professional_with_area,{{name}} was hired on Doondo as {{role}} with {{employer}} in {{area}}.,{{name}}కి Doondoలో {{area}}లో {{employer}} వద్ద {{role}} పని దొరికింది.,translated,
hire_share.share_caption_family,Good news: {{name}} got hired on Doondo as {{role}} with {{employer}}.,శుభవార్త: {{name}}కి Doondoలో {{employer}} వద్ద {{role}} పని దొరికింది.,translated,
hire_share.share_caption_family_with_area,Good news: {{name}} got hired on Doondo as {{role}} with {{employer}} in {{area}}.,శుభవార్త: {{name}}కి Doondoలో {{area}}లో {{employer}} వద్ద {{role}} పని దొరికింది.,translated,
hire_share.caption_copied_title,Caption copied,క్యాప్షన్ కాపీ అయింది,translated,
hire_share.caption_copied_body,"Your share caption is copied and ready to paste into WhatsApp, Status, or any story app.","మీ క్యాప్షన్ కాపీ అయింది. దాన్ని ఇప్పుడు WhatsApp, Status లేదా ఏ story appలోనైనా పేస్ట్ చేయవచ్చు.",translated,
hire_share.save_success_title,Poster saved,పోస్టర్ సేవ్ అయింది,translated,
hire_share.save_success_body,Your hire poster is now saved in Photos.,మీ hire poster ఇప్పుడు Photosలో సేవ్ అయింది.,translated,
hire_share.save_permission_title,Photos permission needed,Photos అనుమతి అవసరం,translated,
hire_share.save_permission_body,Allow photo library access to save this poster to your gallery.,ఈ posterను galleryలో సేవ్ చేయడానికి photo library access ఇవ్వండి.,translated,
hire_share.save_error_title,Couldn't save poster,పోస్టర్ సేవ్ కాలేదు,translated,
hire_share.save_error_body,Please try again in a moment.,దయచేసి కొద్దిసేపటి తర్వాత మళ్లీ ప్రయత్నించండి.,translated,
hire_share.notify_family,Notify family,కుటుంబానికి చెప్పండి,translated,
hire_share.notify_family_empty_title,Add your Trust Circle first,ముందు మీ Trust Circleను జోడించండి,translated,
hire_share.notify_family_empty_body,Save a family member or trusted contact in Trust Circle to share this hiring moment by SMS.,ఈ ఉద్యోగ ఆనందాన్ని SMS ద్వారా పంచుకోవడానికి Trust Circleలో కుటుంబం లేదా నమ్మకమైన సంప్రదింపును సేవ్ చేయండి.,translated,
hire_share.notify_family_error_title,Couldn't open SMS,SMS తెరవలేకపోయాము,translated,
hire_share.notify_family_error_body,Please try again or contact your family directly.,దయచేసి మళ్లీ ప్రయత్నించండి లేదా మీ కుటుంబాన్ని నేరుగా సంప్రదించండి.,translated,
hire_share.notify_family_name_fallback,Your family member,మీ ఇంటివారు,translated,
hire_share.notify_family_message,{{name}} just got hired on Doondo as {{role}} with {{employer}}.,{{name}}కి Doondoలో {{employer}} వద్ద {{role}} పని దొరికింది.,translated,
hire_share.notify_family_message_with_area,{{name}} just got hired on Doondo as {{role}} with {{employer}} in {{area}}.,{{name}}కి Doondoలో {{area}}లో {{employer}} వద్ద {{role}} పని దొరికింది.,translated,
hire_share.tone.proud.brand,DOONDO,DOONDO,translated,
hire_share.tone.proud.eyebrow,PROUD MOMENT,గర్వ క్షణం,translated,
hire_share.tone.proud.moment_copy,"A better job, a stronger week, and one more reason to keep going.","మంచి పని, బలమైన వారం, ముందుకు సాగడానికి ఇంకో కారణం.",translated,
hire_share.tone.professional.brand,DOONDO VERIFIED,DOONDO VERIFIED,translated,
hire_share.tone.professional.eyebrow,WORK UPDATE,పని అప్డేట్,translated,
hire_share.tone.professional.title,Now hired as {{role}}.,ఇప్పుడు {{role}}గా నియమితులయ్యారు.,translated,
hire_share.tone.professional.subtitle,{{name}} is ready to start with {{employer}}.,{{name}} ఇప్పుడు {{employer}} వద్ద పని ప్రారంభించడానికి సిద్ధంగా ఉన్నారు.,translated,
hire_share.tone.professional.moment_label,READY,సిద్ధం,translated,
hire_share.tone.professional.moment_copy,"Verified effort, real work history, and trust signals helped secure this role.","ధృవీకరించిన శ్రమ, నిజమైన పని చరిత్ర, నమ్మక సంకేతాలు ఈ అవకాశాన్ని తెచ్చాయి.",translated,
hire_share.tone.family.brand,GOOD NEWS,శుభవార్త,translated,
hire_share.tone.family.eyebrow,HOME UPDATE,ఇంటి సమాచారం,translated,
hire_share.tone.family.title,Good news from work.,పని నుంచి మంచి వార్త.,translated,
hire_share.tone.family.subtitle,{{name}} has been hired for {{role}} with {{employer}}.,{{name}}కి {{employer}} వద్ద {{role}} పని దొరికింది.,translated,
hire_share.tone.family.moment_label,NEXT STEP,తదుపరి అడుగు,translated,
hire_share.tone.family.moment_copy,The job is confirmed and the next work details are ready.,"పని ఖరారైంది, తర్వాతి వివరాలు సిద్ధంగా ఉన్నాయి.",translated,
hire_share.theme.kitchen.eyebrow,KITCHEN WIN,వంటగది విజయం,translated,
hire_share.theme.kitchen.moment,"From prep to service, the work spoke for itself and the next shift just got brighter.","సిద్ధం చేయడం నుంచి వడ్డించడం వరకు, మీ పని తానే మాట్లాడింది; తదుపరి షిఫ్ట్ ఇంకా వెలిగింది.",translated,
hire_share.theme.driver.eyebrow,ON THE MOVE,ముందుకు ప్రయాణం,translated,
hire_share.theme.driver.moment,"A new route, steadier earnings, and a stronger road ahead starting now.","కొత్త రూట్, స్థిరమైన ఆదాయం, ఇంకా బలమైన ముందడుగు ఇప్పుడు మొదలైంది.",translated,
hire_share.theme.trade.eyebrow,TRADE POWER,ట్రేడ్ శక్తి,translated,
hire_share.theme.trade.moment,"Hands-on skill turned into real momentum, with better work and better trust unlocked.","చేతి నైపుణ్యం ఇప్పుడు నిజమైన ముందడుగుగా మారింది, మెరుగైన పని మరియు ఎక్కువ నమ్మకంతో.",translated,
hire_share.theme.craft.eyebrow,CRAFT SHINES,కళ మెరిసింది,translated,
hire_share.theme.craft.moment,"Creative work just turned into a paid step up, with your style doing the talking.",మీ సృజనాత్మక పని ఇప్పుడు జీతం వచ్చే తదుపరి అడుగుగా మారింది; మీ శైలే మాట్లాడింది.,translated,
hire_share.theme.default.eyebrow,HIRED,పని దొరికింది,translated,
hire_share.theme.default.moment,"A better job, a stronger week, and one more reason to keep going.","మంచి పని, బలమైన వారం, ముందుకు సాగడానికి ఇంకో కారణం.",translated,
women.back,Back,వెనుకకు,translated,
women.hub_title,Doondo for Women,మహిళల కోసం దూండో,translated,
women.intro_title,A safer way to find work,పని వెతకడానికి సురక్షితమైన మార్గం,translated,
women.intro_body,"Doondo for Women helps you find workplaces that have thought about your safety — separate facilities, day shifts, safe transport and more.","మహిళల కోసం దూండో, మీ భద్రతను దృష్టిలో ఉంచుకున్న పనిప్రదేశాలను కనుగొనడంలో సహాయపడుతుంది — ప్రత్యేక సౌకర్యాలు, పగటి షిఫ్ట్, సురక్షిత ప్రయాణం మరియు మరిన్ని.",translated,
women.mode_title,Women's Mode,మహిళల మోడ్,translated,
women.mode_desc,Show only women-safe jobs across the app. You can turn this off any time.,యాప్ అంతటా మహిళలకు సురక్షితమైన ఉద్యోగాలను మాత్రమే చూపించు. మీరు దీన్ని ఎప్పుడైనా ఆఫ్ చేయవచ్చు.,translated,
women.safe_jobs_title,Women-safe jobs near you,మీ దగ్గర మహిళలకు సురక్షితమైన ఉద్యోగాలు,translated,
women.location_needed,Turn on location to see women-safe jobs near you.,మీ దగ్గర మహిళలకు సురక్షితమైన ఉద్యోగాలు చూడటానికి లొకేషన్ ఆన్ చేయండి.,translated,
women.safe_jobs_empty,No women-safe jobs nearby yet. Check back soon.,దగ్గర్లో ఇంకా మహిళలకు సురక్షితమైన ఉద్యోగాలు లేవు. కొద్దిసేపటి తర్వాత చూడండి.,translated,
women.guidance_title,Staying safe at work,పనిలో సురక్షితంగా ఉండటం,translated,
women.tools_title,Safety tools,భద్రతా సాధనాలు,translated,
women.disclaimer,"These women-safety signals are declared by employers, not verified by Doondo. Trust your judgement.","ఈ మహిళా-భద్రతా సంకేతాలను యజమానులు ప్రకటించారు, దూండో ధృవీకరించలేదు. మీ విచక్షణను నమ్మండి.",translated,
women.badge_label,Women-safe,మహిళలకు సురక్షితం,translated,
women.panel_title,For women workers,మహిళా కార్మికుల కోసం,translated,
women.post_section,Women at work,పనిలో మహిళలు,translated,
women.post_hint,Tell women workers what your workplace offers. Each is optional — only tick what is true.,మీ పనిప్రదేశం ఏమి అందిస్తుందో మహిళా కార్మికులకు చెప్పండి. ప్రతిది ఐచ్ఛికం — నిజమైనవి మాత్రమే గుర్తించండి.,translated,
women.menu_label,Doondo for Women,మహిళల కోసం దూండో,translated,
women.menu_subtitle,"Women-safe jobs, safety tools and guidance","మహిళలకు సురక్షితమైన ఉద్యోగాలు, భద్రతా సాధనాలు, మార్గదర్శనం",translated,
women.tool_sos_label,Emergency SOS,అత్యవసర SOS,translated,
women.tool_sos_desc,Alert your Trust Circle and nearby helpers fast,"మీ ట్రస్ట్ సర్కిల్‌ను, దగ్గర్లోని సహాయకులను వెంటనే హెచ్చరించండి",translated,
women.tool_trust_circle_label,Trust Circle,ట్రస్ట్ సర్కిల్,translated,
women.tool_trust_circle_desc,Pick the people who get your SOS alert,మీ SOS హెచ్చరిక ఎవరికి చేరాలో ఎంచుకోండి,translated,
women.signal.separateFacilities,"Separate, clean toilets and rest space for women","మహిళల కోసం ప్రత్యేక, శుభ్రమైన మరుగుదొడ్లు, విశ్రాంతి స్థలం",translated,
women.signal.womenOnTeam,Women already work in this role,ఈ పనిలో ఇప్పటికే మహిళలు పనిచేస్తున్నారు,translated,
women.signal.dayShiftOnly,Day shift only — no night work,పగటి షిఫ్ట్ మాత్రమే — రాత్రి పని లేదు,translated,
women.signal.safeTransport,Transport provided or a safe commute,రవాణా అందించబడుతుంది లేదా సురక్షిత ప్రయాణం,translated,
women.signal.harassmentPolicy,Has a harassment-redressal process,వేధింపుల ఫిర్యాదు పరిష్కార ప్రక్రియ ఉంది,translated,
women.tip.know_rights_title,Know your rights,మీ హక్కులను తెలుసుకోండి,translated,
women.tip.know_rights_body,"Equal pay, a safe workplace and a harassment committee are your legal right. Asking about them is normal.","సమాన వేతనం, సురక్షితమైన పనిప్రదేశం, వేధింపుల కమిటీ — ఇవి మీ చట్టపరమైన హక్కు. వీటి గురించి అడగడం సహజం.",translated,
women.tip.trusted_contact_title,Tell someone your plan,మీ ప్రణాళికను ఎవరికైనా చెప్పండి,translated,
women.tip.trusted_contact_body,Share where you're working and your timings with a family member or friend you trust.,"మీరు ఎక్కడ పనిచేస్తున్నారో, మీ సమయాలు ఏమిటో నమ్మకమైన కుటుంబ సభ్యుడికి లేదా స్నేహితుడికి చెప్పండి.",translated,
women.tip.safe_commute_title,Plan a safe commute,సురక్షిత ప్రయాణాన్ని ప్రణాళిక చేయండి,translated,
women.tip.safe_commute_body,Prefer well-lit routes and busy hours. Note the workplace's address before your first day.,"బాగా వెలుతురు ఉన్న మార్గాలను, రద్దీ సమయాలను ఎంచుకోండి. మొదటి రోజుకు ముందు పనిప్రదేశ చిరునామాను గుర్తుంచుకోండి.",translated,
women.tip.trust_instincts_title,Trust your instincts,మీ అంతరాత్మను నమ్మండి,translated,
women.tip.trust_instincts_body,"If a workplace feels unsafe, you can leave. Use SOS and your Trust Circle if you ever need help.","ఒక పనిప్రదేశం సురక్షితం కాదని అనిపిస్తే, మీరు వెళ్లిపోవచ్చు. సహాయం అవసరమైతే SOS, మీ ట్రస్ట్ సర్కిల్‌ను ఉపయోగించండి.",translated,
reels.back,Back,వెనుకకు,translated,
reels.contact_cta,Contact,,MISSING — needs translation,
reels.record_title,My intro reel,నా పరిచయ రీల్,translated,
reels.intro_title,Record a 30-second intro,30 సెకన్ల పరిచయాన్ని రికార్డ్ చేయండి,translated,
reels.intro_body,"A short video lets employers see the real you — far more than a profile can. Speak naturally, like you would in person.","ఒక చిన్న వీడియో, ప్రొఫైల్ కంటే ఎక్కువగా అసలైన మిమ్మల్ని యజమానులకు చూపిస్తుంది. ముఖాముఖి మాట్లాడినట్టు సహజంగా మాట్లాడండి.",translated,
reels.tip_1,"Say your name, your trade and your years of experience","మీ పేరు, మీ పని, ఎన్ని సంవత్సరాల అనుభవం ఉందో చెప్పండి",translated,
reels.tip_2,Find good light and a quiet spot — keep it under 30 seconds,"మంచి వెలుతురు, నిశ్శబ్ద ప్రదేశం ఎంచుకోండి — 30 సెకన్లలోపు ఉంచండి",translated,
reels.tip_3,End with the kind of work you're looking for,మీరు ఎలాంటి పని వెతుకుతున్నారో చివర్లో చెప్పండి,translated,
reels.caption_label,Add a caption (optional),శీర్షిక జోడించండి (ఐచ్ఛికం),translated,
reels.caption_placeholder,"e.g. Electrician, 8 years, available now","ఉదా. ఎలక్ట్రీషియన్, 8 సంవత్సరాలు, ఇప్పుడు అందుబాటులో",translated,
reels.upload,Upload reel,రీల్ అప్‌లోడ్ చేయి,translated,
reels.uploading,Uploading…,అప్‌లోడ్ అవుతోంది…,translated,
reels.retake,Retake,మళ్లీ రికార్డ్ చేయి,translated,
reels.saved_note,Your reel is live — employers can see it in Hire Reels.,మీ రీల్ ప్రత్యక్షంగా ఉంది — యజమానులు హైర్ రీల్స్‌లో చూడవచ్చు.,translated,
reels.record_again,Record again,మళ్లీ రికార్డ్ చేయి,translated,
reels.remove,Remove reel,రీల్ తొలగించు,translated,
reels.removing,Removing…,తొలగిస్తోంది…,translated,
reels.record_camera,Record with camera,కెమెరాతో రికార్డ్ చేయి,translated,
reels.choose_gallery,Choose from gallery,గ్యాలరీ నుండి ఎంచుకో,translated,
reels.capture_failed,Couldn't capture the video. Please try again.,వీడియోను క్యాప్చర్ చేయలేకపోయాం. మళ్లీ ప్రయత్నించండి.,translated,
reels.error_generic,Something went wrong. Please try again.,ఏదో పొరపాటు జరిగింది. మళ్లీ ప్రయత్నించండి.,translated,
reels.feed_worker_fallback,Doondo worker,దూండో కార్మికుడు,translated,
reels.feed_empty_title,No reels yet,ఇంకా రీల్స్ లేవు,translated,
reels.feed_empty_body,Worker intro reels will appear here as people record them. Check back soon.,ప్రజలు రికార్డ్ చేసే కొద్దీ కార్మికుల పరిచయ రీల్స్ ఇక్కడ కనిపిస్తాయి. కొద్దిసేపటి తర్వాత చూడండి.,translated,
reels.feed_title,Hire Reels,హైర్ రీల్స్,translated,
reels.feed_card_title,Discover talent in reels,రీల్స్‌లో ప్రతిభను కనుగొనండి,translated,
reels.feed_card_subtitle,Swipe through worker intro videos,కార్మికుల పరిచయ వీడియోలను స్వైప్ చేయండి,translated,
reels.menu_label,My intro reel,నా పరిచయ రీల్,translated,
reels.menu_subtitle,Record a short video for employers,యజమానుల కోసం ఒక చిన్న వీడియోను రికార్డ్ చేయండి,translated,
reels.video_unavailable_title,Video unavailable,వీడియో అందుబాటులో లేదు,translated,
reels.video_unavailable_body,This reel couldn't be loaded right now.,ఈ రీల్‌ను ఇప్పుడు లోడ్ చేయలేకపోయాం.,translated,
reels.video_loading,Loading reel…,రీల్ లోడ్ అవుతోంది…,translated,
smart_resume.card_title,Smart Resume,స్మార్ట్ రెజ్యూమ్,translated,
smart_resume.card_body,"Get an AI-tailored version of your resume for this job — your skills and experience, retold to fit.","ఈ ఉద్యోగం కోసం మీ రెజ్యూమ్ యొక్క AI-అనుకూలీకరించిన వెర్షన్‌ను పొందండి — మీ నైపుణ్యాలు మరియు అనుభవం, ఈ ఉద్యోగానికి తగినట్టు.",translated,
smart_resume.card_cta,Tailor my resume for this job,ఈ ఉద్యోగం కోసం నా రెజ్యూమ్‌ను సిద్ధం చేయి,translated,
smart_resume.back,Back,వెనుకకు,translated,
smart_resume.title,Smart Resume,స్మార్ట్ రెజ్యూమ్,translated,
smart_resume.for_job,Tailored for: {{job}},దీని కోసం సిద్ధం చేయబడింది: {{job}},translated,
smart_resume.loading,Tailoring your resume…,మీ రెజ్యూమ్ సిద్ధం చేయబడుతోంది…,translated,
smart_resume.error,Could not tailor your resume right now. Please try again.,ప్రస్తుతం మీ రెజ్యూమ్‌ను సిద్ధం చేయలేకపోయాం. దయచేసి మళ్లీ ప్రయత్నించండి.,translated,
smart_resume.retry,Try again,మళ్లీ ప్రయత్నించండి,translated,
smart_resume.pitch_label,WHY YOU FIT,మీరు ఎందుకు సరిపోతారు,translated,
smart_resume.summary_label,Your summary,మీ సారాంశం,translated,
smart_resume.skills_label,Your skills for this job,ఈ ఉద్యోగం కోసం మీ నైపుణ్యాలు,translated,
smart_resume.skills_hint,Ordered most-relevant first. ✓ means this job asked for it.,అత్యంత సంబంధితమైనవి ముందు. ✓ అంటే ఈ ఉద్యోగం దీన్ని అడిగింది.,translated,
smart_resume.experience_label,"Your experience, retold","మీ అనుభవం, మళ్లీ చెప్పబడింది",translated,
smart_resume.save_cta,Save summary to my profile,సారాంశాన్ని నా ప్రొఫైల్‌లో సేవ్ చేయి,translated,
smart_resume.saved,Saved to your profile,మీ ప్రొఫైల్‌లో సేవ్ చేయబడింది,translated,
smart_resume.save_hint,Updates the bio on your Doondo profile.,మీ డూండో ప్రొఫైల్ బయోను అప్‌డేట్ చేస్తుంది.,translated,
smart_resume.done,Done,పూర్తయింది,translated,
smart_resume.summary_edit_hint,Edit it to sound like you,మీ శైలిలో దాన్ని సవరించండి,translated,
smart_resume.before_label,Your current profile summary,మీ ప్రస్తుత ప్రొఫైల్ సారాంశం,translated,
smart_resume.listen,Listen,వినండి,translated,
smart_resume.stop,Stop,ఆపు,translated,
smart_resume.gap_label,Skills to build for this job,ఈ ఉద్యోగం కోసం నేర్చుకోవలసిన నైపుణ్యాలు,translated,
smart_resume.gap_hint,This job asks for these — a short course closes the gap.,ఈ ఉద్యోగం వీటిని అడుగుతుంది — ఒక చిన్న కోర్సు లోటును పూరిస్తుంది.,translated,
smart_resume.gap_cta,Find a course,కోర్సును కనుగొనండి,translated,
smart_resume.step_reading,Reading the job,ఉద్యోగాన్ని చదువుతోంది,translated,
smart_resume.step_matching,Matching your skills,మీ నైపుణ్యాలను సరిపోల్చుతోంది,translated,
smart_resume.step_writing,Writing your summary,మీ సారాంశాన్ని వ్రాస్తోంది,translated,
smart_resume.save_job_cta,Save for this job,ఈ ఉద్యోగం కోసం సేవ్ చేయి,translated,
smart_resume.saved_for_job,Saved — the employer will see this,సేవ్ చేయబడింది — యజమాని దీన్ని చూస్తారు,translated,
smart_resume.save_job_hint,Saved for this job; attached when you apply.,ఈ ఉద్యోగం కోసం సేవ్ చేయబడింది; దరఖాస్తు చేసేటప్పుడు జతచేయబడుతుంది.,translated,
festival.greeting,Happy {{festival}}!,{{festival}} శుభాకాంక్షలు!,translated,
festival.banner_sub,Festival hiring is up — see jobs picked for the season.,పండుగ నియామకాలు పెరిగాయి — ఈ సీజన్ ఉద్యోగాలను చూడండి.,translated,
festival.banner_cta,See jobs,ఉద్యోగాలను చూడండి,translated,
festival.board_title,{{festival}} jobs,{{festival}} ఉద్యోగాలు,translated,
festival.board_title_generic,Festival jobs,పండుగ ఉద్యోగాలు,translated,
festival.board_sub,Trades that hire most this festival season.,ఈ పండుగ సీజన్‌లో ఎక్కువగా నియామకాలు జరిగే పనులు.,translated,
festival.board_empty,No festival jobs near you yet — check back soon.,మీ దగ్గర ఇంకా పండుగ ఉద్యోగాలు లేవు — త్వరలో మళ్లీ చూడండి.,translated,
festival.none_active,No festival is on right now. Come back during the season!,ప్రస్తుతం పండుగ లేదు. సీజన్‌లో మళ్లీ రండి!,translated,
festival.need_location,Set your location to see festival jobs near you.,మీ సమీపంలోని పండుగ ఉద్యోగాలను చూడటానికి మీ స్థానాన్ని సెట్ చేయండి.,translated,
festival.tag,Festival pick,పండుగ ఎంపిక,translated,
festival.celebration,Hired during {{festival}}!,{{festival}} సమయంలో ఎంపికయ్యారు!,translated,
festival.countdown,{{festival}} in {{days}} days,{{festival}} {{days}} రోజుల్లో,translated,
festival.countdown_sub,Festival hiring is starting — get in early.,పండుగ నియామకాలు ప్రారంభమవుతున్నాయి — ముందుగానే చేరండి.,translated,
festival.board_count,{{count}} festival jobs near you,{{count}} పండుగ ఉద్యోగాలు మీ దగ్గర,translated,
festival.urgent,Urgent,అత్యవసరం,translated,
score_qr.back,Back,వెనుకకు,translated,
score_qr.title,Score QR code,స్కోర్ QR కోడ్,translated,
score_qr.subtitle,"Your verified Doondo Score, ready to share.","మీ ధృవీకరించబడిన డూండో స్కోర్, పంచుకోవడానికి సిద్ధం.",translated,
score_qr.error,Could not create your score QR right now. Please try again.,ప్రస్తుతం మీ స్కోర్ QR సృష్టించలేకపోయాం. దయచేసి మళ్లీ ప్రయత్నించండి.,translated,
score_qr.retry,Try again,మళ్లీ ప్రయత్నించండి,translated,
score_qr.score_label,DOONDO SCORE / 100,డూండో స్కోర్ / 100,translated,
score_qr.scan_hint,Anyone can scan this with a phone camera to verify your score — no Doondo app needed.,ఎవరైనా ఫోన్ కెమెరాతో దీన్ని స్కాన్ చేసి మీ స్కోర్‌ను ధృవీకరించవచ్చు — డూండో యాప్ అవసరం లేదు.,translated,
score_qr.valid_until,Valid until {{date}},{{date}} వరకు చెల్లుబాటు,translated,
score_qr.share,Share verification link,ధృవీకరణ లింక్‌ను పంచుకోండి,translated,
score_qr.share_message,My Doondo Score is {{score}}/100. Verify it here: {{url}},నా డూండో స్కోర్ {{score}}/100. ఇక్కడ ధృవీకరించండి: {{url}},translated,
score_qr.authentic_note,The QR links to a Doondo page that confirms this score is genuine and unmodified.,"QR ఒక డూండో పేజీకి లింక్ అవుతుంది, ఇది ఈ స్కోర్ నిజమైనది మరియు మార్చబడలేదని నిర్ధారిస్తుంది.",translated,
score_qr.passport_cta,Share score as QR,స్కోర్‌ను QRగా పంచుకోండి,translated,
score_qr.verified,VERIFIED,ధృవీకరించబడింది,translated,
score_qr.save,Save to photos,ఫోటోలలో సేవ్ చేయి,translated,
score_qr.saved_photo,Saved to your photos,మీ ఫోటోలలో సేవ్ చేయబడింది,translated,
score_qr.refresh,Refresh score,స్కోర్‌ను రిఫ్రెష్ చేయి,translated,
score_qr.save_permission,Allow photo access to save your score card.,మీ స్కోర్ కార్డ్‌ను సేవ్ చేయడానికి ఫోటో యాక్సెస్‌ను అనుమతించండి.,translated,
score_qr.action_error,Something went wrong. Please try again.,ఏదో తప్పు జరిగింది. దయచేసి మళ్లీ ప్రయత్నించండి.,translated,
passport_qr.back,Back,,MISSING — needs translation,
passport_qr.title,Skill Passport QR,,MISSING — needs translation,
passport_qr.subtitle,"Your verified Skill Passport, ready to share.",,MISSING — needs translation,
passport_qr.error,Could not create your Skill Passport QR right now. Please try again.,,MISSING — needs translation,
passport_qr.retry,Try again,,MISSING — needs translation,
passport_qr.score_label,DOONDO SCORE / 100,,MISSING — needs translation,
passport_qr.jobs_label,Jobs done,,MISSING — needs translation,
passport_qr.skills_label,Verified skills,,MISSING — needs translation,
passport_qr.rating_label,Rating,,MISSING — needs translation,
passport_qr.scan_hint,"Anyone can scan this with a phone camera to verify your skills, jobs, and rating — no Doondo app needed.",,MISSING — needs translation,
passport_qr.valid_until,Valid until {{date}},,MISSING — needs translation,
passport_qr.share,Share,,MISSING — needs translation,
passport_qr.share_cta,Share Skill Passport as QR,,MISSING — needs translation,
passport_qr.verified,VERIFIED,,MISSING — needs translation,
passport_qr.save,Save to photos,,MISSING — needs translation,
passport_qr.saved_photo,Saved to your photos,,MISSING — needs translation,
passport_qr.refresh,Refresh,,MISSING — needs translation,
passport_qr.save_permission,Allow photo access to save your passport card.,,MISSING — needs translation,
passport_qr.action_error,Something went wrong. Please try again.,,MISSING — needs translation,
passport_qr.authentic_note,The QR links to a Doondo page that confirms this Skill Passport is genuine and unmodified.,,MISSING — needs translation,
skill_proof.section_title,Proof of your skills,మీ నైపుణ్యాలకు రుజువు,translated,
skill_proof.section_hint,"Attach a certificate, licence, or photo for any skill. Employers see this on your application.","ఏ నైపుణ్యానికైనా సర్టిఫికెట్, లైసెన్స్ లేదా ఫోటోను జతచేయండి. యజమానులు దీన్ని మీ దరఖాస్తులో చూస్తారు.",translated,
skill_proof.add,Add proof,రుజువు జోడించు,translated,
skill_proof.none_yet,No proof attached yet,ఇంకా ఏ రుజువు జతచేయలేదు,translated,
skill_proof.add_title,Add proof,రుజువు జోడించు,translated,
skill_proof.add_body,"Attach a certificate, licence, or photo for this skill.","ఈ నైపుణ్యానికి సర్టిఫికెట్, లైసెన్స్ లేదా ఫోటోను జతచేయండి.",translated,
skill_proof.opt_camera,Take a photo,ఫోటో తీయండి,translated,
skill_proof.opt_gallery,Choose a photo,ఫోటో ఎంచుకోండి,translated,
skill_proof.opt_pdf,Choose a PDF,PDF ఎంచుకోండి,translated,
skill_proof.cancel,Cancel,రద్దు చేయి,translated,
skill_proof.error_title,Couldn't attach file,ఫైల్‌ను జతచేయలేకపోయాం,translated,
skill_proof.error_generic,Something went wrong. Please try again.,ఏదో తప్పు జరిగింది. దయచేసి మళ్లీ ప్రయత్నించండి.,translated,
skill_proof.remove_a11y,Remove {{name}},{{name}} తీసివేయి,translated,
location_picker.title,Search a place,ఒక ప్రదేశాన్ని వెతుకు,translated,
location_picker.search_placeholder,City or area — e.g. Bengaluru,నగరం లేదా ప్రాంతం — ఉదా. బెంగళూరు,translated,
location_picker.use_my_location,Use my location,నా స్థానాన్ని ఉపయోగించు,translated,
location_picker.use_my_location_hint,Jobs nearest to where you are,మీరు ఉన్న చోటికి దగ్గరి ఉద్యోగాలు,translated,
location_picker.search_anywhere,"Search ""{{query}}""","""{{query}}"" వెతుకు",translated,
location_picker.search_anywhere_hint,Find this place anywhere,ఈ ప్రదేశాన్ని ఎక్కడైనా కనుగొనండి,translated,
location_picker.not_found,Couldn't find that place — check the spelling,ఆ ప్రదేశం దొరకలేదు — స్పెల్లింగ్ తనిఖీ చేయండి,translated,
location_picker.popular,PLACES HIRING NOW,ఇప్పుడు నియమిస్తున్న ప్రదేశాలు,translated,
location_picker.results,PLACES WITH JOBS,ఉద్యోగాలు ఉన్న ప్రదేశాలు,translated,
location_picker.jobs_count,{{count}} jobs,{{count}} ఉద్యోగాలు,translated,
location_picker.no_job_cities,No matching cities have jobs yet — try searching it as a place above.,సరిపోలే ఏ నగరంలోనూ ఇంకా ఉద్యోగాలు లేవు — పైన దాన్ని ప్రదేశంగా వెతకండి.,translated,
location_picker.no_cities_yet,No jobs posted anywhere yet.,ఇంకా ఎక్కడా ఉద్యోగం పోస్ట్ చేయబడలేదు.,translated,
location_picker.recent,RECENT,ఇటీవలివి,translated,
location_picker.home_town,Your home town,మీ స్వస్థలం,translated,
account_switcher.title,SWITCH ACCOUNT,ఖాతా మార్చండి,translated,
account_switcher.add_employer,Add Employer account,యజమాని ఖాతా జోడించండి,translated,
account_switcher.add_another,Add another account,మరో ఖాతా జోడించండి,translated,
account_switcher.add_employer_hint,Post jobs and hire workers,"ఉద్యోగాలను పోస్ట్ చేయండి, కార్మికులను నియమించుకోండి",translated,
account_switcher.add_another_hint,Sign in or sign up — keeps this account active,సైన్ ఇన్ లేదా సైన్ అప్ చేయండి — ఈ ఖాతా యాక్టివ్‌గా ఉంటుంది,translated,
account_switcher.role_employer,Employer · Hiring,యజమాని · నియామకం,translated,
account_switcher.role_seeker,Seeker · Looking for work,అన్వేషకుడు · పని కోసం వెతుకుతున్నారు,translated,
account_switcher.role_admin,Admin,అడ్మిన్,translated,
account_switcher.switching_to,Switching to {{name}}…,{{name}} కి మారుతోంది…,translated,
account_switcher.switch_failed_title,Couldn't switch account,ఖాతా మార్చలేకపోయాం,translated,
account_switcher.switch_failed_body,Something went wrong. Check your connection and try again.,ఏదో తప్పు జరిగింది. మీ కనెక్షన్‌ను తనిఖీ చేసి మళ్లీ ప్రయత్నించండి.,translated,
account_switcher.remove_hint,Press and hold an account to remove it from this device.,ఖాతాను ఈ పరికరం నుండి తీసివేయడానికి నొక్కి పట్టుకోండి.,translated,
account_switcher.remove_title,Remove account?,ఖాతా తీసివేయాలా?,translated,
account_switcher.remove_body,{{name}} will be removed from this device. You can sign in again any time.,{{name}} ఈ పరికరం నుండి తీసివేయబడుతుంది. మీరు ఎప్పుడైనా మళ్లీ సైన్ ఇన్ చేయవచ్చు.,translated,
account_switcher.remove_cancel,Cancel,రద్దు చేయి,translated,
account_switcher.remove_confirm,Remove,తీసివేయి,translated,
account_switcher.updates_a11y,{{count}} updates waiting,{{count}} అప్‌డేట్‌లు వేచి ఉన్నాయి,translated,
account_pill.switch_to,Switch to {{name}},,MISSING — needs translation,
account_pill.open_switcher,Open account switcher,,MISSING — needs translation,
dispute.section_title,DISPUTES,,MISSING — needs translation,
dispute.raise_cta,Raise a dispute,,MISSING — needs translation,
dispute.none,No disputes on this hire.,,MISSING — needs translation,
dispute.raise_title,Raise a dispute,,MISSING — needs translation,
dispute.description_placeholder,Describe what happened…,,MISSING — needs translation,
dispute.add_photo,Add photo ({{n}}/3),,MISSING — needs translation,
dispute.submit,Submit dispute,,MISSING — needs translation,
dispute.submitting,Submitting…,,MISSING — needs translation,
dispute.raise_fail,Couldn't raise the dispute. Try again.,,MISSING — needs translation,
dispute.reply,Reply,,MISSING — needs translation,
dispute.send_reply,Send reply,,MISSING — needs translation,
dispute.sending,Sending…,,MISSING — needs translation,
dispute.reply_placeholder,Add your side…,,MISSING — needs translation,
dispute.reply_fail,Couldn't send your reply. Try again.,,MISSING — needs translation,
dispute.mark_resolved,Mark resolved,,MISSING — needs translation,
dispute.withdraw,Withdraw,,MISSING — needs translation,
dispute.resolve,Resolve,,MISSING — needs translation,
dispute.cancel,Cancel,,MISSING — needs translation,
dispute.resolve_fail,Couldn't update the dispute. Try again.,,MISSING — needs translation,
dispute.resolve_confirm_title,Mark resolved?,,MISSING — needs translation,
dispute.resolve_confirm_body,This closes the dispute as settled. You can't reopen it.,,MISSING — needs translation,
dispute.withdraw_confirm_title,Withdraw dispute?,,MISSING — needs translation,
dispute.withdraw_confirm_body,This closes the dispute with no further action.,,MISSING — needs translation,
dispute.raised_by_you,Raised by you,,MISSING — needs translation,
dispute.raised_by_them,Raised by {{name}},,MISSING — needs translation,
dispute.you,You,,MISSING — needs translation,
dispute.closed_resolved,Closed — resolved,,MISSING — needs translation,
dispute.closed_dismissed,Closed — withdrawn,,MISSING — needs translation,
dispute.category.no_show,No-show,,MISSING — needs translation,
dispute.category.payment,Payment,,MISSING — needs translation,
dispute.category.work_quality,Work quality,,MISSING — needs translation,
dispute.category.behavior,Behaviour,,MISSING — needs translation,
dispute.category.hours,Hours / timing,,MISSING — needs translation,
dispute.category.safety,Safety,,MISSING — needs translation,
dispute.category.other,Other,,MISSING — needs translation,
dispute.status.open,Open,,MISSING — needs translation,
dispute.status.awaiting_response,Awaiting reply,,MISSING — needs translation,
dispute.status.resolved,Resolved,,MISSING — needs translation,
dispute.status.dismissed,Withdrawn,,MISSING — needs translation,
home_safe.title,Did you reach home safely?,,MISSING — needs translation,
home_safe.body,Tap below once you're home — we'll let your trust circle know you arrived safe.,,MISSING — needs translation,
home_safe.body_job,"Your shift for ""{{title}}"" ended. Tap once you're home — we'll reassure your trust circle.",,MISSING — needs translation,
home_safe.confirm,I'm home safe,,MISSING — needs translation,
masked_call.cta,Call via Doondo,,MISSING — needs translation,
masked_call.connecting,Connecting…,,MISSING — needs translation,
masked_call.no_number,No phone number on file for this contact.,,MISSING — needs translation,
masked_call.fail,Couldn't start the call. Try again.,,MISSING — needs translation,
masked_call.cta_employer,Call employer via Doondo,,MISSING — needs translation,
my_job.eyebrow,MY WORK,,MISSING — needs translation,
my_job.title,My job,,MISSING — needs translation,
my_job.stat_days,Days,,MISSING — needs translation,
my_job.stat_shifts,Shifts,,MISSING — needs translation,
my_job.stat_hours,Hours,,MISSING — needs translation,
my_job.stat_caption,Worked in {{month}},,MISSING — needs translation,
my_job.empty_eyebrow,NO ACTIVE JOB,,MISSING — needs translation,
my_job.empty_title,You're not hired anywhere yet,,MISSING — needs translation,
my_job.empty_body,"Once an employer hires you, your workplace, attendance and payslips show up here.",,MISSING — needs translation,
my_job.job_count,{{n}} active job(s),,MISSING — needs translation,
my_job.next_shift,Next: {{when}},,MISSING — needs translation,
my_job.awaiting_payment,{{n}} payment(s) awaiting,,MISSING — needs translation,
my_employer.back,← Back,,MISSING — needs translation,
my_employer.rating,{{avg}}★ ({{n}}),,MISSING — needs translation,
my_employer.no_rating,No ratings yet,,MISSING — needs translation,
my_employer.verified,Verified,,MISSING — needs translation,
my_employer.view_profile,View full profile & reviews →,,MISSING — needs translation,
my_employer.terms_title,YOUR TERMS,,MISSING — needs translation,
my_employer.terms_role,Role,,MISSING — needs translation,
my_employer.terms_wage,Wage,,MISSING — needs translation,
my_employer.terms_project,Project,,MISSING — needs translation,
my_employer.terms_project_value,{{days}} days · {{start}} → {{end}},,MISSING — needs translation,
my_employer.period_hour,hour,,MISSING — needs translation,
my_employer.period_day,day,,MISSING — needs translation,
my_employer.period_week,week,,MISSING — needs translation,
my_employer.period_month,month,,MISSING — needs translation,
my_employer.period_fixed,fixed,,MISSING — needs translation,
my_employer.attendance_title,ATTENDANCE THIS MONTH,,MISSING — needs translation,
my_employer.attendance_empty,No shifts logged with this employer this month.,,MISSING — needs translation,
my_employer.payslip_cta,Download salary slip (PDF),,MISSING — needs translation,
my_employer.payslip_busy,Preparing…,,MISSING — needs translation,
my_employer.payslip_empty_title,Nothing to slip,,MISSING — needs translation,
my_employer.payslip_empty_body,No hours or payments from this employer this month yet.,,MISSING — needs translation,
my_employer.payslip_pdf_title,Salary slip,,MISSING — needs translation,
my_employer.payslip_days,Days worked,,MISSING — needs translation,
my_employer.payslip_shifts,Shifts,,MISSING — needs translation,
my_employer.payslip_hours,Hours,,MISSING — needs translation,
my_employer.payslip_paid,Paid (settled),,MISSING — needs translation,
my_employer.payslip_footer,Generated by Doondo. Hours are from on-site check-ins; paid is settled UPI payments for the month.,,MISSING — needs translation,
my_employer.payslip_share,Share salary slip,,MISSING — needs translation,
my_employer.payslip_fail,Couldn't generate the slip. Try again.,,MISSING — needs translation,
my_employer.this_job,This job,,MISSING — needs translation,
my_employer.schedule_title,MY SCHEDULE,,MISSING — needs translation,
my_employer.schedule_empty,No upcoming shifts scheduled.,,MISSING — needs translation,
my_employer.next_shift,Next shift {{when}},,MISSING — needs translation,
my_employer.directions,Directions to site,,MISSING — needs translation,
my_employer.wallet,My earnings & wallet,,MISSING — needs translation,
collect.back,← Back,,MISSING — needs translation,
collect.eyebrow,GET PAID,,MISSING — needs translation,
collect.title,Doondo Collect,,MISSING — needs translation,
collect.commission_note,Share your QR to get paid. Doondo keeps a small commission (2–3%); the rest lands in your wallet to withdraw.,,MISSING — needs translation,
collect.balance_label,Withdrawable balance,,MISSING — needs translation,
collect.withdraw_amount,Amount (₹),,MISSING — needs translation,
collect.withdraw,Withdraw,,MISSING — needs translation,
collect.withdrawing,Sending…,,MISSING — needs translation,
collect.add_bank_first,Add a verified bank account to withdraw.,,MISSING — needs translation,
collect.bank_title,BANK ACCOUNT,,MISSING — needs translation,
collect.verified,Verified,,MISSING — needs translation,
collect.unverified,Verifying…,,MISSING — needs translation,
collect.remove_bank,Remove account,,MISSING — needs translation,
collect.holder_name,Account holder name,,MISSING — needs translation,
collect.account_number,Account number,,MISSING — needs translation,
collect.ifsc,IFSC code,,MISSING — needs translation,
collect.saving,Saving…,,MISSING — needs translation,
collect.save_bank,Save & verify,,MISSING — needs translation,
collect.bank_fail,Couldn't save the account. Check the details.,,MISSING — needs translation,
collect.qr_title,MY COLLECTION QR,,MISSING — needs translation,
collect.qr_open,Any amount,,MISSING — needs translation,
collect.qr_fixed,Fixed amount,,MISSING — needs translation,
collect.qr_amount,Amount (₹),,MISSING — needs translation,
collect.creating,Creating…,,MISSING — needs translation,
collect.create_qr,Create QR,,MISSING — needs translation,
collect.qr_fail,Couldn't create the QR. Try again.,,MISSING — needs translation,
collect.qr_any_amount,Pay any amount,,MISSING — needs translation,
collect.download,Download,,MISSING — needs translation,
collect.share,Share,,MISSING — needs translation,
collect.save_permission,Allow photo access to save the QR.,,MISSING — needs translation,
collect.saved,QR saved to your photos.,,MISSING — needs translation,
collect.share_fail,Couldn't share the QR. Try again.,,MISSING — needs translation,
collect.sim_cta,"Test: simulate a ₹1,500 payment",,MISSING — needs translation,
collect.sim_busy,Simulating…,,MISSING — needs translation,
collect.sim_done_title,Payment received,,MISSING — needs translation,
collect.sim_done_body,Paid {{gross}} · Doondo fee deducted · {{net}} added to your wallet.,,MISSING — needs translation,
collect.sim_fail,Couldn't simulate the payment.,,MISSING — needs translation,
collect.show_existing,Show my QR ({{n}}),,MISSING — needs translation,
collect.withdraw_sent_title,Withdrawal requested,,MISSING — needs translation,
collect.withdraw_sent_body,The money is on its way to your bank account.,,MISSING — needs translation,
collect.withdraw_fail,Withdrawal failed. Check your balance and bank account.,,MISSING — needs translation,
