key,english_source,current_kannada_translation,status,reviewer_notes
common.ok,OK,ಸರಿ,translated,
common.cancel,Cancel,ರದ್ದು,translated,
common.save,Save,ಉಳಿಸಿ,translated,
common.delete,Delete,ಅಳಿಸಿ,translated,
common.edit,Edit,ಬದಲಾಯಿಸಿ,translated,
common.back,Back,ಹಿಂದೆ,translated,
common.retry,Retry,ಮತ್ತೊಮ್ಮೆ,translated,
common.loading,Loading…,ಲೋಡ್ ಆಗುತ್ತಿದೆ…,translated,
common.stop,Stop,ನಿಲ್ಲಿಸಿ,translated,
common.units.meters_short,{{n}} m,{{n}} ಮೀ,translated,
common.units.kilometers_short,{{n}} km,{{n}} ಕಿಮೀ,translated,
common.units.hours_per_day,{{n}} hrs / day,{{n}} ಗಂಟೆ / ದಿನ,translated,
common.job_type.full_time,Full Time,ಪೂರ್ಣ ಸಮಯ,translated,
common.job_type.part_time,Part Time,ಅರೆ ಸಮಯ,translated,
common.job_type.gig,Gig,ಗಿಗ್,translated,
common.job_type.shift,Shift,ಶಿಫ್ಟ್,translated,
common.job_type.contract,Contract,ಒಪ್ಪಂದ,translated,
common.pay_period.per_hour,Per hour,ಪ್ರತಿ ಗಂಟೆಗೆ,translated,
common.pay_period.per_day,Per day,ಪ್ರತಿ ದಿನಕ್ಕೆ,translated,
common.pay_period.per_week,Per week,ಪ್ರತಿ ವಾರಕ್ಕೆ,translated,
common.pay_period.per_month,Per month,ಪ್ರತಿ ತಿಂಗಳಿಗೆ,translated,
common.pay_period.one_time,One-time,ಒಂದು ಬಾರಿ,translated,
common.pay_period.suffix_hour,/hr,/ಗಂಟೆ,translated,
common.pay_period.suffix_day,/day,/ದಿನ,translated,
common.pay_period.suffix_week,/wk,/ವಾರ,translated,
common.pay_period.suffix_month,/mo,/ತಿಂಗಳು,translated,
common.pay_period.suffix_fixed, fixed, ಸ್ಥಿರ,translated,
tabs.home,Home,ಮುಖಪುಟ,translated,
tabs.jobs,Jobs,ಕೆಲಸಗಳು,translated,
tabs.community,Community,ಸಮುದಾಯ,translated,
tabs.voice,Voice,ವಾಯ್ಸ್,translated,
tabs.chat,Chat,ಚಾಟ್,translated,
tabs.earnings,Earnings,ಗಳಿಕೆ,translated,
tabs.profile,Profile,ಪ್ರೊಫೈಲ್,translated,
tabs.my_job,My Job,ನನ್ನ ಕೆಲಸ,translated,
community_hub.title,Community,ಸಮುದಾಯ,translated,
community_hub.subtitle,"Connect, learn and grow with other workers","ಇತರ ಕಾರ್ಮಿಕರೊಂದಿಗೆ ಸಂಪರ್ಕ ಸಾಧಿಸಿ, ಕಲಿಯಿರಿ ಮತ್ತು ಬೆಳೆಯಿರಿ",translated,
community_hub.buddies,Find work buddies,ಕೆಲಸದ ಸಂಗಾತಿಗಳನ್ನು ಹುಡುಕಿ,translated,
community_hub.buddies_hint,Connect with workers near you,ನಿಮ್ಮ ಹತ್ತಿರದ ಕಾರ್ಮಿಕರೊಂದಿಗೆ ಸಂಪರ್ಕ ಸಾಧಿಸಿ,translated,
community_hub.refer,Refer a friend,ಸ್ನೇಹಿತರನ್ನು ರೆಫರ್ ಮಾಡಿ,translated,
community_hub.refer_hint,Earn ₹100 when they get hired,ಅವರು ಕೆಲಸ ಪಡೆದಾಗ ₹100 ಗಳಿಸಿ,translated,
community_hub.mentors,Mentors,ಮಾರ್ಗದರ್ಶಕರು,translated,
community_hub.mentors_hint,Get guidance from experienced workers,ಅನುಭವಿ ಕಾರ್ಮಿಕರಿಂದ ಮಾರ್ಗದರ್ಶನ ಪಡೆಯಿರಿ,translated,
community_hub.ratings,Ratings & reviews,ರೇಟಿಂಗ್ ಮತ್ತು ವಿಮರ್ಶೆಗಳು,translated,
community_hub.ratings_hint,See what employers say about you,ಉದ್ಯೋಗದಾತರು ನಿಮ್ಮ ಬಗ್ಗೆ ಏನು ಹೇಳುತ್ತಾರೆ ಎಂದು ನೋಡಿ,translated,
earnings_hub.title,Earnings,ಗಳಿಕೆ,translated,
earnings_hub.subtitle,"Your money, activities and protection","ನಿಮ್ಮ ಹಣ, ಚಟುವಟಿಕೆಗಳು ಮತ್ತು ರಕ್ಷಣೆ",translated,
earnings_hub.ledger,My earnings,ನನ್ನ ಗಳಿಕೆ,translated,
earnings_hub.ledger_hint,Track your payout and history,ನಿಮ್ಮ ಪಾವತಿಗಳು ಮತ್ತು ಇತಿಹಾಸವನ್ನು ಟ್ರ್ಯಾಕ್ ಮಾಡಿ,translated,
earnings_hub.ledger_caption,This month,ಈ ತಿಂಗಳು,translated,
earnings_hub.advance,Cash advance,ನಗದು ಮುಂಗಡ,translated,
earnings_hub.advance_hint,Get a small advance before payday,ಸಂಬಳಕ್ಕೆ ಮೊದಲು ಸಣ್ಣ ಮುಂಗಡ ಪಡೆಯಿರಿ,translated,
earnings_hub.advance_cta,Get now,ಈಗ ಪಡೆಯಿರಿ,translated,
earnings_hub.insurance,Worker insurance,ಕಾರ್ಮಿಕ ವಿಮೆ,translated,
earnings_hub.insurance_hint,Accident cover while you work,ಕೆಲಸ ಮಾಡುವಾಗ ಅಪಘಾತ ರಕ್ಷಣೆ,translated,
earnings_hub.insurance_active,Active,ಸಕ್ರಿಯ,translated,
earnings_hub.insurance_inactive,Not active,ನಿಷ್ಕ್ರಿಯ,translated,
earnings_hub.insurance_since,Since {{date}},{{date}} ರಿಂದ,translated,
earnings_hub.insurance_cta,Get covered,ರಕ್ಷಣೆ ಪಡೆಯಿರಿ,translated,
earnings_hub.promo_title,"More security.
More benefits.","ಹೆಚ್ಚಿನ ಸುರಕ್ಷತೆ.
ಹೆಚ್ಚಿನ ಪ್ರಯೋಜನಗಳು.",translated,
earnings_hub.promo_body,Explore insurances and financial tools made for you.,ನಿಮಗಾಗಿ ರೂಪಿಸಲಾದ ವಿಮೆ ಮತ್ತು ಹಣಕಾಸು ಸಾಧನಗಳನ್ನು ಅನ್ವೇಷಿಸಿ.,translated,
earnings_hub.promo_cta,Explore now,ಈಗ ಅನ್ವೇಷಿಸಿ,translated,
earnings_hub.collect,Collect (QR),,MISSING — needs translation,
earnings_hub.collect_hint,Get paid by QR → wallet,,MISSING — needs translation,
earnings_hub.collect_top,Bank + QR,,MISSING — needs translation,
earnings_hub.collect_caption,Withdraw anytime,,MISSING — needs translation,
profile_groups.grow,Grow your career,ನಿಮ್ಮ ವೃತ್ತಿಯನ್ನು ಬೆಳೆಸಿಕೊಳ್ಳಿ,translated,
profile_groups.rights,Your rights & safety,ನಿಮ್ಮ ಹಕ್ಕುಗಳು ಮತ್ತು ಸುರಕ್ಷತೆ,translated,
profile_groups.account,Resume & account,ರೆಸ್ಯೂಮ್ ಮತ್ತು ಖಾತೆ,translated,
profile_groups.connect,Find work buddies,ಕೆಲಸದ ಸಂಗಾತಿಗಳನ್ನು ಹುಡುಕಿ,translated,
home.title,Doondo,Doondo,translated,
home.modes.today,Today,ಇಂದು,translated,
home.modes.this_week,This week,ಈ ವಾರ,translated,
home.modes.career,Career,ಕರಿಯರ್,translated,
home.voice_card.title,Find jobs through voice,ಧ್ವನಿಯ ಮೂಲಕ ಕೆಲಸ ಹುಡುಕಿ,translated,
home.voice_card.hint,Tell us what work you want,ನಿಮಗೆ ಯಾವ ಕೆಲಸ ಬೇಕು ಎಂದು ಹೇಳಿ,translated,
home.categories_section_label,Job categories,ಕೆಲಸದ ವಿಭಾಗಗಳು,translated,
home.nearby_jobs,Nearby jobs,ಹತ್ತಿರದ ಕೆಲಸಗಳು,translated,
home.view_all,View all,ಎಲ್ಲವನ್ನೂ ನೋಡಿ,translated,
home.see_more,See more,ಇನ್ನಷ್ಟು,translated,
home.categories.delivery,Delivery,ಡೆಲಿವರಿ,translated,
home.categories.driver,Driver,ಚಾಲಕ,translated,
home.categories.electrician,Electrician,ಎಲೆಕ್ಟ್ರಿಷಿಯನ್,translated,
home.categories.helper,Helper,ಸಹಾಯಕ,translated,
home.categories.mason,Mason,ಮೇಸ್ತ್ರಿ,translated,
home.location.your_area,Your area,ನಿಮ್ಮ ಪ್ರದೇಶ,translated,
home.location.locating,Locating…,ಸ್ಥಳ ಗುರುತಿಸಲಾಗುತ್ತಿದೆ…,translated,
home.location.finding_jobs,Finding nearby jobs…,ಹತ್ತಿರದ ಕೆಲಸಗಳನ್ನು ಹುಡುಕಲಾಗುತ್ತಿದೆ…,translated,
home.location.nearby_count_one,{{count}} nearby job,{{count}} ಹತ್ತಿರದ ಕೆಲಸ,translated,
home.location.nearby_count_other,{{count}} nearby jobs,{{count}} ಹತ್ತಿರದ ಕೆಲಸಗಳು,translated,
home.jobs.empty_no_jobs_nearby,No jobs near you right now. Pull to refresh.,ಸದ್ಯ ನಿಮ್ಮ ಹತ್ತಿರ ಕೆಲಸಗಳಿಲ್ಲ. ರಿಫ್ರೆಶ್‌ಗಾಗಿ ಎಳೆಯಿರಿ.,translated,
home.jobs.default_employer,Doondo Employer,Doondo ಉದ್ಯೋಗದಾತ,translated,
home.jobs.apply_now,Apply Now,ಈಗ ಅರ್ಜಿ ಸಲ್ಲಿಸಿ,translated,
home.hero.eyebrow,OPPORTUNITIES DAILY,ಪ್ರತಿದಿನ ಅವಕಾಶಗಳು,translated,
home.hero.headline,Find the right jobs near you,ನಿಮಗೆ ಸರಿಯಾದ ಕೆಲಸಗಳನ್ನು ಹುಡುಕಿ,translated,
home.hero.cta,Explore Jobs,ಕೆಲಸಗಳನ್ನು ನೋಡಿ,translated,
home.hero.cta_a11y,Explore jobs,ಕೆಲಸಗಳನ್ನು ನೋಡಿ,translated,
home.feed.empty_today_title,No same-day jobs nearby,ಇಂದು ಹತ್ತಿರದಲ್ಲಿ ಯಾವುದೇ ಕೆಲಸವಿಲ್ಲ,translated,
home.feed.empty_today_hint,"Pull to refresh, or switch to Career for longer-term roles.","ರಿಫ್ರೆಶ್ ಮಾಡಲು ಎಳೆಯಿರಿ, ಅಥವಾ ದೀರ್ಘಾವಧಿ ಕೆಲಸಗಳಿಗಾಗಿ ಕರಿಯರ್‌ಗೆ ಬದಲಾಯಿಸಿ.",translated,
home.feed.empty_this_week_title,No short contracts posted this week,ಈ ವಾರ ಯಾವುದೇ ಸಣ್ಣ ಒಪ್ಪಂದಗಳಿಲ್ಲ,translated,
home.feed.empty_this_week_hint,Try a wider trade filter or check back tomorrow.,ವಿಶಾಲವಾದ ಫಿಲ್ಟರ್ ಪ್ರಯತ್ನಿಸಿ ಅಥವಾ ನಾಳೆ ಮತ್ತೆ ಪರಿಶೀಲಿಸಿ.,translated,
home.feed.browse_by_trade,Browse by trade,ವೃತ್ತಿಯ ಪ್ರಕಾರ ಬ್ರೌಸ್ ಮಾಡಿ,translated,
home.feed.view_all_arrow,View all →,ಎಲ್ಲವನ್ನೂ ನೋಡಿ →,translated,
home.feed.clear_filters_one,Clear {{count}} filter,{{count}} ಫಿಲ್ಟರ್ ತೆಗೆದುಹಾಕಿ,translated,
home.feed.clear_filters_other,Clear {{count}} filters,{{count}} ಫಿಲ್ಟರ್‌ಗಳನ್ನು ತೆಗೆದುಹಾಕಿ,translated,
home.feed.locating,Locating…,ಸ್ಥಳ ಗುರುತಿಸಲಾಗುತ್ತಿದೆ…,translated,
home.job_card.urgent,URGENT,ತುರ್ತು,translated,
home.job_card.distance_away,{{distance}} away,{{distance}} ದೂರ,translated,
home.job_card.start_today,Start Today,ಇಂದೇ ಆರಂಭ,translated,
home.job_card.immediate,Immediate,ತಕ್ಷಣ,translated,
home.job_card.flexible,Flexible,ಹೊಂದಿಕೊಳ್ಳುವ,translated,
home.job_card.schedule,Schedule,ವೇಳಾಪಟ್ಟಿ,translated,
home.job_card.tap_to_call_apply,Tap to call / apply,ಕರೆ / ಅರ್ಜಿಗೆ ಟ್ಯಾಪ್ ಮಾಡಿ,translated,
home.job_card.view_details,View details,ವಿವರಗಳನ್ನು ನೋಡಿ,translated,
home.job_card.tap_to_call_apply_a11y,Tap to call or apply,ಕರೆ ಮಾಡಲು ಅಥವಾ ಅರ್ಜಿ ಸಲ್ಲಿಸಲು ಟ್ಯಾಪ್ ಮಾಡಿ,translated,
home.job_card.view_job_a11y,View job,ಕೆಲಸವನ್ನು ನೋಡಿ,translated,
home.job_card.job_a11y_label,"{{title}}, {{pay}}","{{title}}, {{pay}}",translated,
home.job_card.driving_license_required,Driving License: Required,ಡ್ರೈವಿಂಗ್ ಲೈಸೆನ್ಸ್: ಅಗತ್ಯ,translated,
home.job_card.skill_required_suffix,{{skill}}: Required,{{skill}}: ಅಗತ್ಯ,translated,
home.beacon.chip_inactive_title,Tell employers I'm available now,ನಾನು ಈಗ ಲಭ್ಯವಿದ್ದೇನೆ ಎಂದು ಉದ್ಯೋಗದಾತರಿಗೆ ಹೇಳಿ,translated,
home.beacon.chip_inactive_hint,Nearby employers will see you in their list,ಹತ್ತಿರದ ಉದ್ಯೋಗದಾತರು ನಿಮ್ಮನ್ನು ಅವರ ಪಟ್ಟಿಯಲ್ಲಿ ನೋಡುತ್ತಾರೆ,translated,
home.beacon.chip_active_title,Available — {{left}} left,ಲಭ್ಯ — {{left}} ಬಾಕಿ,translated,
home.beacon.chip_active_hint,Until {{time}} · tap to edit,{{time}} ತನಕ · ಸಂಪಾದಿಸಲು ಟ್ಯಾಪ್ ಮಾಡಿ,translated,
home.beacon.chip_a11y_active,Edit availability beacon,ಲಭ್ಯತೆಯ ಬೀಕನ್ ಸಂಪಾದಿಸಿ,translated,
home.beacon.chip_a11y_inactive,Tell employers you are available,ನೀವು ಲಭ್ಯವಿರುವುದಾಗಿ ಉದ್ಯೋಗದಾತರಿಗೆ ಹೇಳಿ,translated,
home.beacon.stop,Stop,ನಿಲ್ಲಿಸಿ,translated,
home.beacon.stop_confirm_title,Stop broadcasting?,ಪ್ರಸಾರ ನಿಲ್ಲಿಸಬೇಕೇ?,translated,
home.beacon.stop_confirm_body,Employers near you will no longer see you as available.,ನಿಮ್ಮ ಹತ್ತಿರದ ಉದ್ಯೋಗದಾತರು ಇನ್ನು ಮುಂದೆ ನಿಮ್ಮನ್ನು ಲಭ್ಯವೆಂದು ನೋಡುವುದಿಲ್ಲ.,translated,
home.beacon.couldnt_withdraw_title,Couldn't withdraw,ಹಿಂಪಡೆಯಲು ಸಾಧ್ಯವಾಗಲಿಲ್ಲ,translated,
home.beacon.couldnt_withdraw_body,Try again.,ಮತ್ತೊಮ್ಮೆ ಪ್ರಯತ್ನಿಸಿ.,translated,
home.beacon.expiring,expiring,ಮುಗಿಯುತ್ತಿದೆ,translated,
home.beacon.minutes_short,{{n}} min,{{n}} ನಿಮಿಷ,translated,
home.beacon.hours_short,{{h}}h,{{h}}ಗಂ,translated,
home.beacon.hours_minutes_short,{{h}}h {{m}}m,{{h}}ಗಂ {{m}}ನಿ,translated,
home.beacon.sheet.eyebrow,AVAILABILITY BEACON,ಲಭ್ಯತಾ ಬೀಕನ್,translated,
home.beacon.sheet.title_new,Broadcast to nearby employers,ಹತ್ತಿರದ ಉದ್ಯೋಗದಾತರಿಗೆ ಪ್ರಸಾರ ಮಾಡಿ,translated,
home.beacon.sheet.title_existing,Update your beacon,ನಿಮ್ಮ ಬೀಕನ್ ನವೀಕರಿಸಿ,translated,
home.beacon.sheet.body,"Employers within ~10 km will see you in their ""workers available now"" list with one-tap call.","~10 ಕಿಮೀ ಒಳಗಿನ ಉದ್ಯೋಗದಾತರು ತಮ್ಮ ""ಈಗ ಲಭ್ಯವಿರುವ ಕಾರ್ಮಿಕರು"" ಪಟ್ಟಿಯಲ್ಲಿ ನಿಮ್ಮನ್ನು ಒಂದು ಟ್ಯಾಪ್ ಕರೆಯೊಂದಿಗೆ ನೋಡುತ್ತಾರೆ.",translated,
home.beacon.sheet.duration_title,HOW LONG?,ಎಷ್ಟು ಸಮಯ?,translated,
home.beacon.sheet.duration_1h_sub,1 hour,1 ಗಂಟೆ,translated,
home.beacon.sheet.duration_2h_sub,2 hours,2 ಗಂಟೆ,translated,
home.beacon.sheet.duration_4h_sub,Half day,ಅರ್ಧ ದಿನ,translated,
home.beacon.sheet.duration_8h_sub,Full day,ಪೂರ್ಣ ದಿನ,translated,
home.beacon.sheet.what_work_title,WHAT WORK?,ಯಾವ ಕೆಲಸ?,translated,
home.beacon.sheet.selected_count,{{count}} selected,{{count}} ಆಯ್ಕೆಯಾಗಿದೆ,translated,
home.beacon.sheet.note_title,NOTE FOR EMPLOYERS · OPTIONAL,ಉದ್ಯೋಗದಾತರಿಗೆ ಟಿಪ್ಪಣಿ · ಐಚ್ಛಿಕ,translated,
home.beacon.sheet.note_placeholder,e.g. Have my own bike · can lift heavy,ಉದಾ. ಸ್ವಂತ ಬೈಕ್ ಇದೆ · ಭಾರ ಎತ್ತಬಲ್ಲೆ,translated,
home.beacon.sheet.schedule_title,WEEKLY SCHEDULE · OPTIONAL,ಸಾಪ್ತಾಹಿಕ ವೇಳಾಪಟ್ಟಿ · ಐಚ್ಛಿಕ,translated,
home.beacon.sheet.repeat_weekly_title,Repeat every week,ಪ್ರತಿ ವಾರ ಪುನರಾವರ್ತಿಸಿ,translated,
home.beacon.sheet.repeat_weekly_hint,Stay live on the same days + window without raising the beacon every day.,ಪ್ರತಿದಿನ ಬೀಕನ್ ಮೇಲೆತ್ತದೆ ಅದೇ ದಿನಗಳಲ್ಲಿ + ಸಮಯದಲ್ಲಿ ಲೈವ್ ಇರಿ.,translated,
home.beacon.sheet.from,FROM,ಇಂದ,translated,
home.beacon.sheet.to,TO,ವರೆಗೆ,translated,
home.beacon.sheet.format_hint,Format HH:MM (24h). The beacon goes live automatically inside this window on the picked days.,ಫಾರ್ಮ್ಯಾಟ್ HH:MM (24h). ಆಯ್ಕೆ ಮಾಡಿದ ದಿನಗಳಲ್ಲಿ ಈ ಅವಧಿಯೊಳಗೆ ಬೀಕನ್ ಸ್ವಯಂಚಾಲಿತವಾಗಿ ಲೈವ್ ಆಗುತ್ತದೆ.,translated,
home.beacon.sheet.broadcast_now,Broadcast now,ಈಗ ಪ್ರಸಾರ ಮಾಡಿ,translated,
home.beacon.sheet.update_beacon,Update beacon,ಬೀಕನ್ ನವೀಕರಿಸಿ,translated,
home.beacon.sheet.broadcasting,Broadcasting…,ಪ್ರಸಾರ ಮಾಡಲಾಗುತ್ತಿದೆ…,translated,
home.beacon.sheet.couldnt_publish_title,Couldn't publish,ಪ್ರಕಟಿಸಲು ಸಾಧ್ಯವಾಗಲಿಲ್ಲ,translated,
home.beacon.sheet.location_needed_error,We need your location to broadcast. Try again in a moment.,ಪ್ರಸಾರ ಮಾಡಲು ನಿಮ್ಮ ಸ್ಥಳ ಬೇಕು. ಕ್ಷಣದಲ್ಲಿ ಮತ್ತೊಮ್ಮೆ ಪ್ರಯತ್ನಿಸಿ.,translated,
home.beacon.sheet.broadcast_a11y,Broadcast availability,ಲಭ್ಯತೆಯನ್ನು ಪ್ರಸಾರ ಮಾಡಿ,translated,
home.beacon.sheet.duration_a11y_selected,"{{sub}}, selected","{{sub}}, ಆಯ್ಕೆಯಾಗಿದೆ",translated,
home.beacon.sheet.duration_a11y,{{sub}},{{sub}},translated,
home.beacon.sheet.trade_a11y_selected,"{{label}}, selected","{{label}}, ಆಯ್ಕೆಯಾಗಿದೆ",translated,
home.beacon.sheet.trade_a11y,{{label}},{{label}},translated,
home.beacon.sheet.day_a11y_selected,"Day {{n}}, selected","ದಿನ {{n}}, ಆಯ್ಕೆಯಾಗಿದೆ",translated,
home.beacon.sheet.day_a11y,Day {{n}},ದಿನ {{n}},translated,
home.beacon.sheet.hint_need_trade,Pick at least one type of work to broadcast.,ಪ್ರಸಾರ ಮಾಡಲು ಕನಿಷ್ಠ ಒಂದು ಕೆಲಸವನ್ನು ಆಯ್ಕೆಮಾಡಿ.,translated,
home.beacon.sheet.hint_need_day,Pick at least one day for the weekly schedule.,ಸಾಪ್ತಾಹಿಕ ವೇಳಾಪಟ್ಟಿಗೆ ಕನಿಷ್ಠ ಒಂದು ದಿನವನ್ನು ಆಯ್ಕೆಮಾಡಿ.,translated,
home.beacon.sheet.hint_need_wage,"Enter a wage amount, or turn off ""Name your wage"".",,MISSING — needs translation,
home.beacon.sheet.time_error,"Enter a valid window — HH:MM (24h), end after start.","ಸರಿಯಾದ ಸಮಯ ನಮೂದಿಸಿ — HH:MM (24h), ಅಂತ್ಯ ಆರಂಭದ ನಂತರ.",translated,
home.beacon.sheet.summary_ready,Ready — nearby employers will see you the moment you broadcast.,ಸಿದ್ಧ — ಪ್ರಸಾರ ಮಾಡಿದ ತಕ್ಷಣ ಹತ್ತಿರದ ಉದ್ಯೋಗದಾತರು ನಿಮ್ಮನ್ನು ನೋಡುತ್ತಾರೆ.,translated,
home.beacon.sheet.wage_title,OPEN SHIFT,,MISSING — needs translation,
home.beacon.sheet.wage_toggle_title,Name your wage,,MISSING — needs translation,
home.beacon.sheet.wage_toggle_hint,Turns this into a full open shift — nearby employers get notified.,,MISSING — needs translation,
home.beacon.sheet.wage_amount_label,Amount (₹),,MISSING — needs translation,
home.beacon.sheet.wage_period_label,Per,,MISSING — needs translation,
home.beacon.sheet.wage_period_hour,Hour,,MISSING — needs translation,
home.beacon.sheet.wage_period_day,Day,,MISSING — needs translation,
home.beacon.sheet.wage_period_week,Week,,MISSING — needs translation,
home.wage.eyebrow,LOCAL WAGE · LAST 30 DAYS,ಸ್ಥಳೀಯ ವೇತನ · ಕಳೆದ 30 ದಿನ,translated,
home.wage.headline,{{trade}}s in {{city}} earn {{range}} per day,{{city}} ನ {{trade}} ಗಳು ಪ್ರತಿ ದಿನ {{range}} ಗಳಿಸುತ್ತಾರೆ,translated,
home.wage.basis,Based on {{count}} live posts. Tap to see them →,{{count}} ಲೈವ್ ಪೋಸ್ಟ್‌ಗಳ ಆಧಾರದಲ್ಲಿ. ನೋಡಲು ಟ್ಯಾಪ್ ಮಾಡಿ →,translated,
home.recommended.title,✨ Recommended for you,✨ ನಿಮಗಾಗಿ ಶಿಫಾರಸು,translated,
home.recommended.subtitle,Based on your resume,ನಿಮ್ಮ ರೆಸ್ಯೂಮ್ ಆಧಾರದಲ್ಲಿ,translated,
home.recommended.fallback_employer,Employer,ಉದ್ಯೋಗದಾತ,translated,
home.recommended.urgent_pill,Urgent,ತುರ್ತು,translated,
home.recommended.women_safe_pill,Women-safe,ಮಹಿಳಾ ಸುರಕ್ಷಿತ,translated,
profile.menu.applications,My Applications,ನನ್ನ ಅರ್ಜಿಗಳು,translated,
profile.menu.applications_count_one,{{count}} application,{{count}} ಅರ್ಜಿ,translated,
profile.menu.applications_count_other,{{count}} applications,{{count}} ಅರ್ಜಿಗಳು,translated,
profile.menu.applications_empty,No applications yet,ಇನ್ನೂ ಅರ್ಜಿಗಳಿಲ್ಲ,translated,
profile.menu.my_jobs,My Jobs,ನನ್ನ ಕೆಲಸಗಳು,translated,
profile.menu.saved_count,{{count}} saved,{{count}} ಉಳಿಸಲಾಗಿದೆ,translated,
profile.menu.saved_empty,No saved jobs yet,ಇನ್ನೂ ಉಳಿಸಿದ ಕೆಲಸಗಳಿಲ್ಲ,translated,
profile.menu.earnings,My Earnings,ನನ್ನ ಗಳಿಕೆ,translated,
profile.menu.earnings_subtitle,Available with wallet,ವಾಲೆಟ್‌ನಲ್ಲಿ ಲಭ್ಯ,translated,
profile.menu.ratings,Ratings & Reviews,ರೇಟಿಂಗ್ ಮತ್ತು ವಿಮರ್ಶೆಗಳು,translated,
profile.menu.ratings_count,{{avg}} from {{count}} ratings,{{count}} ರೇಟಿಂಗ್‌ಗಳಿಂದ {{avg}},translated,
profile.menu.ratings_empty,No ratings yet,ಇನ್ನೂ ರೇಟಿಂಗ್‌ಗಳಿಲ್ಲ,translated,
profile.menu.job_alerts,Job Alerts,ಕೆಲಸದ ಅಲರ್ಟ್‌ಗಳು,translated,
profile.menu.job_alerts_subtitle,Get notified when matching jobs are posted,ಹೊಂದಾಣಿಕೆಯ ಕೆಲಸಗಳು ಪೋಸ್ಟ್ ಆದಾಗ ಸೂಚನೆ ಪಡೆಯಿರಿ,translated,
profile.menu.training,Training & courses,ತರಬೇತಿ ಮತ್ತು ಕೋರ್ಸ್‌ಗಳು,translated,
profile.menu.training_subtitle,Earn badges that show on your resume,ನಿಮ್ಮ ರೆಸ್ಯೂಮ್‌ನಲ್ಲಿ ತೋರುವ ಬ್ಯಾಡ್ಜ್‌ಗಳನ್ನು ಗಳಿಸಿ,translated,
profile.menu.skill_tests,Skill tests,ಕೌಶಲ ಪರೀಕ್ಷೆಗಳು,translated,
profile.menu.skill_tests_subtitle,"Prove your trade — 5 questions, 4 to pass","ನಿಮ್ಮ ವೃತ್ತಿಯನ್ನು ಸಾಬೀತುಪಡಿಸಿ — 5 ಪ್ರಶ್ನೆಗಳು, 4 ಪಾಸಾಗಲು",translated,
profile.menu.referrals,Referral credit,ರೆಫರಲ್ ಕ್ರೆಡಿಟ್,translated,
profile.menu.referrals_empty,Share jobs · earn ₹100 per hire,ಕೆಲಸಗಳನ್ನು ಹಂಚಿಕೊಳ್ಳಿ · ಪ್ರತಿ ನೇಮಕಾತಿಗೆ ₹100 ಗಳಿಸಿ,translated,
profile.menu.downloads,Download Center,ಡೌನ್‌ಲೋಡ್ ಕೇಂದ್ರ,translated,
profile.menu.downloads_subtitle,Saved posts and offline content,ಉಳಿಸಿದ ಪೋಸ್ಟ್‌ಗಳು ಮತ್ತು ಆಫ್‌ಲೈನ್ ವಿಷಯ,translated,
profile.menu.settings,Settings,ಸೆಟ್ಟಿಂಗ್‌ಗಳು,translated,
profile.menu.settings_subtitle,"Language, notifications, theme","ಭಾಷೆ, ಸೂಚನೆಗಳು, ಥೀಮ್",translated,
profile.menu.my_job_subtitle,"Attendance, shifts and payslips","ಹಾಜರಿ, ಶಿಫ್ಟ್‌ಗಳು ಮತ್ತು ವೇತನ ಸ್ಲಿಪ್‌ಗಳು",translated,
profile.menu.edit_profile,Edit Profile Details,ಪ್ರೊಫೈಲ್ ಬದಲಾಯಿಸಿ,translated,
profile.menu.edit_profile_subtitle,"Name, bio, experience, availability","ಹೆಸರು, ಬಯೋ, ಅನುಭವ, ಲಭ್ಯತೆ",translated,
profile.sections.activity,ACTIVITY,ಚಟುವಟಿಕೆ,translated,
profile.sections.account,ACCOUNT,ಖಾತೆ,translated,
profile.sections.resume,RESUME,ರೆಸ್ಯೂಮ್,translated,
profile.sections.skills,SKILLS,ಕೌಶಲ್ಯಗಳು,translated,
profile.sections.expected_salary,EXPECTED SALARY,ನಿರೀಕ್ಷಿತ ಸಂಬಳ,translated,
profile.sections.skills_gap,SKILLS GAP NEAR YOU,ನಿಮ್ಮ ಸಮೀಪದ ಕೌಶಲ್ಯ ಅಂತರ,translated,
settings.title,Settings,ಸೆಟ್ಟಿಂಗ್‌ಗಳು,translated,
settings.language,Language,ಭಾಷೆ,translated,
settings.language_hint,Saved on this device. Changes apply immediately.,ಈ ಡಿವೈಸ್‌ನಲ್ಲಿ ಉಳಿಸಲಾಗಿದೆ. ಕೂಡಲೇ ಅನ್ವಯವಾಗುತ್ತದೆ.,translated,
settings.notifications,Notifications,ಸೂಚನೆಗಳು,translated,
settings.push_notifications,Push notifications,ಪುಶ್ ಸೂಚನೆಗಳು,translated,
settings.push_notifications_hint,"Applications, messages, ratings","ಅರ್ಜಿಗಳು, ಸಂದೇಶಗಳು, ರೇಟಿಂಗ್‌ಗಳು",translated,
settings.appearance,Appearance,ರೂಪ,translated,
settings.appearance_light,Light,ಬೆಳಕು,translated,
settings.appearance_dark,Dark,ಗಾಢ,translated,
settings.appearance_system,Use system setting,ಸಿಸ್ಟಮ್ ಸೆಟ್ಟಿಂಗ್ ಬಳಸಿ,translated,
settings.appearance_hint,The seeker side keeps its blue palette regardless — this affects employer screens and shared modals.,ಸೀಕರ್ ಕಡೆಯ ನೀಲಿ ಪ್ಯಾಲೆಟ್ ಬದಲಾಗದು — ಇದು ಉದ್ಯೋಗದಾತ ಸ್ಕ್ರೀನ್‌ಗಳ ಮೇಲೆ ಪರಿಣಾಮ ಬೀರುತ್ತದೆ.,translated,
settings.safety,Safety,ಸುರಕ್ಷತೆ,translated,
settings.sos_label,Safety SOS,ಸುರಕ್ಷತಾ SOS,translated,
settings.sos_value,Set up emergency contact,ತುರ್ತು ಸಂಪರ್ಕ ಹೊಂದಿಸಿ,translated,
settings.sos_hint,One-tap help to a trusted contact if you ever feel unsafe at work.,ಕೆಲಸದಲ್ಲಿ ಅಸುರಕ್ಷಿತ ಭಾವಿಸಿದರೆ ಒಂದು ಟ್ಯಾಪ್‌ನಿಂದ ನಂಬಿಕಸ್ಥ ವ್ಯಕ್ತಿಗೆ ಸಹಾಯ ಕೇಳಿ.,translated,
settings.account,Account,ಖಾತೆ,translated,
settings.email,Email,ಇಮೇಲ್,translated,
settings.email_change_title,Change email,ಇಮೇಲ್ ಬದಲಾಯಿಸಿ,translated,
settings.email_change_body,Email changes require verification — coming soon.,ಇಮೇಲ್ ಬದಲಾವಣೆಗೆ ಪರಿಶೀಲನೆ ಬೇಕು — ಶೀಘ್ರವೇ ಬರಲಿದೆ.,translated,
settings.sign_out,Sign out,ಸೈನ್ ಔಟ್,translated,
settings.sign_out_confirm_title,Sign out?,ಸೈನ್ ಔಟ್ ಮಾಡಲೇ?,translated,
settings.sign_out_confirm_body,You'll need to sign in again to use Doondo.,Doondo ಬಳಸಲು ಮತ್ತೆ ಸೈನ್ ಇನ್ ಮಾಡಬೇಕಾಗುತ್ತದೆ.,translated,
settings.delete_account,Delete account,ಖಾತೆ ಅಳಿಸಿ,translated,
settings.delete_confirm_title,Delete your account?,ನಿಮ್ಮ ಖಾತೆಯನ್ನು ಅಳಿಸಲೇ?,translated,
settings.delete_confirm_body,"This is permanent — all your applications, ratings, and chats will be erased. We're still building the in-app delete; email support@doondo.app to delete your account today.","ಇದು ಶಾಶ್ವತ — ನಿಮ್ಮ ಎಲ್ಲಾ ಅರ್ಜಿಗಳು, ರೇಟಿಂಗ್‌ಗಳು ಮತ್ತು ಚಾಟ್‌ಗಳು ಅಳಿಸಿಹೋಗುತ್ತವೆ. ಪ್ರಸ್ತುತ support@doondo.app ಗೆ ಇಮೇಲ್ ಕಳುಹಿಸಿ.",translated,
settings.email_support,Email support,ಬೆಂಬಲಕ್ಕೆ ಇಮೇಲ್,translated,
settings.email_support_body,Send a delete request to support@doondo.app from the address on your account.,ನಿಮ್ಮ ಖಾತೆಯ ಇಮೇಲ್‌ನಿಂದ support@doondo.app ಗೆ ಖಾತೆ ಅಳಿಸುವ ವಿನಂತಿ ಕಳುಹಿಸಿ.,translated,
signup.header,Create account,ಖಾತೆ ರಚಿಸಿ,translated,
signup.title,Join Doondo,Doondo ಗೆ ಸೇರಿ,translated,
signup.name,Name,ಹೆಸರು,translated,
signup.name_for_worker,Worker's name,,MISSING — needs translation,
signup.email,Email,ಇಮೇಲ್,translated,
signup.password,Password,ಪಾಸ್‌ವರ್ಡ್,translated,
signup.phone,Phone,ಫೋನ್,translated,
signup.phone_for_worker,Worker's phone,,MISSING — needs translation,
signup.phone_helper,Used to reset your password if you forget it.,,MISSING — needs translation,
signup.phone_for_worker_helper,The worker's number — employers will call here.,,MISSING — needs translation,
signup.assisted_toggle_label,Setting this up for someone else?,,MISSING — needs translation,
signup.assisted_toggle_hint,Common for family members helping a worker who can't use the app alone.,,MISSING — needs translation,
signup.submit,Create account,ಖಾತೆ ರಚಿಸಿ,translated,
signup.submitting,Creating account…,,MISSING — needs translation,
jobs.greeting.still_up,STILL UP,ಇನ್ನೂ ಎಚ್ಚರ,translated,
jobs.greeting.good_morning,GOOD MORNING,ಶುಭೋದಯ,translated,
jobs.greeting.good_afternoon,GOOD AFTERNOON,ಶುಭ ಮಧ್ಯಾಹ್ನ,translated,
jobs.greeting.good_evening,GOOD EVENING,ಶುಭ ಸಂಜೆ,translated,
jobs.greeting.good_night,GOOD NIGHT,ಶುಭ ರಾತ್ರಿ,translated,
jobs.greeting.hello_named,"Hello, {{name}} ","ನಮಸ್ಕಾರ, {{name}} ",translated,
jobs.greeting.hello_there,Hello there ,ನಮಸ್ಕಾರ ,translated,
jobs.subtitle.find_gig,Find your next gig nearby.,ಹತ್ತಿರದಲ್ಲಿ ನಿಮ್ಮ ಮುಂದಿನ ಗಿಗ್ ಹುಡುಕಿ.,translated,
jobs.subtitle.within_km_of_you,Within {{km}} km of you,ನಿಮ್ಮ ಸುತ್ತಲಿನ {{km}} ಕಿಮೀ,translated,
jobs.subtitle.within_km_of_your_area,Within {{km}} km of your area,ನಿಮ್ಮ ಪ್ರದೇಶದ {{km}} ಕಿಮೀ ಒಳಗೆ,translated,
jobs.subtitle.demo_location,Demo location — turn on GPS to see your area,ಡೆಮೋ ಸ್ಥಳ — ನಿಮ್ಮ ಪ್ರದೇಶ ನೋಡಲು GPS ಆನ್ ಮಾಡಿ,translated,
jobs.subtitle.within_km_of_place,Within {{km}} km of {{place}},{{place}} ನಿಂದ {{km}} ಕಿಮೀ ಒಳಗೆ,translated,
jobs.job_count_one,{{count}} job,{{count}} ಕೆಲಸ,translated,
jobs.job_count_other,{{count}} jobs,{{count}} ಕೆಲಸಗಳು,translated,
jobs.view.list,List,ಪಟ್ಟಿ,translated,
jobs.view.map,Map,ನಕ್ಷೆ,translated,
jobs.search.placeholder,"Search by skill, title, company","ಕೌಶಲ, ಶೀರ್ಷಿಕೆ ಅಥವಾ ಕಂಪನಿ ಹುಡುಕಿ",translated,
jobs.sections.distance,DISTANCE,ದೂರ,translated,
jobs.sections.recommended_for_you,Recommended for you,ನಿಮಗಾಗಿ ಶಿಫಾರಸು,translated,
jobs.sections.see_all_arrow,See all →,ಎಲ್ಲ ನೋಡಿ →,translated,
jobs.filters.all,All,ಎಲ್ಲ,translated,
jobs.filters.women_safe_only,Women-safe only,ಮಹಿಳಾ ಸುರಕ್ಷಿತ ಮಾತ್ರ,translated,
jobs.km_chip,{{km}} km,{{km}} ಕಿಮೀ,translated,
jobs.empty.eyebrow,QUIET HERE,ಇಲ್ಲಿ ಶಾಂತ,translated,
jobs.empty.title,No jobs in this radius yet,ಈ ವ್ಯಾಪ್ತಿಯಲ್ಲಿ ಇನ್ನೂ ಕೆಲಸಗಳಿಲ್ಲ,translated,
jobs.empty.message,Try widening the area or check back in a bit — new posts land throughout the day.,ವ್ಯಾಪ್ತಿ ಹೆಚ್ಚಿಸಿ ಪ್ರಯತ್ನಿಸಿ ಅಥವಾ ಸ್ವಲ್ಪ ಸಮಯದ ನಂತರ ಮತ್ತೆ ಪರಿಶೀಲಿಸಿ — ದಿನವಿಡೀ ಹೊಸ ಪೋಸ್ಟ್‌ಗಳು ಬರುತ್ತವೆ.,translated,
jobs.apply_alert.title,Applied,ಅರ್ಜಿ ಸಲ್ಲಿಸಲಾಗಿದೆ,translated,
jobs.apply_alert.couldnt_apply_title,Couldn't apply,ಅರ್ಜಿ ಸಲ್ಲಿಸಲು ಸಾಧ್ಯವಾಗಲಿಲ್ಲ,translated,
jobs.apply_alert.please_try_again,Please try again.,ದಯವಿಟ್ಟು ಮತ್ತೊಮ್ಮೆ ಪ್ರಯತ್ನಿಸಿ.,translated,
jobs.mass_apply.applied_one,{{count}} application sent.,{{count}} ಅರ್ಜಿ ಕಳುಹಿಸಲಾಗಿದೆ.,translated,
jobs.mass_apply.applied_other,{{count}} applications sent.,{{count}} ಅರ್ಜಿಗಳು ಕಳುಹಿಸಲಾಗಿದೆ.,translated,
jobs.mass_apply.already_one,{{count}} you'd already applied to.,{{count}} ಗೆ ನೀವು ಈಗಾಗಲೇ ಅರ್ಜಿ ಸಲ್ಲಿಸಿದ್ದೀರಿ.,translated,
jobs.mass_apply.already_other,{{count}} you'd already applied to.,{{count}} ಗಳಿಗೆ ನೀವು ಈಗಾಗಲೇ ಅರ್ಜಿ ಸಲ್ಲಿಸಿದ್ದೀರಿ.,translated,
jobs.mass_apply.closed_one,{{count}} closed before we could send.,ಕಳುಹಿಸುವ ಮೊದಲು {{count}} ಮುಚ್ಚಲಾಗಿತ್ತು.,translated,
jobs.mass_apply.closed_other,{{count}} closed before we could send.,ಕಳುಹಿಸುವ ಮೊದಲು {{count}} ಮುಚ್ಚಲಾಗಿತ್ತು.,translated,
jobs.mass_apply.missing_one,{{count}} no longer available.,{{count}} ಇನ್ನು ಲಭ್ಯವಿಲ್ಲ.,translated,
jobs.mass_apply.missing_other,{{count}} no longer available.,{{count}} ಇನ್ನು ಲಭ್ಯವಿಲ್ಲ.,translated,
jobs.mass_apply.failed_one,{{count}} couldn't be sent — please try again.,{{count}} ಕಳುಹಿಸಲು ಸಾಧ್ಯವಾಗಲಿಲ್ಲ — ದಯವಿಟ್ಟು ಮತ್ತೊಮ್ಮೆ ಪ್ರಯತ್ನಿಸಿ.,translated,
jobs.mass_apply.failed_other,{{count}} couldn't be sent — please try again.,{{count}} ಕಳುಹಿಸಲು ಸಾಧ್ಯವಾಗಲಿಲ್ಲ — ದಯವಿಟ್ಟು ಮತ್ತೊಮ್ಮೆ ಪ್ರಯತ್ನಿಸಿ.,translated,
jobs.mass_apply.none_sent,No applications sent.,ಯಾವುದೇ ಅರ್ಜಿಗಳು ಕಳುಹಿಸಲ್ಪಡಲಿಲ್ಲ.,translated,
jobs.card.urgent,Urgent,ತುರ್ತು,translated,
jobs.card.women_safe,Women-safe,ಮಹಿಳಾ ಸುರಕ್ಷಿತ,translated,
jobs.card.verified,Verified,ಪರಿಶೀಲಿತ,translated,
jobs.card.default_employer,Doondo Employer,Doondo ಉದ್ಯೋಗದಾತ,translated,
jobs.card.time.just_now,just now,ಈಗ,translated,
jobs.card.time.minutes_ago,{{m}}m ago,{{m}} ನಿಮಿಷ ಮುಂಚೆ,translated,
jobs.card.time.hours_ago,{{h}}h ago,{{h}} ಗಂಟೆ ಮುಂಚೆ,translated,
jobs.card.time.days_ago,{{d}}d ago,{{d}} ದಿನ ಮುಂಚೆ,translated,
jobs.selection.cancel,Cancel,ರದ್ದು,translated,
jobs.selection.count_selected,{{count}} selected,{{count}} ಆಯ್ಕೆಯಾಗಿದೆ,translated,
jobs.selection.long_press_hint,Long-press to add or remove,ಸೇರಿಸಲು ಅಥವಾ ತೆಗೆಯಲು ಹಿಡಿಯಿರಿ,translated,
jobs.selection.applying,Applying…,ಅರ್ಜಿ ಸಲ್ಲಿಸಲಾಗುತ್ತಿದೆ…,translated,
jobs.selection.apply_to_count,Apply to {{count}},{{count}} ಗೆ ಅರ್ಜಿ ಸಲ್ಲಿಸಿ,translated,
jobs.swipe.title,Same-day swipe,ಇಂದಿನ ಸ್ವೈಪ್,translated,
jobs.swipe.hint,Swipe right to express interest · left to skip · up to save,ಆಸಕ್ತಿ ತೋರಿಸಲು ಬಲಕ್ಕೆ ಸ್ವೈಪ್ ಮಾಡಿ · ಬಿಡಲು ಎಡಕ್ಕೆ · ಉಳಿಸಲು ಮೇಲಕ್ಕೆ,translated,
jobs.swipe.empty_eyebrow,THAT'S ALL,ಅಷ್ಟೇ,translated,
jobs.swipe.empty_title,No more jobs today,ಇಂದು ಇನ್ನು ಯಾವುದೇ ಕೆಲಸಗಳಿಲ್ಲ,translated,
jobs.swipe.empty_message,"Try the full list, or come back later — new urgent posts land throughout the day.",ಪೂರ್ಣ ಪಟ್ಟಿ ಪ್ರಯತ್ನಿಸಿ ಅಥವಾ ನಂತರ ಬನ್ನಿ — ದಿನವಿಡೀ ಹೊಸ ತುರ್ತು ಪೋಸ್ಟ್‌ಗಳು ಬರುತ್ತವೆ.,translated,
jobs.swipe.tap_for_details,Tap to see full details,ಪೂರ್ಣ ವಿವರಗಳಿಗಾಗಿ ಟ್ಯಾಪ್ ಮಾಡಿ,translated,
jobs.swipe.fallback_employer,Employer,ಉದ್ಯೋಗದಾತ,translated,
jobs.swipe.overlay_interested,INTERESTED,ಆಸಕ್ತಿ,translated,
jobs.swipe.overlay_skip,SKIP,ಬಿಡಿ,translated,
jobs.swipe.overlay_save,SAVE,ಉಳಿಸಿ,translated,
jobs.swipe.entry_title,Same-day swipe,ಅದೇ ದಿನದ ಸ್ವೈಪ್,translated,
jobs.swipe.entry_subtitle,Swipe through today's urgent jobs,ಇಂದಿನ ತುರ್ತು ಕೆಲಸಗಳನ್ನು ಸ್ವೈಪ್ ಮಾಡಿ,translated,
jobs.change_location,Change,ಬದಲಾಯಿಸಿ,translated,
jobs.no_jobs_in_place.title,No jobs in {{place}} yet,{{place}} ನಲ್ಲಿ ಇನ್ನೂ ಯಾವುದೇ ಕೆಲಸವಿಲ್ಲ,translated,
jobs.no_jobs_in_place.message,"Try a wider distance, or get notified when a job opens here.","ಹೆಚ್ಚಿನ ದೂರವನ್ನು ಪ್ರಯತ್ನಿಸಿ, ಅಥವಾ ಇಲ್ಲಿ ಕೆಲಸ ತೆರೆದಾಗ ಸೂಚನೆ ಪಡೆಯಿರಿ.",translated,
jobs.no_jobs_in_place.notify,Notify me,ನನಗೆ ತಿಳಿಸಿ,translated,
jobs.clear_location,Clear location,ಸ್ಥಳವನ್ನು ತೆರವುಗೊಳಿಸಿ,translated,
jobs.hiring_requests_banner.title_one,{{count}} employer wants to hire you,{{count}} ಉದ್ಯೋಗದಾತ ನಿಮ್ಮನ್ನು ನೇಮಿಸಿಕೊಳ್ಳಲು ಬಯಸುತ್ತಾರೆ,translated,
jobs.hiring_requests_banner.title_other,{{count}} employers want to hire you,{{count}} ಉದ್ಯೋಗದಾತರು ನಿಮ್ಮನ್ನು ನೇಮಿಸಿಕೊಳ್ಳಲು ಬಯಸುತ್ತಾರೆ,translated,
jobs.hiring_requests_banner.subtitle,Tap to view and respond,ನೋಡಲು ಮತ್ತು ಪ್ರತಿಕ್ರಿಯಿಸಲು ಟ್ಯಾಪ್ ಮಾಡಿ,translated,
job_detail.report_wage_issue_cta,Report a wage issue,,MISSING — needs translation,
job_detail.apply_now,Apply Now,ಈಗ ಅರ್ಜಿ ಸಲ್ಲಿಸಿ,translated,
job_detail.applied,Applied ✓,ಅರ್ಜಿ ಸಲ್ಲಿಸಲಾಗಿದೆ ✓,translated,
job_detail.im_interested,✋ I'm interested,✋ ನನಗೆ ಆಸಕ್ತಿ ಇದೆ,translated,
job_detail.interest_sent,✓ Interest sent,✓ ಆಸಕ್ತಿ ಕಳುಹಿಸಲಾಗಿದೆ,translated,
job_detail.sending,Sending…,ಕಳುಹಿಸಲಾಗುತ್ತಿದೆ…,translated,
job_detail.call_employer,📞 Call employer,📞 ಉದ್ಯೋಗದಾತರಿಗೆ ಕರೆ,translated,
job_detail.cover_letter,Cover letter,ಕವರ್ ಲೆಟರ್,translated,
job_detail.cover_letter_optional,optional,ಐಚ್ಛಿಕ,translated,
job_detail.cover_letter_hint,Tell the employer why you're the right person.,ನೀವೇ ಸರಿಯಾದ ವ್ಯಕ್ತಿ ಎಂದು ಉದ್ಯೋಗದಾತರಿಗೆ ತಿಳಿಸಿ.,translated,
job_detail.header_title,Job Details,ಕೆಲಸದ ವಿವರಗಳು,translated,
job_detail.header.share_a11y,Share this job,ಈ ಕೆಲಸವನ್ನು ಹಂಚಿಕೊಳ್ಳಿ,translated,
job_detail.header.save_offline_a11y,Save for offline,ಆಫ್‌ಲೈನ್‌ಗಾಗಿ ಉಳಿಸಿ,translated,
job_detail.header.remove_offline_a11y,Remove from offline,ಆಫ್‌ಲೈನ್‌ನಿಂದ ತೆಗೆಯಿರಿ,translated,
job_detail.load_error.eyebrow,UNAVAILABLE,ಲಭ್ಯವಿಲ್ಲ,translated,
job_detail.load_error.title,Couldn't load this job,ಈ ಕೆಲಸ ಲೋಡ್ ಆಗಲಿಲ್ಲ,translated,
job_detail.load_error.message,"It may have been removed, or your connection dropped.",ಇದನ್ನು ತೆಗೆದುಹಾಕಿರಬಹುದು ಅಥವಾ ನಿಮ್ಮ ಸಂಪರ್ಕ ಕಡಿತಗೊಂಡಿರಬಹುದು.,translated,
job_detail.load_error.close,Close,ಮುಚ್ಚಿ,translated,
job_detail.share.urgent_line,⚡ Urgent — start soon,⚡ ತುರ್ತು — ಶೀಘ್ರ ಆರಂಭ,translated,
job_detail.share.see_apply,See and apply on Doondo:,Doondo ನಲ್ಲಿ ನೋಡಿ ಮತ್ತು ಅರ್ಜಿ ಸಲ್ಲಿಸಿ:,translated,
job_detail.share.referral_bonus,"💰 If you get hired, I earn a ₹100 referral bonus.",💰 ನೀವು ನೇಮಕವಾದರೆ ನಾನು ₹100 ರೆಫರಲ್ ಬೋನಸ್ ಗಳಿಸುತ್ತೇನೆ.,translated,
job_detail.section.description,Job Description,ಕೆಲಸದ ವಿವರಣೆ,translated,
job_detail.section.requirements,Requirements,ಅವಶ್ಯಕತೆಗಳು,translated,
job_detail.cover_letter_field.placeholder,e.g. I have 4 years of office admin experience and I can start immediately. Comfortable with Tally and Excel.,ಉದಾ. ನನಗೆ 4 ವರ್ಷಗಳ ಆಫೀಸ್ ಅಡ್ಮಿನ್ ಅನುಭವವಿದೆ ಮತ್ತು ತಕ್ಷಣ ಆರಂಭಿಸಬಲ್ಲೆ. Tally ಮತ್ತು Excel ಬಗ್ಗೆ ಆರಾಮವಾಗಿದ್ದೇನೆ.,translated,
job_detail.cover_letter_field.chars_remaining,{{n}} characters left,{{n}} ಅಕ್ಷರಗಳು ಬಾಕಿ,translated,
job_detail.work_mode.remote,Fully remote,ಪೂರ್ಣ ರಿಮೋಟ್,translated,
job_detail.work_mode.hybrid,Hybrid (some days at home),ಹೈಬ್ರಿಡ್ (ಕೆಲವು ದಿನ ಮನೆಯಿಂದ),translated,
job_detail.urgent_pill,Urgent,ತುರ್ತು,translated,
job_detail.project_pill,{{days}}-day project · {{start}} → {{end}},,MISSING — needs translation,
job_detail.applied_card.applied_sent_title,Application sent,ಅರ್ಜಿ ಕಳುಹಿಸಲಾಗಿದೆ,translated,
job_detail.applied_card.interest_sent_title,Interest sent,ಆಸಕ್ತಿ ಕಳುಹಿಸಲಾಗಿದೆ,translated,
job_detail.applied_card.applied_sent_message,Track its status in the Applications tab.,Applications ಟ್ಯಾಬ್‌ನಲ್ಲಿ ಸ್ಥಿತಿ ಟ್ರ್ಯಾಕ್ ಮಾಡಿ.,translated,
job_detail.applied_card.interest_sent_message,You can call the employer now — they're expecting to hear from you.,ಈಗ ಉದ್ಯೋಗದಾತರಿಗೆ ಕರೆ ಮಾಡಬಹುದು — ಅವರು ನಿಮ್ಮ ಕರೆಗಾಗಿ ಕಾಯುತ್ತಿದ್ದಾರೆ.,translated,
job_detail.applied_card.offline_queued_title,Saved on your phone,ನಿಮ್ಮ ಫೋನ್‌ನಲ್ಲಿ ಉಳಿಸಲಾಗಿದೆ,translated,
job_detail.applied_card.offline_queued_message,You're offline right now. We've saved your application — it will be sent automatically the moment you're back online.,ನೀವು ಈಗ ಆಫ್‌ಲೈನ್‌ನಲ್ಲಿದ್ದೀರಿ. ನಾವು ನಿಮ್ಮ ಅರ್ಜಿಯನ್ನು ಉಳಿಸಿದ್ದೇವೆ — ಇಂಟರ್ನೆಟ್ ಬಂದ ತಕ್ಷಣ ಇದು ಸ್ವಯಂಚಾಲಿತವಾಗಿ ಕಳುಹಿಸಲ್ಪಡುತ್ತದೆ.,translated,
job_detail.errors.already_applied,You already applied to this job.,ನೀವು ಈ ಕೆಲಸಕ್ಕೆ ಈಗಾಗಲೇ ಅರ್ಜಿ ಸಲ್ಲಿಸಿದ್ದೀರಿ.,translated,
job_detail.errors.already_interested,You've already shown interest in this job.,ನೀವು ಈ ಕೆಲಸದಲ್ಲಿ ಈಗಾಗಲೇ ಆಸಕ್ತಿ ತೋರಿಸಿದ್ದೀರಿ.,translated,
job_detail.errors.job_not_open,This job is no longer accepting applications.,ಈ ಕೆಲಸ ಇನ್ನು ಅರ್ಜಿಗಳನ್ನು ಸ್ವೀಕರಿಸುತ್ತಿಲ್ಲ.,translated,
job_detail.errors.generic,Something went wrong.,ಏನೋ ತಪ್ಪಾಯಿತು.,translated,
job_detail.cta_a11y.apply_now,Apply Now,ಈಗ ಅರ್ಜಿ ಸಲ್ಲಿಸಿ,translated,
job_detail.cta_a11y.im_interested,I'm interested,ನನಗೆ ಆಸಕ್ತಿ ಇದೆ,translated,
job_detail.save.save_a11y,Save job,ಕೆಲಸ ಉಳಿಸಿ,translated,
job_detail.save.unsave_a11y,Unsave job,ಕೆಲಸ ಉಳಿಸುವುದನ್ನು ರದ್ದುಮಾಡಿ,translated,
job_detail.team.applying_as_team,Applying as a team of {{count}},{{count}} ಜನರ ತಂಡವಾಗಿ ಅರ್ಜಿ ಸಲ್ಲಿಸುತ್ತಿದ್ದೀರಿ,translated,
job_detail.team.add_teammates_hint,Add your teammates so the employer knows who's coming.,ಯಾರು ಬರುತ್ತಿದ್ದಾರೆ ಎಂದು ಉದ್ಯೋಗದಾತರಿಗೆ ತಿಳಿಯಲು ನಿಮ್ಮ ಸಹವರ್ತಿಗಳನ್ನು ಸೇರಿಸಿ.,translated,
job_detail.team.teammate_name_placeholder,Teammate {{n}} name,ಸಹವರ್ತಿ {{n}} ಹೆಸರು,translated,
job_detail.team.phone_placeholder,+91 9876543210,+91 9876543210,translated,
job_detail.team.add_teammate_btn,+ Add teammate,+ ಸಹವರ್ತಿಯನ್ನು ಸೇರಿಸಿ,translated,
job_detail.team.max_teammates_msg,Max {{cap}} teammates (you make {{team}}).,ಗರಿಷ್ಠ {{cap}} ಸಹವರ್ತಿಗಳು (ನೀವು {{team}} ಆಗಿಸುತ್ತೀರಿ).,translated,
job_detail.audio.voice_unsupported,Voice description ({{duration}}) — playback not supported on this build.,ಧ್ವನಿ ವಿವರಣೆ ({{duration}}) — ಈ ಬಿಲ್ಡ್‌ನಲ್ಲಿ ಪ್ಲೇಬ್ಯಾಕ್ ಬೆಂಬಲಿತವಲ್ಲ.,translated,
job_detail.audio.voice_listen,Listen to job description ({{duration}}),ಕೆಲಸದ ವಿವರಣೆಯನ್ನು ಕೇಳಿ ({{duration}}),translated,
job_detail.audio.voice_playing,Playing… {{elapsed}} / {{duration}},ಪ್ಲೇ ಆಗುತ್ತಿದೆ… {{elapsed}} / {{duration}},translated,
job_detail.audio.play_a11y,Play voice description,ಧ್ವನಿ ವಿವರಣೆ ಪ್ಲೇ ಮಾಡಿ,translated,
job_detail.audio.pause_a11y,Pause voice description,ಧ್ವನಿ ವಿವರಣೆ ವಿರಾಮಗೊಳಿಸಿ,translated,
job_detail.call.opening_dialer,Opening dialer…,ಡಯಲರ್ ತೆರೆಯಲಾಗುತ್ತಿದೆ…,translated,
job_detail.call.call_employer,📞 Call employer,📞 ಉದ್ಯೋಗದಾತರಿಗೆ ಕರೆ,translated,
job_detail.call.call_a11y,Call the employer,ಉದ್ಯೋಗದಾತರಿಗೆ ಕರೆ ಮಾಡಿ,translated,
job_detail.call.couldnt_call_title,Couldn't call,ಕರೆ ಮಾಡಲು ಸಾಧ್ಯವಾಗಲಿಲ್ಲ,translated,
job_detail.call.couldnt_call_body,The employer hasn't added a phone number yet. Try messaging them in chat.,ಉದ್ಯೋಗದಾತರು ಇನ್ನೂ ಫೋನ್ ಸಂಖ್ಯೆ ಸೇರಿಸಿಲ್ಲ. ಚಾಟ್‌ನಲ್ಲಿ ಸಂದೇಶ ಕಳುಹಿಸಲು ಪ್ರಯತ್ನಿಸಿ.,translated,
job_detail.call.couldnt_open_dialer,Couldn't open dialer,ಡಯಲರ್ ತೆರೆಯಲು ಸಾಧ್ಯವಾಗಲಿಲ್ಲ,translated,
job_detail.call.their_number_is,Their number is {{phone}},ಅವರ ಸಂಖ್ಯೆ {{phone}},translated,
job_detail.call.not_available_yet,Not available yet,ಇನ್ನೂ ಲಭ್ಯವಿಲ್ಲ,translated,
job_detail.call.couldnt_reveal,Couldn't reveal contact.,ಸಂಪರ್ಕ ತೋರಿಸಲಾಗಲಿಲ್ಲ.,translated,
job_detail.pay_transparency.headline,Typical pay for {{type}} in {{city}}: ₹{{p25}}–{{p75}}{{period}},{{city}} ನಲ್ಲಿ {{type}} ಗೆ ಸಾಮಾನ್ಯ ವೇತನ: ₹{{p25}}–{{p75}}{{period}},translated,
job_detail.pay_transparency.below_typical,• Below typical range,• ಸಾಮಾನ್ಯಕ್ಕಿಂತ ಕಡಿಮೆ,translated,
job_detail.pay_transparency.above_typical,• Above typical range,• ಸಾಮಾನ್ಯಕ್ಕಿಂತ ಹೆಚ್ಚು,translated,
job_detail.pay_transparency.type_full_time,full-time roles,ಪೂರ್ಣ ಸಮಯದ ಪಾತ್ರಗಳು,translated,
job_detail.pay_transparency.type_part_time,part-time roles,ಅರೆ ಸಮಯದ ಪಾತ್ರಗಳು,translated,
job_detail.pay_transparency.type_gig,gigs,ಗಿಗ್‌ಗಳು,translated,
job_detail.pay_transparency.type_shift,shift work,ಶಿಫ್ಟ್ ಕೆಲಸ,translated,
job_detail.pay_transparency.type_contract,contracts,ಒಪ್ಪಂದಗಳು,translated,
job_detail.pay_transparency.period_hour, / hr, / ಗಂಟೆ,translated,
job_detail.pay_transparency.period_day, / day, / ದಿನ,translated,
job_detail.pay_transparency.period_week, / wk, / ವಾರ,translated,
job_detail.pay_transparency.period_month, / mo, / ತಿಂಗಳು,translated,
job_detail.pay_transparency.period_fixed, (one-time), (ಒಂದು ಬಾರಿ),translated,
job_detail.distance_away_m,{{n}} m away,{{n}} ಮೀ ದೂರ,translated,
job_detail.distance_away_km,{{n}} km away,{{n}} ಕಿಮೀ ದೂರ,translated,
job_detail.schedule_hours,{{n}} hr/day,{{n}} ಗಂಟೆ/ದಿನ,translated,
profile_screen.switch_account_a11y,Switch account,ಖಾತೆ ಬದಲಾಯಿಸಿ,translated,
profile_screen.verified_worker,✓ Verified Worker,✓ ಪರಿಶೀಲಿತ ಕಾರ್ಮಿಕ,translated,
profile_screen.rated_count,· {{count}} rated,· {{count}} ರೇಟಿಂಗ್‌ಗಳು,translated,
profile_screen.member_since,Member since {{when}},{{when}} ರಿಂದ ಸದಸ್ಯ,translated,
profile_screen.profile_completion_label,PROFILE COMPLETION,ಪ್ರೊಫೈಲ್ ಪೂರ್ಣಗೊಳಿಸುವಿಕೆ,translated,
profile_screen.update_photo_failed,Failed to update photo,ಫೋಟೋ ನವೀಕರಿಸಲು ವಿಫಲ,translated,
profile_screen.could_not_prepare_photo,Could not prepare that photo — try a different image.,ಆ ಫೋಟೋವನ್ನು ಸಿದ್ಧಪಡಿಸಲಾಗಲಿಲ್ಲ — ಬೇರೆ ಚಿತ್ರ ಪ್ರಯತ್ನಿಸಿ.,translated,
profile_screen.edit_salary_a11y,Edit expected salary,ನಿರೀಕ್ಷಿತ ಸಂಬಳ ಸಂಪಾದಿಸಿ,translated,
profile_screen.ratings_banner.title_one,Rate your last employer,ನಿಮ್ಮ ಕೊನೆಯ ಉದ್ಯೋಗದಾತರಿಗೆ ರೇಟ್ ಮಾಡಿ,translated,
profile_screen.ratings_banner.title_other,{{count}} ratings pending,{{count}} ರೇಟಿಂಗ್‌ಗಳು ಬಾಕಿ,translated,
profile_screen.ratings_banner.body_one,{{name}} · {{job}},{{name}} · {{job}},translated,
profile_screen.ratings_banner.body_other,Help other workers by leaving a review.,ವಿಮರ್ಶೆ ಬರೆದು ಇತರ ಕಾರ್ಮಿಕರಿಗೆ ಸಹಾಯ ಮಾಡಿ.,translated,
profile_screen.ratings_banner.cta,Rate ›,ರೇಟ್ ಮಾಡಿ ›,translated,
profile_screen.stats.applications,Applications,ಅರ್ಜಿಗಳು,translated,
profile_screen.stats.saved_jobs,Saved jobs,ಉಳಿಸಿದ ಕೆಲಸಗಳು,translated,
profile_screen.stats.rating,Rating,ರೇಟಿಂಗ್,translated,
profile_screen.salary.eyebrow,You're looking for,ನೀವು ನಿರೀಕ್ಷಿಸುತ್ತಿರುವುದು,translated,
profile_screen.salary.empty_title,Set your expected salary,ನಿಮ್ಮ ನಿರೀಕ್ಷಿತ ಸಂಬಳ ಹೊಂದಿಸಿ,translated,
profile_screen.salary.empty_subtitle,Helps employers match the right roles,ಸರಿಯಾದ ಪಾತ್ರಗಳನ್ನು ಹೊಂದಿಸಲು ಉದ್ಯೋಗದಾತರಿಗೆ ಸಹಾಯ ಮಾಡುತ್ತದೆ,translated,
profile_screen.salary.edit,Edit,ಬದಲಾಯಿಸಿ,translated,
profile_screen.salary.period_hour,Per hour,ಪ್ರತಿ ಗಂಟೆಗೆ,translated,
profile_screen.salary.period_day,Per day,ಪ್ರತಿ ದಿನಕ್ಕೆ,translated,
profile_screen.salary.period_week,Per week,ಪ್ರತಿ ವಾರಕ್ಕೆ,translated,
profile_screen.salary.period_month,Per month,ಪ್ರತಿ ತಿಂಗಳಿಗೆ,translated,
profile_screen.salary.period_fixed,Fixed total,ಸ್ಥಿರ ಒಟ್ಟು,translated,
profile_screen.skills_card.empty_title,Add your skills,ನಿಮ್ಮ ಕೌಶಲ್ಯಗಳನ್ನು ಸೇರಿಸಿ,translated,
profile_screen.skills_card.empty_subtitle,Employers find you faster when you list what you're good at.,ನೀವು ಏನು ಮಾಡಬಲ್ಲಿರಿ ಎಂದು ಪಟ್ಟಿ ಮಾಡಿದರೆ ಉದ್ಯೋಗದಾತರು ನಿಮ್ಮನ್ನು ವೇಗವಾಗಿ ಕಂಡುಕೊಳ್ಳುತ್ತಾರೆ.,translated,
profile_screen.skills_card.empty_cta,Add skills,ಕೌಶಲ್ಯಗಳನ್ನು ಸೇರಿಸಿ,translated,
profile_screen.skills_card.add_or_edit,+ Add or edit skills,+ ಕೌಶಲ್ಯಗಳನ್ನು ಸೇರಿಸಿ ಅಥವಾ ಸಂಪಾದಿಸಿ,translated,
profile_screen.views_banner.title_one,{{n}} employer viewed your profile this week,{{n}} ಉದ್ಯೋಗದಾತ ಈ ವಾರ ನಿಮ್ಮ ಪ್ರೊಫೈಲ್ ನೋಡಿದರು,translated,
profile_screen.views_banner.title_other,{{n}} employers viewed your profile this week,{{n}} ಉದ್ಯೋಗದಾತರು ಈ ವಾರ ನಿಮ್ಮ ಪ್ರೊಫೈಲ್ ನೋಡಿದರು,translated,
profile_screen.views_banner.subtitle_engaged,You're getting noticed — keep your profile fresh to convert views into hires.,ನೀವು ಗಮನಿಸಲ್ಪಡುತ್ತಿದ್ದೀರಿ — ವೀಕ್ಷಣೆಗಳನ್ನು ನೇಮಕಾತಿಗಳಾಗಿ ಪರಿವರ್ತಿಸಲು ನಿಮ್ಮ ಪ್ರೊಫೈಲ್ ತಾಜಾವಾಗಿರಿಸಿ.,translated,
profile_screen.views_banner.subtitle_add_more,Add work photos or a skill test to stand out.,ಎದ್ದು ಕಾಣಲು ಕೆಲಸದ ಫೋಟೋಗಳು ಅಥವಾ ಕೌಶಲ ಪರೀಕ್ಷೆ ಸೇರಿಸಿ.,translated,
profile_screen.suggestions.eyebrow,ADD SKILL · +{{n}}%,ಕೌಶಲ್ಯ ಸೇರಿಸಿ · +{{n}}%,translated,
profile_screen.suggestions.jobs_need_one,{{count}} job needs it near you,ನಿಮ್ಮ ಬಳಿ {{count}} ಕೆಲಸಕ್ಕೆ ಇದು ಬೇಕು,translated,
profile_screen.suggestions.jobs_need_other,{{count}} jobs need it near you,ನಿಮ್ಮ ಬಳಿ {{count}} ಕೆಲಸಗಳಿಗೆ ಇದು ಬೇಕು,translated,
profile_screen.suggestions.add_to_skills,Add to my skills →,ನನ್ನ ಕೌಶಲ್ಯಗಳಿಗೆ ಸೇರಿಸಿ →,translated,
profile_screen.referrals.subtitle_earned,₹{{amount}} earned · {{count}} hired,₹{{amount}} ಗಳಿಸಿದ್ದೀರಿ · {{count}} ನೇಮಕವಾಗಿದ್ದಾರೆ,translated,
profile_screen.referrals.subtitle_empty,Share jobs · earn ₹100 per hire,ಕೆಲಸಗಳನ್ನು ಹಂಚಿಕೊಳ್ಳಿ · ಪ್ರತಿ ನೇಮಕಾತಿಗೆ ₹100 ಗಳಿಸಿ,translated,
profile_screen.menu_extra.cash_advance,Cash advance,ನಗದು ಮುಂಗಡ,translated,
profile_screen.menu_extra.cash_advance_subtitle,"Borrow against confirmed upcoming work (up to ₹5,000)","ದೃಢೀಕೃತ ಮುಂದಿನ ಕೆಲಸದ ಮೇಲೆ ಸಾಲ ಪಡೆಯಿರಿ (₹5,000 ವರೆಗೆ)",translated,
profile_screen.menu_extra.worker_insurance,Worker insurance,ಕಾರ್ಮಿಕ ವಿಮೆ,translated,
profile_screen.menu_extra.worker_insurance_subtitle,₹49/month accident cover · opt-in any time,₹49/ತಿಂಗಳು ಅಪಘಾತ ರಕ್ಷಣೆ · ಯಾವಾಗ ಬೇಕಾದರೂ ಒಪ್ಪಿಕೊಳ್ಳಿ,translated,
profile_screen.menu_extra.interview_prep,Interview prep,ಸಂದರ್ಶನ ತಯಾರಿ,translated,
profile_screen.menu_extra.interview_prep_subtitle,"Common questions, what to bring, how to talk pay","ಸಾಮಾನ್ಯ ಪ್ರಶ್ನೆಗಳು, ಏನು ತರಬೇಕು, ವೇತನದ ಬಗ್ಗೆ ಹೇಗೆ ಮಾತನಾಡಬೇಕು",translated,
profile_screen.menu_extra.find_friends,Find friends on Doondo,Doondo ನಲ್ಲಿ ಸ್ನೇಹಿತರನ್ನು ಹುಡುಕಿ,translated,
profile_screen.menu_extra.find_friends_subtitle,"Match your contacts · invite friends, earn ₹100 per hire","ನಿಮ್ಮ ಸಂಪರ್ಕಗಳನ್ನು ಹೊಂದಿಸಿ · ಸ್ನೇಹಿತರನ್ನು ಆಹ್ವಾನಿಸಿ, ಪ್ರತಿ ನೇಮಕಾತಿಗೆ ₹100 ಗಳಿಸಿ",translated,
profile_screen.menu_extra.trade_buddies,Trade buddies,ವೃತ್ತಿ ಗೆಳೆಯರು,translated,
profile_screen.menu_extra.trade_buddies_subtitle,Find a mentor in your trade — or mentor others,ನಿಮ್ಮ ವೃತ್ತಿಯಲ್ಲಿ ಮಾರ್ಗದರ್ಶಕರನ್ನು ಹುಡುಕಿ — ಅಥವಾ ಇತರರಿಗೆ ಮಾರ್ಗದರ್ಶನ ನೀಡಿ,translated,
profile_screen.menu_extra.my_resume,My resume,ನನ್ನ ರೆಸ್ಯೂಮ್,translated,
profile_screen.menu_extra.my_resume_subtitle_one,{{count}} job · tap to view or share,{{count}} ಕೆಲಸ · ನೋಡಲು ಅಥವಾ ಹಂಚಿಕೊಳ್ಳಲು ಟ್ಯಾಪ್ ಮಾಡಿ,translated,
profile_screen.menu_extra.my_resume_subtitle_other,{{count}} jobs · tap to view or share,{{count}} ಕೆಲಸಗಳು · ನೋಡಲು ಅಥವಾ ಹಂಚಿಕೊಳ್ಳಲು ಟ್ಯಾಪ್ ಮಾಡಿ,translated,
profile_screen.menu_extra.build_resume,Build my resume,ನನ್ನ ರೆಸ್ಯೂಮ್ ರಚಿಸಿ,translated,
profile_screen.menu_extra.build_resume_subtitle,Walk through your last 1–5 jobs,ನಿಮ್ಮ ಕೊನೆಯ 1–5 ಕೆಲಸಗಳ ಮೂಲಕ ನಡೆಯಿರಿ,translated,
profile_screen.menu_extra.ratings_count_one,{{avg}} from {{count}} rating,{{count}} ರೇಟಿಂಗ್‌ನಿಂದ {{avg}},translated,
profile_screen.menu_extra.ratings_count_other,{{avg}} from {{count}} ratings,{{count}} ರೇಟಿಂಗ್‌ಗಳಿಂದ {{avg}},translated,
profile_screen.menu_extra.hiring_requests,Hiring requests,ನೇಮಕಾತಿ ವಿನಂತಿಗಳು,translated,
profile_screen.menu_extra.hiring_requests_subtitle,Job offers from employers,ಉದ್ಯೋಗದಾತರಿಂದ ಉದ್ಯೋಗ ಪ್ರಸ್ತಾಪಗಳು,translated,
profile_screen.signout.button,Sign out,ಸೈನ್ ಔಟ್,translated,
profile_screen.signout.confirm_title,Sign out?,ಸೈನ್ ಔಟ್ ಮಾಡಲೇ?,translated,
profile_screen.signout.confirm_body,You'll need to sign in again to use Doondo.,Doondo ಬಳಸಲು ಮತ್ತೆ ಸೈನ್ ಇನ್ ಮಾಡಬೇಕಾಗುತ್ತದೆ.,translated,
profile_screen.signout.cancel,Cancel,ರದ್ದು,translated,
profile_screen.signout.confirm,Sign out,ಸೈನ್ ಔಟ್,translated,
applications.title,My Applications,ನನ್ನ ಅರ್ಜಿಗಳು,translated,
applications.pipeline_summary_one,{{open}} awaiting reply · {{shortlisted}} shortlisted · {{interviewCount}} interview · {{hired}} hired,{{open}} ಪ್ರತ್ಯುತ್ತರಕ್ಕಾಗಿ ಕಾಯುತ್ತಿದೆ · {{shortlisted}} ಶಾರ್ಟ್‌ಲಿಸ್ಟ್ · {{interviewCount}} ಸಂದರ್ಶನ · {{hired}} ನೇಮಕ,translated,
applications.pipeline_summary_other,{{open}} awaiting reply · {{shortlisted}} shortlisted · {{interviewCount}} interviews · {{hired}} hired,{{open}} ಪ್ರತ್ಯುತ್ತರಕ್ಕಾಗಿ ಕಾಯುತ್ತಿದೆ · {{shortlisted}} ಶಾರ್ಟ್‌ಲಿಸ್ಟ್ · {{interviewCount}} ಸಂದರ್ಶನಗಳು · {{hired}} ನೇಮಕ,translated,
applications.filters.open,Open,ತೆರೆದಿರುವ,translated,
applications.filters.shortlisted,Shortlisted,ಶಾರ್ಟ್‌ಲಿಸ್ಟ್,translated,
applications.filters.hired,Hired,ನೇಮಕ,translated,
applications.filters.rejected,Rejected,ತಿರಸ್ಕೃತ,translated,
applications.filters.all,All,ಎಲ್ಲ,translated,
applications.empty.eyebrow,NO APPLICATIONS YET,ಇನ್ನೂ ಅರ್ಜಿಗಳಿಲ್ಲ,translated,
applications.empty.title,You haven't applied to any jobs,ನೀವು ಯಾವುದೇ ಕೆಲಸಕ್ಕೆ ಅರ್ಜಿ ಸಲ್ಲಿಸಿಲ್ಲ,translated,
applications.empty.message,Browse nearby jobs and tap Apply — you'll see every application's status here.,ಹತ್ತಿರದ ಕೆಲಸಗಳನ್ನು ಬ್ರೌಸ್ ಮಾಡಿ ಮತ್ತು Apply ಟ್ಯಾಪ್ ಮಾಡಿ — ಪ್ರತಿ ಅರ್ಜಿಯ ಸ್ಥಿತಿಯನ್ನು ಇಲ್ಲಿ ನೋಡುತ್ತೀರಿ.,translated,
applications.empty.cta,Browse jobs,ಕೆಲಸಗಳನ್ನು ಬ್ರೌಸ್ ಮಾಡಿ,translated,
applications.status.pending,Pending,ಬಾಕಿ,translated,
applications.status.viewed,Viewed,ನೋಡಲಾಗಿದೆ,translated,
applications.status.shortlisted,Shortlisted,ಶಾರ್ಟ್‌ಲಿಸ್ಟ್,translated,
applications.status.rejected,Not selected,ಆಯ್ಕೆಯಾಗಿಲ್ಲ,translated,
applications.status.hired,✓ Hired,✓ ನೇಮಕ,translated,
applications.status.withdrawn,Withdrawn,ಹಿಂಪಡೆದಿದೆ,translated,
applications.interview_scheduled,Interview {{when}},ಸಂದರ್ಶನ {{when}},translated,
applications.rate_now_title,Rate {{name}},{{name}} ರೇಟ್ ಮಾಡಿ,translated,
applications.rate_now_cta,Rate now ›,ಈಗ ರೇಟ್ ಮಾಡಿ ›,translated,
applications.applied_when,Applied {{when}},{{when}} ಅರ್ಜಿ ಸಲ್ಲಿಸಿದ್ದೀರಿ,translated,
applications.time.just_now,just now,ಈಗ,translated,
applications.time.min_ago,{{n}} min ago,{{n}} ನಿಮಿಷ ಮುಂಚೆ,translated,
applications.time.hr_ago,{{n}} hr ago,{{n}} ಗಂಟೆ ಮುಂಚೆ,translated,
applications.time.day_ago_one,{{n}} day ago,{{n}} ದಿನ ಮುಂಚೆ,translated,
applications.time.day_ago_other,{{n}} days ago,{{n}} ದಿನ ಮುಂಚೆ,translated,
applications.time.minute_ago_one,{{n}} minute ago,{{n}} ನಿಮಿಷ ಮುಂಚೆ,translated,
applications.time.minute_ago_other,{{n}} minutes ago,{{n}} ನಿಮಿಷ ಮುಂಚೆ,translated,
applications.time.hour_ago_one,{{n}} hour ago,{{n}} ಗಂಟೆ ಮುಂಚೆ,translated,
applications.time.hour_ago_other,{{n}} hours ago,{{n}} ಗಂಟೆ ಮುಂಚೆ,translated,
applications.fallback.job_application,Job application,ಕೆಲಸದ ಅರ್ಜಿ,translated,
applications.fallback.employer,Employer,ಉದ್ಯೋಗದಾತ,translated,
applications.fallback.job,Job,ಕೆಲಸ,translated,
applications.legacy.eyebrow,APPLICATIONS,ಅರ್ಜಿಗಳು,translated,
applications.legacy.heading,Where you stand.,ನೀವು ಎಲ್ಲಿದ್ದೀರಿ.,translated,
applications.legacy.section_active,Active,ಸಕ್ರಿಯ,translated,
applications.legacy.section_past,Past,ಹಿಂದಿನ,translated,
applications.legacy.status_sent,Sent,ಕಳುಹಿಸಲಾಗಿದೆ,translated,
applications.legacy.error_eyebrow,OFFLINE,ಆಫ್‌ಲೈನ್,translated,
applications.legacy.error_title,Couldn't load your applications,ನಿಮ್ಮ ಅರ್ಜಿಗಳನ್ನು ಲೋಡ್ ಮಾಡಲಾಗಲಿಲ್ಲ,translated,
applications.legacy.error_message,Check your connection and pull down to retry.,ನಿಮ್ಮ ಸಂಪರ್ಕ ಪರಿಶೀಲಿಸಿ ಮತ್ತು ಮತ್ತೊಮ್ಮೆ ಪ್ರಯತ್ನಿಸಲು ಕೆಳಗೆ ಎಳೆಯಿರಿ.,translated,
applications.legacy.empty_eyebrow,NOTHING IN FLIGHT,ಯಾವುದೂ ಚಲನೆಯಲ್ಲಿಲ್ಲ,translated,
applications.legacy.empty_title,No applications yet,ಇನ್ನೂ ಅರ್ಜಿಗಳಿಲ್ಲ,translated,
applications.legacy.empty_message,Apply to a nearby job and you'll see its status here in real time.,ಹತ್ತಿರದ ಕೆಲಸಕ್ಕೆ ಅರ್ಜಿ ಸಲ್ಲಿಸಿ ಮತ್ತು ಇಲ್ಲಿ ನೈಜ ಸಮಯದಲ್ಲಿ ಅದರ ಸ್ಥಿತಿಯನ್ನು ನೋಡಿ.,translated,
applications.legacy.interview_pill,Interview · {{when}}{{where}},ಸಂದರ್ಶನ · {{when}}{{where}},translated,
applications.legacy.interview_at, at {{location}}, {{location}} ನಲ್ಲಿ,translated,
applications.legacy.interview_video_link, (video — link in chat), (ವಿಡಿಯೋ — ಚಾಟ್‌ನಲ್ಲಿ ಲಿಂಕ್),translated,
applications.legacy.interview_video, (video), (ವಿಡಿಯೋ),translated,
applications.legacy.interview_phone, (phone), (ಫೋನ್),translated,
applications.open_my_job,Open in My Job →,,MISSING — needs translation,
saved_jobs.eyebrow,SAVED,ಉಳಿಸಿದ,translated,
saved_jobs.title,Your shortlist.,ನಿಮ್ಮ ಆಯ್ಕೆ ಪಟ್ಟಿ.,translated,
saved_jobs.error.eyebrow,OFFLINE,ಆಫ್‌ಲೈನ್,translated,
saved_jobs.error.title,Couldn't load your saved jobs,ನಿಮ್ಮ ಉಳಿಸಿದ ಕೆಲಸಗಳನ್ನು ಲೋಡ್ ಮಾಡಲಾಗಲಿಲ್ಲ,translated,
saved_jobs.error.message,"Pull down to retry, or check your connection.",ಮತ್ತೆ ಪ್ರಯತ್ನಿಸಲು ಕೆಳಗೆ ಎಳೆಯಿರಿ ಅಥವಾ ನಿಮ್ಮ ಸಂಪರ್ಕ ಪರಿಶೀಲಿಸಿ.,translated,
saved_jobs.empty.eyebrow,NOTHING SAVED,ಯಾವುದನ್ನೂ ಉಳಿಸಿಲ್ಲ,translated,
saved_jobs.empty.title,Your shortlist is empty,ನಿಮ್ಮ ಆಯ್ಕೆ ಪಟ್ಟಿ ಖಾಲಿ ಇದೆ,translated,
saved_jobs.empty.message,Tap the bookmark on any job card and it'll appear here for later.,ಯಾವುದೇ ಕೆಲಸದ ಕಾರ್ಡ್‌ನಲ್ಲಿ ಬುಕ್‌ಮಾರ್ಕ್ ಟ್ಯಾಪ್ ಮಾಡಿ ಮತ್ತು ಇದು ನಂತರಕ್ಕಾಗಿ ಇಲ್ಲಿ ಕಾಣಿಸುತ್ತದೆ.,translated,
my_jobs.title,My Jobs,ನನ್ನ ಕೆಲಸಗಳು,translated,
my_jobs.tabs.saved,Saved,ಉಳಿಸಿದ,translated,
my_jobs.tabs.applied,Applied,ಅರ್ಜಿ ಸಲ್ಲಿಸಿದ,translated,
my_jobs.empty.saved_eyebrow,NOTHING SAVED,ಯಾವುದನ್ನೂ ಉಳಿಸಿಲ್ಲ,translated,
my_jobs.empty.saved_title,No saved jobs yet,ಇನ್ನೂ ಉಳಿಸಿದ ಕೆಲಸಗಳಿಲ್ಲ,translated,
my_jobs.empty.saved_message,Tap the heart on any job to save it for later.,ನಂತರಕ್ಕಾಗಿ ಉಳಿಸಲು ಯಾವುದೇ ಕೆಲಸದ ಮೇಲೆ ಹೃದಯ ಟ್ಯಾಪ್ ಮಾಡಿ.,translated,
my_jobs.empty.applied_eyebrow,NO APPLICATIONS,ಯಾವುದೇ ಅರ್ಜಿಗಳಿಲ್ಲ,translated,
my_jobs.empty.applied_title,No applied jobs yet,ಇನ್ನೂ ಅರ್ಜಿ ಸಲ್ಲಿಸಿದ ಕೆಲಸಗಳಿಲ್ಲ,translated,
my_jobs.empty.applied_message,Browse nearby jobs and tap Apply Now.,ಹತ್ತಿರದ ಕೆಲಸಗಳನ್ನು ಬ್ರೌಸ್ ಮಾಡಿ ಮತ್ತು Apply Now ಟ್ಯಾಪ್ ಮಾಡಿ.,translated,
my_jobs.empty.cta,Browse jobs,ಕೆಲಸಗಳನ್ನು ಬ್ರೌಸ್ ಮಾಡಿ,translated,
ratings.back,← Back,← ಹಿಂದೆ,translated,
ratings.my_ratings,My ratings,ನನ್ನ ರೇಟಿಂಗ್‌ಗಳು,translated,
ratings.others_ratings,Ratings,ರೇಟಿಂಗ್‌ಗಳು,translated,
ratings.error_title,Couldn't load ratings,ರೇಟಿಂಗ್‌ಗಳನ್ನು ಲೋಡ್ ಮಾಡಲಾಗಲಿಲ್ಲ,translated,
ratings.empty_title,No ratings yet,ಇನ್ನೂ ರೇಟಿಂಗ್‌ಗಳಿಲ್ಲ,translated,
ratings.empty_my_message,"Once an employer rates you after a hire, you'll see it here.",ಒಮ್ಮೆ ಉದ್ಯೋಗದಾತರು ನಿಮ್ಮನ್ನು ನೇಮಕದ ನಂತರ ರೇಟ್ ಮಾಡಿದರೆ ಇಲ್ಲಿ ಕಾಣಿಸುತ್ತದೆ.,translated,
ratings.empty_other_message,This person hasn't been rated yet.,ಈ ವ್ಯಕ್ತಿಗೆ ಇನ್ನೂ ರೇಟ್ ಮಾಡಲಾಗಿಲ್ಲ.,translated,
chat_list.title,Conversations,ಸಂಭಾಷಣೆಗಳು,translated,
chat_list.tabs.all,All,ಎಲ್ಲ,translated,
chat_list.tabs.employers,Employers,ಉದ್ಯೋಗದಾತರು,translated,
chat_list.tabs.support,Support,ಬೆಂಬಲ,translated,
chat_list.error_title,Couldn't load chats.,ಚಾಟ್‌ಗಳನ್ನು ಲೋಡ್ ಮಾಡಲಾಗಲಿಲ್ಲ.,translated,
chat_list.error_hint,Pull down to retry.,ಮತ್ತೆ ಪ್ರಯತ್ನಿಸಲು ಕೆಳಗೆ ಎಳೆಯಿರಿ.,translated,
chat_list.new_chat_btn,+ New Chat,+ ಹೊಸ ಚಾಟ್,translated,
chat_list.fallback_name,Conversation,ಸಂಭಾಷಣೆ,translated,
chat_list.preview_empty,Say hello.,ಹಾಯ್ ಹೇಳಿ.,translated,
chat_list.empty_support_eyebrow,SUPPORT,ಬೆಂಬಲ,translated,
chat_list.empty_support_title,No support chats yet,ಇನ್ನೂ ಬೆಂಬಲ ಚಾಟ್‌ಗಳಿಲ್ಲ,translated,
chat_list.empty_support_message,Doondo Support threads will show up here. Reach out to support anytime if you need help.,Doondo ಬೆಂಬಲ ಥ್ರೆಡ್‌ಗಳು ಇಲ್ಲಿ ಕಾಣಿಸುತ್ತವೆ. ಸಹಾಯ ಬೇಕಿದ್ದರೆ ಯಾವಾಗ ಬೇಕಾದರೂ ಸಂಪರ್ಕಿಸಿ.,translated,
chat_list.empty_employers_eyebrow,NO EMPLOYER CHATS,ಉದ್ಯೋಗದಾತ ಚಾಟ್‌ಗಳಿಲ್ಲ,translated,
chat_list.empty_employers_title,No employer chats yet,ಇನ್ನೂ ಉದ್ಯೋಗದಾತ ಚಾಟ್‌ಗಳಿಲ್ಲ,translated,
chat_list.empty_employers_message_employer,Employer-to-employer messaging will land here when networking ships.,ಉದ್ಯೋಗದಾತ-ಉದ್ಯೋಗದಾತ ಸಂದೇಶಗಳು ನೆಟ್‌ವರ್ಕಿಂಗ್ ಬಿಡುಗಡೆ ಆದಾಗ ಇಲ್ಲಿ ಕಾಣಿಸುತ್ತವೆ.,translated,
chat_list.empty_employers_message_seeker,"Once an employer shortlists you for a job, the chat opens here.",ಉದ್ಯೋಗದಾತರು ನಿಮ್ಮನ್ನು ಶಾರ್ಟ್‌ಲಿಸ್ಟ್ ಮಾಡಿದ ನಂತರ ಚಾಟ್ ಇಲ್ಲಿ ತೆರೆಯುತ್ತದೆ.,translated,
chat_list.empty_all_eyebrow,INBOX EMPTY,ಇನ್‌ಬಾಕ್ಸ್ ಖಾಲಿ,translated,
chat_list.empty_all_title,No chats yet,ಇನ್ನೂ ಚಾಟ್‌ಗಳಿಲ್ಲ,translated,
chat_list.empty_all_message_employer,Shortlist a candidate from the Applicants tab — a private chat opens automatically.,Applicants ಟ್ಯಾಬ್‌ನಿಂದ ಒಬ್ಬ ಅಭ್ಯರ್ಥಿಯನ್ನು ಶಾರ್ಟ್‌ಲಿಸ್ಟ್ ಮಾಡಿ — ಖಾಸಗಿ ಚಾಟ್ ಸ್ವಯಂಚಾಲಿತವಾಗಿ ತೆರೆಯುತ್ತದೆ.,translated,
chat_list.empty_all_message_seeker,"When an employer shortlists you for a job, you can chat with them right here. Apply to nearby jobs to get started.",ಉದ್ಯೋಗದಾತರು ನಿಮ್ಮನ್ನು ಶಾರ್ಟ್‌ಲಿಸ್ಟ್ ಮಾಡಿದರೆ ಇಲ್ಲೇ ಚಾಟ್ ಮಾಡಬಹುದು. ಪ್ರಾರಂಭಿಸಲು ಹತ್ತಿರದ ಕೆಲಸಗಳಿಗೆ ಅರ್ಜಿ ಸಲ್ಲಿಸಿ.,translated,
chat_list.time_yesterday,Yesterday,ನಿನ್ನೆ,translated,
chat_list.time_days_ago,{{n}} days ago,{{n}} ದಿನ ಮುಂಚೆ,translated,
new_chat.title,New Chat,ಹೊಸ ಚಾಟ್,translated,
new_chat.hint,Pick a job you've applied to — start the conversation with the employer.,ನೀವು ಅರ್ಜಿ ಸಲ್ಲಿಸಿದ ಕೆಲಸವನ್ನು ಆಯ್ಕೆ ಮಾಡಿ — ಉದ್ಯೋಗದಾತರೊಂದಿಗೆ ಸಂಭಾಷಣೆ ಪ್ರಾರಂಭಿಸಿ.,translated,
new_chat.error_title,Couldn't load applications,ಅರ್ಜಿಗಳನ್ನು ಲೋಡ್ ಮಾಡಲಾಗಲಿಲ್ಲ,translated,
new_chat.error_message,Check your connection and try again.,ನಿಮ್ಮ ಸಂಪರ್ಕ ಪರಿಶೀಲಿಸಿ ಮತ್ತೆ ಪ್ರಯತ್ನಿಸಿ.,translated,
new_chat.retry_cta,Retry,ಮತ್ತೊಮ್ಮೆ ಪ್ರಯತ್ನಿಸಿ,translated,
new_chat.empty_title,No applications yet,ಇನ್ನೂ ಅರ್ಜಿಗಳಿಲ್ಲ,translated,
new_chat.empty_message,"Apply to a job first, then come back to start a chat with the employer.","ಮೊದಲು ಕೆಲಸಕ್ಕೆ ಅರ್ಜಿ ಸಲ್ಲಿಸಿ, ನಂತರ ಉದ್ಯೋಗದಾತರೊಂದಿಗೆ ಚಾಟ್ ಪ್ರಾರಂಭಿಸಲು ಮತ್ತೆ ಬನ್ನಿ.",translated,
new_chat.empty_cta,Browse jobs,ಕೆಲಸಗಳನ್ನು ಬ್ರೌಸ್ ಮಾಡಿ,translated,
new_chat.fallback_employer,Employer,ಉದ್ಯೋಗದಾತ,translated,
new_chat.fallback_job_application,Job application,ಕೆಲಸದ ಅರ್ಜಿ,translated,
download_center.title,Download Center,ಡೌನ್‌ಲೋಡ್ ಕೇಂದ್ರ,translated,
download_center.hint,Jobs you've saved for offline viewing. Tap one to open it even without a signal.,ಆಫ್‌ಲೈನ್ ವೀಕ್ಷಣೆಗಾಗಿ ನೀವು ಉಳಿಸಿದ ಕೆಲಸಗಳು. ಸಿಗ್ನಲ್ ಇಲ್ಲದಿದ್ದರೂ ತೆರೆಯಲು ಒಂದನ್ನು ಟ್ಯಾಪ್ ಮಾಡಿ.,translated,
download_center.empty_eyebrow,NOTHING DOWNLOADED,ಯಾವುದನ್ನೂ ಡೌನ್‌ಲೋಡ್ ಮಾಡಿಲ್ಲ,translated,
download_center.empty_title,No offline jobs yet,ಇನ್ನೂ ಆಫ್‌ಲೈನ್ ಕೆಲಸಗಳಿಲ್ಲ,translated,
download_center.empty_message,Open any job and tap the download icon to save it for offline.,ಯಾವುದೇ ಕೆಲಸವನ್ನು ತೆರೆಯಿರಿ ಮತ್ತು ಆಫ್‌ಲೈನ್‌ಗಾಗಿ ಉಳಿಸಲು ಡೌನ್‌ಲೋಡ್ ಐಕಾನ್ ಟ್ಯಾಪ್ ಮಾಡಿ.,translated,
download_center.empty_cta,Browse jobs,ಕೆಲಸಗಳನ್ನು ಬ್ರೌಸ್ ಮಾಡಿ,translated,
download_center.remove_confirm_title,Remove from downloads?,ಡೌನ್‌ಲೋಡ್‌ಗಳಿಂದ ತೆಗೆಯಬೇಕೇ?,translated,
download_center.remove_confirm_body,"""{{title}}"" will no longer be available offline.","""{{title}}"" ಇನ್ನು ಆಫ್‌ಲೈನ್‌ನಲ್ಲಿ ಲಭ್ಯವಿರುವುದಿಲ್ಲ.",translated,
download_center.remove_confirm_cancel,Cancel,ರದ್ದು,translated,
download_center.remove_confirm_remove,Remove,ತೆಗೆಯಿರಿ,translated,
download_center.saved_relative_label,Saved {{when}},{{when}} ಉಳಿಸಲಾಗಿದೆ,translated,
download_center.time_just_now,just now,ಈಗ,translated,
download_center.time_min_ago,{{n}} min ago,{{n}} ನಿಮಿಷ ಮುಂಚೆ,translated,
download_center.time_hr_ago,{{n}} hr ago,{{n}} ಗಂಟೆ ಮುಂಚೆ,translated,
download_center.fallback_employer,Doondo Employer,Doondo ಉದ್ಯೋಗದಾತ,translated,
insurance.title,Worker insurance,ಕಾರ್ಮಿಕ ವಿಮೆ,translated,
insurance.subtitle,Optional accident cover for the days you work.,ನೀವು ಕೆಲಸ ಮಾಡುವ ದಿನಗಳಿಗೆ ಐಚ್ಛಿಕ ಅಪಘಾತ ರಕ್ಷಣೆ.,translated,
insurance.standard_cover_label,STANDARD COVER,ಮಾನಕ ರಕ್ಷಣೆ,translated,
insurance.price_per_month,₹{{n}} / month,₹{{n}} / ತಿಂಗಳು,translated,
insurance.bullet_death_disability,{{amount}} accidental death / disability,{{amount}} ಅಪಘಾತ ಸಾವು / ವಿಕಲಾಂಗತೆ,translated,
insurance.bullet_hospital_cash,{{amount}} / day hospital cash · up to {{days}} days / year,{{amount}} / ದಿನ ಆಸ್ಪತ್ರೆ ನಗದು · ವರ್ಷಕ್ಕೆ {{days}} ದಿನಗಳವರೆಗೆ,translated,
insurance.bullet_active_during_hires,Active during all hires made through Doondo,Doondo ಮೂಲಕ ಮಾಡಿದ ಎಲ್ಲ ನೇಮಕಾತಿಗಳ ಸಮಯದಲ್ಲಿ ಸಕ್ರಿಯ,translated,
insurance.status_pending,Pending — ops review,ಬಾಕಿ — ಆಪ್ಸ್ ಪರಿಶೀಲನೆ,translated,
insurance.status_active,Active · cover live,ಸಕ್ರಿಯ · ರಕ್ಷಣೆ ಲೈವ್,translated,
insurance.status_paused,Paused,ವಿರಾಮಗೊಂಡಿದೆ,translated,
insurance.status_cancelled,Cancelled,ರದ್ದುಗೊಳಿಸಲಾಗಿದೆ,translated,
insurance.opt_in_btn,Opt in for ₹49 / month,₹49 / ತಿಂಗಳಿಗೆ ಒಪ್ಪಿಕೊಳ್ಳಿ,translated,
insurance.opt_in_subscribing,Subscribing…,ಚಂದಾದಾರಿಕೆ ನಡೆಯುತ್ತಿದೆ…,translated,
insurance.opt_in_success_title,You're covered,ನೀವು ಕವರ್ ಆಗಿದ್ದೀರಿ,translated,
insurance.opt_in_success_body,Doondo's ops team will confirm your subscription within a working day.,Doondo ಆಪ್ಸ್ ತಂಡವು ಒಂದು ಕೆಲಸದ ದಿನದೊಳಗೆ ನಿಮ್ಮ ಚಂದಾದಾರಿಕೆಯನ್ನು ದೃಢೀಕರಿಸುತ್ತದೆ.,translated,
insurance.opt_in_error_title,Could not opt in,ಒಪ್ಪಿಕೊಳ್ಳಲು ಸಾಧ್ಯವಾಗಲಿಲ್ಲ,translated,
insurance.opt_in_error_default,Try again later.,ನಂತರ ಪ್ರಯತ್ನಿಸಿ.,translated,
insurance.cancel_btn,Cancel cover,ರಕ್ಷಣೆಯನ್ನು ರದ್ದುಗೊಳಿಸಿ,translated,
insurance.cancel_confirm_title,Cancel cover?,ರಕ್ಷಣೆ ರದ್ದುಗೊಳಿಸಬೇಕೇ?,translated,
insurance.cancel_confirm_body,You'll stop being covered after this billing month.,ಈ ಬಿಲ್ಲಿಂಗ್ ತಿಂಗಳ ನಂತರ ನೀವು ಕವರ್ ಆಗುವುದನ್ನು ನಿಲ್ಲಿಸುತ್ತೀರಿ.,translated,
insurance.cancel_confirm_keep,Keep cover,ರಕ್ಷಣೆ ಇಟ್ಟುಕೊಳ್ಳಿ,translated,
insurance.cancel_confirm_cancel,Cancel cover,ರಕ್ಷಣೆ ರದ್ದುಗೊಳಿಸಿ,translated,
insurance.footer_disclaimer,"Preview only — Doondo is finalising the underwriter. Until then, ops will manually confirm your subscription. You'll never be billed without the policy being live.",ಪೂರ್ವವೀಕ್ಷಣೆ ಮಾತ್ರ — Doondo ಅಂಡರ್‌ರೈಟರ್ ಅಂತಿಮಗೊಳಿಸುತ್ತಿದೆ. ಅಲ್ಲಿಯವರೆಗೆ ಆಪ್ಸ್ ಹಸ್ತಚಾಲಿತವಾಗಿ ಚಂದಾದಾರಿಕೆ ದೃಢೀಕರಿಸುತ್ತದೆ. ಪಾಲಿಸಿ ಲೈವ್ ಆಗದೆ ನಿಮಗೆ ಎಂದಿಗೂ ಬಿಲ್ ಆಗದು.,translated,
interview_prep.title,Interview prep,ಸಂದರ್ಶನ ತಯಾರಿ,translated,
interview_prep.subtitle,"Punchy tips for your trade — what to expect, what to bring, how to talk pay.","ನಿಮ್ಮ ವೃತ್ತಿಗೆ ಪಂಚ್‌ಲೈನ್ ಸಲಹೆಗಳು — ಏನು ನಿರೀಕ್ಷಿಸಬೇಕು, ಏನು ತರಬೇಕು, ವೇತನದ ಬಗ್ಗೆ ಹೇಗೆ ಮಾತನಾಡಬೇಕು.",translated,
interview_prep.section_questions,Questions you'll probably hear,ನೀವು ಬಹುಶಃ ಕೇಳುವ ಪ್ರಶ್ನೆಗಳು,translated,
interview_prep.section_bring,What to bring,ಏನು ತರಬೇಕು,translated,
interview_prep.section_negotiation,Talking about pay,ವೇತನದ ಬಗ್ಗೆ ಮಾತನಾಡುವುದು,translated,
interview_prep.footer_tip,"Tip: write the agreed pay in the Doondo chat with the employer before you start. If anything changes later, the chat is your record.","ಸಲಹೆ: ಪ್ರಾರಂಭಿಸುವ ಮೊದಲು ಒಪ್ಪಿಕೊಂಡ ವೇತನವನ್ನು Doondo ಚಾಟ್‌ನಲ್ಲಿ ಉದ್ಯೋಗದಾತರೊಂದಿಗೆ ಬರೆಯಿರಿ. ನಂತರ ಏನಾದರೂ ಬದಲಾದರೆ, ಚಾಟ್ ನಿಮ್ಮ ದಾಖಲೆ.",translated,
advance.title,Cash advance,ನಗದು ಮುಂಗಡ,translated,
advance.subtitle,"Get a small advance against confirmed upcoming work. Capped at ₹5,000.","ದೃಢೀಕೃತ ಮುಂದಿನ ಕೆಲಸದ ಮೇಲೆ ಸಣ್ಣ ಮುಂಗಡ ಪಡೆಯಿರಿ. ₹5,000 ಕ್ಯಾಪ್.",translated,
advance.form_how_much,How much do you need?,ನಿಮಗೆ ಎಷ್ಟು ಬೇಕು?,translated,
advance.form_why_label,"Why do you need it? (Optional, helps us review faster)","ಏಕೆ ಬೇಕು? (ಐಚ್ಛಿಕ, ತ್ವರಿತ ಪರಿಶೀಲನೆಗೆ ಸಹಾಯಕ)",translated,
advance.form_why_placeholder,"e.g. School fees, hospital bill, family emergency","ಉದಾ. ಶಾಲಾ ಶುಲ್ಕ, ಆಸ್ಪತ್ರೆ ಬಿಲ್, ಕುಟುಂಬ ತುರ್ತು",translated,
advance.form_request_btn,Request {{amount}},{{amount}} ವಿನಂತಿಸಿ,translated,
advance.form_submitting,Submitting…,ಸಲ್ಲಿಸಲಾಗುತ್ತಿದೆ…,translated,
advance.form_disclaimer,"Doondo reviews each request manually. We'll text you within a working day. There's no interest charge in this preview, but a small processing fee may apply once we partner with a lender — we'll always show it before you confirm.","Doondo ಪ್ರತಿ ವಿನಂತಿಯನ್ನು ಕೈಯಿಂದ ಪರಿಶೀಲಿಸುತ್ತದೆ. ಒಂದು ಕೆಲಸದ ದಿನದೊಳಗೆ ನಾವು ನಿಮಗೆ ಸಂದೇಶ ಕಳುಹಿಸುತ್ತೇವೆ. ಈ ಪೂರ್ವವೀಕ್ಷಣೆಯಲ್ಲಿ ಬಡ್ಡಿ ಶುಲ್ಕವಿಲ್ಲ, ಆದರೆ ನಾವು ಸಾಲದಾತರೊಂದಿಗೆ ಪಾಲುದಾರಿಕೆ ಮಾಡಿಕೊಂಡ ನಂತರ ಸಣ್ಣ ಪ್ರಕ್ರಿಯೆ ಶುಲ್ಕ ಅನ್ವಯವಾಗಬಹುದು — ನೀವು ದೃಢೀಕರಿಸುವ ಮೊದಲು ಯಾವಾಗಲೂ ತೋರಿಸುತ್ತೇವೆ.",translated,
advance.request_received_title,Request received,ವಿನಂತಿ ಸ್ವೀಕರಿಸಲಾಗಿದೆ,translated,
advance.request_received_body,We'll review your request and update you within a working day.,ನಿಮ್ಮ ವಿನಂತಿಯನ್ನು ನಾವು ಪರಿಶೀಲಿಸಿ ಒಂದು ಕೆಲಸದ ದಿನದೊಳಗೆ ನವೀಕರಣ ನೀಡುತ್ತೇವೆ.,translated,
advance.could_not_submit_title,Could not submit,ಸಲ್ಲಿಸಲು ಸಾಧ್ಯವಾಗಲಿಲ್ಲ,translated,
advance.could_not_submit_default,Try again later.,ನಂತರ ಪ್ರಯತ್ನಿಸಿ.,translated,
advance.requests_eyebrow,YOUR REQUESTS,ನಿಮ್ಮ ವಿನಂತಿಗಳು,translated,
advance.history_empty_eyebrow,NO REQUESTS YET,ಇನ್ನೂ ವಿನಂತಿಗಳಿಲ್ಲ,translated,
advance.history_empty_title,You haven't asked for an advance,ನೀವು ಮುಂಗಡ ಕೇಳಿಲ್ಲ,translated,
advance.history_empty_message,Submit a request above. We typically respond within a working day.,ಮೇಲೆ ವಿನಂತಿ ಸಲ್ಲಿಸಿ. ನಾವು ಸಾಮಾನ್ಯವಾಗಿ ಒಂದು ಕೆಲಸದ ದಿನದೊಳಗೆ ಪ್ರತಿಕ್ರಿಯಿಸುತ್ತೇವೆ.,translated,
advance.history_update_from_doondo,Update from Doondo: {{note}},Doondo ಯಿಂದ ನವೀಕರಣ: {{note}},translated,
advance.history_cancel_request,Cancel request,ವಿನಂತಿಯನ್ನು ರದ್ದುಗೊಳಿಸಿ,translated,
advance.status_requested,Pending review,ಬಾಕಿ ಪರಿಶೀಲನೆ,translated,
advance.status_approved,Approved · awaiting payout,ಅನುಮೋದಿತ · ಪಾವತಿ ಬಾಕಿ,translated,
advance.status_paid,Paid,ಪಾವತಿಸಲಾಗಿದೆ,translated,
advance.status_repaid,Repaid,ಮರುಪಾವತಿಸಲಾಗಿದೆ,translated,
advance.status_declined,Declined,ತಿರಸ್ಕರಿಸಲಾಗಿದೆ,translated,
advance.status_cancelled,Cancelled,ರದ್ದುಗೊಳಿಸಲಾಗಿದೆ,translated,
conversation.fallback_name,Conversation,ಸಂಭಾಷಣೆ,translated,
conversation.verified_pill,Verified,ಪರಿಶೀಲಿತ,translated,
conversation.re_prefix,re: {{title}},ವಿಷಯ: {{title}},translated,
conversation.empty_say_hello,Say hello.,ಹಲೋ ಎಂದು ಹೇಳಿ.,translated,
conversation.empty_hint_employer,"Ask about availability, location, or set up a quick call.","ಲಭ್ಯತೆ, ಸ್ಥಳದ ಬಗ್ಗೆ ಕೇಳಿ ಅಥವಾ ಒಂದು ಸಣ್ಣ ಕರೆ ನಿಗದಿಪಡಿಸಿ.",translated,
conversation.empty_hint_seeker,"A short, friendly intro goes a long way.","ಒಂದು ಸಣ್ಣ, ಸ್ನೇಹಪರ ಪರಿಚಯ ತುಂಬಾ ಸಹಾಯ ಮಾಡುತ್ತದೆ.",translated,
conversation.composer_placeholder,Message…,ಸಂದೇಶ…,translated,
conversation.a11y_hold_to_record,Hold to record voice note,ಧ್ವನಿ ನೋಟ್ ರೆಕಾರ್ಡ್ ಮಾಡಲು ಒತ್ತಿ ಹಿಡಿಯಿರಿ,translated,
conversation.a11y_start_recording,Start recording voice note,ಧ್ವನಿ ನೋಟ್ ರೆಕಾರ್ಡಿಂಗ್ ಪ್ರಾರಂಭಿಸಿ,translated,
conversation.a11y_stop_recording,Stop and send voice note,ನಿಲ್ಲಿಸಿ ಧ್ವನಿ ನೋಟ್ ಕಳುಹಿಸಿ,translated,
conversation.attach_alert_title,Send attachment,ಲಗತ್ತು ಕಳುಹಿಸಿ,translated,
conversation.attach_alert_body,Choose what to send.,ಏನು ಕಳುಹಿಸಬೇಕೆಂದು ಆಯ್ಕೆ ಮಾಡಿ.,translated,
conversation.attach_camera,📷 Camera,📷 ಕ್ಯಾಮೆರಾ,translated,
conversation.attach_gallery,🖼  From gallery,🖼  ಗ್ಯಾಲರಿಯಿಂದ,translated,
conversation.attach_video,🎬 Video clip,🎬 ವಿಡಿಯೋ ಕ್ಲಿಪ್,translated,
conversation.attach_cancel,Cancel,ರದ್ದು,translated,
conversation.photo_error_title,Couldn't send photo,ಫೋಟೋ ಕಳುಹಿಸಲಾಗಲಿಲ್ಲ,translated,
conversation.photo_error_default,Could not prepare that photo — try a different image.,ಆ ಫೋಟೋ ಸಿದ್ಧಪಡಿಸಲಾಗಲಿಲ್ಲ — ಬೇರೆ ಚಿತ್ರ ಪ್ರಯತ್ನಿಸಿ.,translated,
conversation.video_error_title,Couldn't send video,ವಿಡಿಯೋ ಕಳುಹಿಸಲಾಗಲಿಲ್ಲ,translated,
conversation.video_error_default,Could not prepare that video. Try a shorter clip.,ಆ ವಿಡಿಯೋ ಸಿದ್ಧಪಡಿಸಲಾಗಲಿಲ್ಲ. ಸಣ್ಣ ಕ್ಲಿಪ್ ಪ್ರಯತ್ನಿಸಿ.,translated,
conversation.voice_record_error_title,Couldn't record,ರೆಕಾರ್ಡ್ ಮಾಡಲಾಗಲಿಲ್ಲ,translated,
conversation.voice_record_error_default,Could not start recording. Check microphone permission.,ರೆಕಾರ್ಡಿಂಗ್ ಆರಂಭಿಸಲು ಆಗಲಿಲ್ಲ. ಮೈಕ್ರೋಫೋನ್ ಅನುಮತಿ ಪರಿಶೀಲಿಸಿ.,translated,
conversation.voice_send_error_title,Couldn't send voice,ಧ್ವನಿ ಕಳುಹಿಸಲಾಗಲಿಲ್ಲ,translated,
conversation.voice_send_error_default,Voice note failed to save.,ಧ್ವನಿ ನೋಟ್ ಉಳಿಯಲಿಲ್ಲ.,translated,
conversation.recording_status,Recording  {{elapsed}} / {{max}},ರೆಕಾರ್ಡಿಂಗ್  {{elapsed}} / {{max}},translated,
conversation.recording_cancel,Cancel,ರದ್ದು,translated,
conversation.recording_send,Send,ಕಳುಹಿಸು,translated,
conversation.preview_play_a11y,Play recorded voice note,ರೆಕಾರ್ಡ್ ಮಾಡಿದ ಧ್ವನಿ ನೋಟ್ ಪ್ಲೇ ಮಾಡಿ,translated,
conversation.preview_discard,Discard,ತೆಗೆಯಿರಿ,translated,
conversation.preview_send,Send voice note,ಧ್ವನಿ ನೋಟ್ ಕಳುಹಿಸು,translated,
conversation.receipt_read,Read,ಓದಲಾಗಿದೆ,translated,
conversation.receipt_sent,Sent,ಕಳುಹಿಸಲಾಗಿದೆ,translated,
conversation.send_failed,Failed — pull down to retry,ವಿಫಲ — ಮತ್ತೆ ಪ್ರಯತ್ನಿಸಲು ಕೆಳಗೆ ಎಳೆಯಿರಿ,translated,
conversation.photo_a11y_with_caption,Photo: {{caption}},ಫೋಟೋ: {{caption}},translated,
conversation.photo_a11y,Photo,ಫೋಟೋ,translated,
conversation.translated_label,Translated,ಅನುವಾದಿಸಲಾಗಿದೆ,translated,
conversation.translating,Translating…,ಅನುವಾದವಾಗುತ್ತಿದೆ…,translated,
conversation.translate_retry,Couldn't translate — tap to retry,ಅನುವಾದಿಸಲಾಗಲಿಲ್ಲ — ಮತ್ತೆ ಪ್ರಯತ್ನಿಸಲು ಟ್ಯಾಪ್ ಮಾಡಿ,translated,
conversation.show_original,Show original,ಮೂಲವನ್ನು ತೋರಿಸಿ,translated,
conversation.hide_original,Hide original,ಮೂಲವನ್ನು ಮರೆಮಾಡಿ,translated,
conversation.auto_translated,Auto-translated,ಸ್ವಯಂ ಅನುವಾದಿತ,translated,
conversation.translate_toggle_a11y,Toggle translation display,ಅನುವಾದ ಪ್ರದರ್ಶನವನ್ನು ಟಾಗಲ್ ಮಾಡಿ,translated,
conversation.lang_sheet_title,Translation,,MISSING — needs translation,
conversation.lang_sheet_only_translation,Show translation only (hide original),,MISSING — needs translation,
conversation.lang_sheet_on,On,,MISSING — needs translation,
conversation.lang_sheet_off,Off,,MISSING — needs translation,
conversation.lang_sheet_hint,Read this chat in a different language. You can change it any time.,,MISSING — needs translation,
conversation.lang_default,App language (default),,MISSING — needs translation,
find_friends.title,Find friends,ಸ್ನೇಹಿತರನ್ನು ಹುಡುಕಿ,translated,
find_friends.subtitle,Match your phone contacts against Doondo. Numbers never leave your device in plaintext.,ನಿಮ್ಮ ಫೋನ್ ಕಾಂಟ್ಯಾಕ್ಟ್‌ಗಳನ್ನು ಡೂಂಡೋದೊಂದಿಗೆ ಹೊಂದಿಸಿ. ನಂಬರ್‌ಗಳು ನಿಮ್ಮ ಫೋನ್‌ನಿಂದ ಸ್ಪಷ್ಟ ಪಠ್ಯದಲ್ಲಿ ಹೊರಹೋಗುವುದಿಲ್ಲ.,translated,
find_friends.scanning,Scanning your contacts privately…,ನಿಮ್ಮ ಕಾಂಟ್ಯಾಕ್ಟ್‌ಗಳನ್ನು ಖಾಸಗಿಯಾಗಿ ಸ್ಕ್ಯಾನ್ ಮಾಡಲಾಗುತ್ತಿದೆ…,translated,
find_friends.permission_eyebrow,PERMISSION,ಅನುಮತಿ,translated,
find_friends.permission_title,Contacts access not granted,ಕಾಂಟ್ಯಾಕ್ಟ್ ಅನುಮತಿ ಇಲ್ಲ,translated,
find_friends.permission_message,"To find friends already on Doondo, allow contacts access in your phone settings, then come back to this screen.","ಡೂಂಡೋದಲ್ಲಿ ಈಗಾಗಲೇ ಇರುವ ಸ್ನೇಹಿತರನ್ನು ಹುಡುಕಲು ಫೋನ್ ಸೆಟ್ಟಿಂಗ್‌ಗಳಲ್ಲಿ ಕಾಂಟ್ಯಾಕ್ಟ್ ಪ್ರವೇಶ ನೀಡಿ, ನಂತರ ಈ ಪರದೆಗೆ ಹಿಂತಿರುಗಿ.",translated,
find_friends.open_settings,Open settings,ಸೆಟ್ಟಿಂಗ್‌ಗಳನ್ನು ತೆರೆಯಿರಿ,translated,
find_friends.unsupported_eyebrow,UNAVAILABLE,ಲಭ್ಯವಿಲ್ಲ,translated,
find_friends.unsupported_title,Couldn't load contacts,ಕಾಂಟ್ಯಾಕ್ಟ್‌ಗಳನ್ನು ಲೋಡ್ ಮಾಡಲಾಗಲಿಲ್ಲ,translated,
find_friends.unsupported_default,Could not load contacts.,ಕಾಂಟ್ಯಾಕ್ಟ್‌ಗಳನ್ನು ಲೋಡ್ ಮಾಡಲಾಗಲಿಲ್ಲ.,translated,
find_friends.unsupported_module,Contacts access needs the expo-contacts package.,ಕಾಂಟ್ಯಾಕ್ಟ್ ಪ್ರವೇಶಕ್ಕೆ expo-contacts ಪ್ಯಾಕೇಜ್ ಬೇಕು.,translated,
find_friends.on_doondo_section,ON DOONDO · {{n}},ಡೂಂಡೋ ಮೇಲೆ · {{n}},translated,
find_friends.on_doondo_empty,None of your contacts are on Doondo yet. Invite a friend below — you earn ₹100 when they're hired.,ನಿಮ್ಮ ಕಾಂಟ್ಯಾಕ್ಟ್‌ಗಳಲ್ಲಿ ಯಾರೂ ಇನ್ನೂ ಡೂಂಡೋದಲ್ಲಿ ಇಲ್ಲ. ಕೆಳಗೆ ಸ್ನೇಹಿತರನ್ನು ಆಹ್ವಾನಿಸಿ — ಅವರಿಗೆ ಕೆಲಸ ಸಿಕ್ಕಾಗ ನೀವು ₹100 ಸಂಪಾದಿಸುತ್ತೀರಿ.,translated,
find_friends.role_employer,Employer on Doondo,ಡೂಂಡೋ ಮೇಲೆ ಉದ್ಯೋಗದಾತ,translated,
find_friends.role_seeker,Worker on Doondo,ಡೂಂಡೋ ಮೇಲೆ ಕಾರ್ಮಿಕ,translated,
find_friends.open_arrow,Open →,ತೆರೆಯಿರಿ →,translated,
find_friends.invite_section,INVITE & EARN,ಆಹ್ವಾನಿಸಿ ಮತ್ತು ಗಳಿಸಿ,translated,
find_friends.invite_blurb,Share Doondo with the rest of your contacts. Earn ₹100 each time a worker you refer is hired.,ಉಳಿದ ಕಾಂಟ್ಯಾಕ್ಟ್‌ಗಳೊಂದಿಗೆ ಡೂಂಡೋವನ್ನು ಹಂಚಿಕೊಳ್ಳಿ. ನೀವು ರೆಫರ್ ಮಾಡಿದ ಕಾರ್ಮಿಕರಿಗೆ ಕೆಲಸ ಸಿಕ್ಕಾಗ ಪ್ರತಿ ಬಾರಿ ₹100 ಗಳಿಸಿ.,translated,
find_friends.invite_arrow,Invite →,ಆಹ್ವಾನಿಸಿ →,translated,
find_friends.seeker_alert_body,{{name}} is already on Doondo. Worker-to-worker chat is coming soon.,{{name}} ಈಗಾಗಲೇ ಡೂಂಡೋದಲ್ಲಿದ್ದಾರೆ. ಕಾರ್ಮಿಕರ-ಕಾರ್ಮಿಕರ ಚಾಟ್ ಶೀಘ್ರದಲ್ಲೇ ಬರಲಿದೆ.,translated,
find_friends.whatsapp_text,Join me on Doondo — find work near you. {{link}},ನನ್ನ ಜೊತೆ ಡೂಂಡೋಗೆ ಸೇರಿ — ಹತ್ತಿರದಲ್ಲಿ ಕೆಲಸ ಹುಡುಕಿ. {{link}},translated,
find_friends.cohorts_a11y,My cohorts,,MISSING — needs translation,
find_friends.start_cohort_cta,Start a course cohort with your friends,,MISSING — needs translation,
employer_detail.favorite,Favourite this employer,,MISSING — needs translation,
employer_detail.favorited,Favourited ♥,,MISSING — needs translation,
employer_detail.error_title,Couldn't load employer,ಉದ್ಯೋಗದಾತರನ್ನು ಲೋಡ್ ಮಾಡಲಾಗಲಿಲ್ಲ,translated,
employer_detail.error_message,Check your connection and try again.,ನಿಮ್ಮ ಸಂಪರ್ಕವನ್ನು ಪರಿಶೀಲಿಸಿ ಮತ್ತೆ ಪ್ರಯತ್ನಿಸಿ.,translated,
employer_detail.retry,Retry,ಮತ್ತೆ ಪ್ರಯತ್ನಿಸಿ,translated,
employer_detail.header_title,About employer,ಉದ್ಯೋಗದಾತರ ಬಗ್ಗೆ,translated,
employer_detail.no_active_eyebrow,NO ACTIVE JOBS,ಸಕ್ರಿಯ ಕೆಲಸಗಳಿಲ್ಲ,translated,
employer_detail.no_active_title,No openings right now,ಸದ್ಯಕ್ಕೆ ಯಾವುದೇ ಉದ್ಯೋಗಗಳಿಲ್ಲ,translated,
employer_detail.no_active_message,{{name}} doesn't have any active jobs at the moment. Check back soon.,{{name}} ಬಳಿ ಈಗ ಯಾವುದೇ ಸಕ್ರಿಯ ಕೆಲಸಗಳಿಲ್ಲ. ಕೊಂಚ ಸಮಯದ ನಂತರ ಪರಿಶೀಲಿಸಿ.,translated,
employer_detail.verified_badge,✓ VERIFIED,✓ ಪರಿಶೀಲಿತ,translated,
employer_detail.no_ratings,No ratings yet,ಇನ್ನೂ ರೇಟಿಂಗ್‌ಗಳಿಲ್ಲ,translated,
employer_detail.stat_jobs,Jobs posted,ಪೋಸ್ಟ್ ಮಾಡಿದ ಕೆಲಸಗಳು,translated,
employer_detail.stat_hires,Hires made,ನೇಮಕಗಳು,translated,
employer_detail.stat_member,Member,ಸದಸ್ಯ,translated,
employer_detail.section_about,ABOUT,ಬಗ್ಗೆ,translated,
employer_detail.active_jobs_section,ACTIVE JOBS · {{n}},ಸಕ್ರಿಯ ಕೆಲಸಗಳು · {{n}},translated,
employer_detail.older_jobs_footer_one,{{n}} older job has been filled or closed.,{{n}} ಹಳೆಯ ಕೆಲಸ ಭರ್ತಿಯಾಗಿದೆ ಅಥವಾ ಮುಚ್ಚಲಾಗಿದೆ.,translated,
employer_detail.older_jobs_footer_other,{{n}} older jobs have been filled or closed.,{{n}} ಹಳೆಯ ಕೆಲಸಗಳು ಭರ್ತಿಯಾಗಿವೆ ಅಥವಾ ಮುಚ್ಚಲಾಗಿವೆ.,translated,
mentors.title,Trade buddies,ಟ್ರೇಡ್ ಬಡ್ಡೀಸ್,translated,
mentors.subtitle,Connect with experienced workers in {{trade}} near you.,ಹತ್ತಿರದ {{trade}} ಅನುಭವಿ ಕಾರ್ಮಿಕರೊಂದಿಗೆ ಸಂಪರ್ಕಿಸಿ.,translated,
mentors.fallback_trade,your trade,ನಿಮ್ಮ ಕೆಲಸ,translated,
mentors.setup_eyebrow,SET UP FIRST,ಮೊದಲು ಸೆಟ್ ಮಾಡಿ,translated,
mentors.setup_title,Add your trade and city,ನಿಮ್ಮ ಕೆಲಸ ಮತ್ತು ನಗರ ಸೇರಿಸಿ,translated,
mentors.setup_message,"To find a mentor, add at least one skill and your city to your profile.",ಮೆಂಟರ್ ಹುಡುಕಲು ನಿಮ್ಮ ಪ್ರೊಫೈಲ್‌ಗೆ ಕನಿಷ್ಠ ಒಂದು ಸ್ಕಿಲ್ ಮತ್ತು ನಿಮ್ಮ ನಗರವನ್ನು ಸೇರಿಸಿ.,translated,
mentors.empty_eyebrow,NO MENTORS YET,ಇನ್ನೂ ಯಾವುದೇ ಮೆಂಟರ್‌ಗಳಿಲ್ಲ,translated,
mentors.empty_title,No {{trade}} mentors in {{city}} yet,{{city}}ನಲ್ಲಿ ಇನ್ನೂ ಯಾವುದೇ {{trade}} ಮೆಂಟರ್‌ಗಳಿಲ್ಲ,translated,
mentors.empty_message,Check back soon — or volunteer to be a mentor yourself.,ಕೊಂಚ ಸಮಯದ ನಂತರ ಪರಿಶೀಲಿಸಿ — ಅಥವಾ ನೀವೇ ಮೆಂಟರ್ ಆಗಿ.,translated,
mentors.list_section,MENTORS · {{n}},ಮೆಂಟರ್‌ಗಳು · {{n}},translated,
mentors.mentor_meta,{{trade}} · {{city}} · {{active}}/{{cap}} mentees this month,{{trade}} · {{city}} · ಈ ತಿಂಗಳು {{active}}/{{cap}} ಮೆಂಟೀಸ್,translated,
mentors.request_arrow,Request →,ವಿನಂತಿ →,translated,
mentors.sent_title,Sent,ಕಳುಹಿಸಲಾಗಿದೆ,translated,
mentors.sent_body,Your mentor will see your request and reach out soon.,ನಿಮ್ಮ ಮೆಂಟರ್ ನಿಮ್ಮ ವಿನಂತಿಯನ್ನು ನೋಡಿ ಶೀಘ್ರದಲ್ಲೇ ಸಂಪರ್ಕಿಸುತ್ತಾರೆ.,translated,
mentors.error_title,Could not send,ಕಳುಹಿಸಲಾಗಲಿಲ್ಲ,translated,
mentors.error_default,Try again later.,ನಂತರ ಪ್ರಯತ್ನಿಸಿ.,translated,
mentors.requests_section,YOUR REQUESTS,ನಿಮ್ಮ ವಿನಂತಿಗಳು,translated,
mentors.request_row_title,{{trade}} mentor · {{city}},{{trade}} ಮೆಂಟರ್ · {{city}},translated,
mentors.status_pending,Waiting for the mentor to respond.,ಮೆಂಟರ್‌ರ ಪ್ರತಿಕ್ರಿಯೆಗಾಗಿ ಕಾಯುತ್ತಿದ್ದೇವೆ.,translated,
mentors.status_accepted,Accepted — they will reach out to you.,ಸ್ವೀಕರಿಸಲಾಗಿದೆ — ಅವರು ನಿಮ್ಮನ್ನು ಸಂಪರ್ಕಿಸುತ್ತಾರೆ.,translated,
mentors.status_declined,Declined.,ತಿರಸ್ಕರಿಸಲಾಗಿದೆ.,translated,
mentors.status_ended,Ended.,ಮುಗಿಯಿತು.,translated,
mentors.book_session_cta,Book a session →,,MISSING — needs translation,
mentors.my_sessions,My sessions,,MISSING — needs translation,
mentors.modal_title,Request {{name}},{{name}}ರಿಗೆ ವಿನಂತಿ,translated,
mentors.modal_hint,Write a short message — what would you like to learn?,ಸಣ್ಣ ಸಂದೇಶ ಬರೆಯಿರಿ — ನೀವು ಏನು ಕಲಿಯಲು ಬಯಸುತ್ತೀರಿ?,translated,
mentors.modal_placeholder,I'd love to learn how you handle…,ನೀವು ಹೇಗೆ ನಿಭಾಯಿಸುತ್ತೀರಿ ಎಂದು ಕಲಿಯಲು ಬಯಸುತ್ತೇನೆ…,translated,
mentors.modal_cancel,Cancel,ರದ್ದು,translated,
mentors.modal_sending,Sending…,ಕಳುಹಿಸುತ್ತಿದೆ…,translated,
mentors.modal_send,Send request,ವಿನಂತಿ ಕಳುಹಿಸಿ,translated,
mentors.become_title,Become a mentor,ಮೆಂಟರ್ ಆಗಿ,translated,
mentors.become_blurb,Help newer {{trade}}s in {{city}} get started. Set a short bio — workers will request you from this same screen. You can stop anytime.,{{city}}ನ ಹೊಸ {{trade}} ಕಾರ್ಮಿಕರಿಗೆ ಪ್ರಾರಂಭಿಸಲು ಸಹಾಯ ಮಾಡಿ. ಸಣ್ಣ ಬಯೋ ಸೆಟ್ ಮಾಡಿ — ಕಾರ್ಮಿಕರು ಇದೇ ಪರದೆಯಿಂದ ನಿಮ್ಮನ್ನು ವಿನಂತಿಸುತ್ತಾರೆ. ನೀವು ಯಾವಾಗ ಬೇಕಾದರೂ ನಿಲ್ಲಿಸಬಹುದು.,translated,
mentors.become_placeholder,I've been a driver for 7 years and can help with…,ನಾನು 7 ವರ್ಷಗಳಿಂದ ಡ್ರೈವರ್ ಆಗಿದ್ದೇನೆ ಮತ್ತು ಇದರಲ್ಲಿ ಸಹಾಯ ಮಾಡಬಲ್ಲೆ…,translated,
mentors.become_success_title,You're a mentor,ನೀವು ಮೆಂಟರ್,translated,
mentors.become_success_body,Workers in your trade can now request mentorship.,ನಿಮ್ಮ ಕೆಲಸದ ಕಾರ್ಮಿಕರು ಈಗ ನಿಮ್ಮಿಂದ ಮೆಂಟರ್‌ಶಿಪ್ ವಿನಂತಿಸಬಹುದು.,translated,
mentors.become_error_title,Could not enable,ಆನ್ ಮಾಡಲಾಗಲಿಲ್ಲ,translated,
mentors.become_saving,Saving…,ಉಳಿಸಲಾಗುತ್ತಿದೆ…,translated,
mentors.become_cta,Make me a mentor,ನನ್ನನ್ನು ಮೆಂಟರ್ ಆಗಿಸಿ,translated,
mentor_sessions.title,My sessions,,MISSING — needs translation,
mentor_sessions.booked_section,Booked sessions,,MISSING — needs translation,
mentor_sessions.booked_empty,No sessions booked yet.,,MISSING — needs translation,
mentor_sessions.mentor_section,As a mentor,,MISSING — needs translation,
mentor_sessions.mentor_hint,Open a time slot — mentees you've accepted can book it.,,MISSING — needs translation,
mentor_sessions.status_open,Open — not booked yet,,MISSING — needs translation,
mentor_sessions.date_label,Date,,MISSING — needs translation,
mentor_sessions.time_label,Time,,MISSING — needs translation,
mentor_sessions.mode_label,Mode,,MISSING — needs translation,
mentor_sessions.today,Today,,MISSING — needs translation,
mentor_sessions.tomorrow,Tomorrow,,MISSING — needs translation,
mentor_sessions.in_2_days,In 2 days,,MISSING — needs translation,
mentor_sessions.in_3_days,In 3 days,,MISSING — needs translation,
mentor_sessions.in_1_week,In 1 week,,MISSING — needs translation,
mentor_sessions.mode_video,Video,,MISSING — needs translation,
mentor_sessions.mode_phone,Phone,,MISSING — needs translation,
mentor_sessions.mode_in_person,In person,,MISSING — needs translation,
mentor_sessions.duration,{{minutes}} min,,MISSING — needs translation,
mentor_sessions.add_slot_cta,Add a time slot,,MISSING — needs translation,
mentor_sessions.adding,Adding…,,MISSING — needs translation,
mentor_sessions.cancel_cta,Cancel,,MISSING — needs translation,
mentor_sessions.cancelling,Cancelling…,,MISSING — needs translation,
mentor_sessions.error_title,Something went wrong,,MISSING — needs translation,
mentor_sessions.error_default,Try again in a moment.,,MISSING — needs translation,
book_mentor_session.title,Book a session,,MISSING — needs translation,
book_mentor_session.empty,No open slots right now — check back soon.,,MISSING — needs translation,
book_mentor_session.duration,{{minutes}} min,,MISSING — needs translation,
book_mentor_session.mode_video,Video,,MISSING — needs translation,
book_mentor_session.mode_phone,Phone,,MISSING — needs translation,
book_mentor_session.mode_in_person,In person,,MISSING — needs translation,
book_mentor_session.book_cta,Book,,MISSING — needs translation,
book_mentor_session.booking,Booking…,,MISSING — needs translation,
book_mentor_session.booked_title,Session booked,,MISSING — needs translation,
book_mentor_session.booked_body,Your mentor has been notified.,,MISSING — needs translation,
book_mentor_session.error_title,Could not book,,MISSING — needs translation,
book_mentor_session.error_default,Try again in a moment.,,MISSING — needs translation,
book_mentor_session.retry,Try again,,MISSING — needs translation,
cohorts.title,My cohorts,,MISSING — needs translation,
cohorts.new_a11y,Start a new cohort,,MISSING — needs translation,
cohorts.invites_section,PENDING INVITES,,MISSING — needs translation,
cohorts.invite_body,Join to study {{course}} together.,,MISSING — needs translation,
cohorts.accept_cta,Join,,MISSING — needs translation,
cohorts.decline_cta,Decline,,MISSING — needs translation,
cohorts.joined_section,MY COHORTS,,MISSING — needs translation,
cohorts.empty_title,No cohorts yet,,MISSING — needs translation,
cohorts.empty_message,Start one from Find Friends — pick a course and up to 4 friends.,,MISSING — needs translation,
cohorts.error_title,Something went wrong,,MISSING — needs translation,
cohorts.error_default,Try again in a moment.,,MISSING — needs translation,
start_cohort.title,Start a cohort,,MISSING — needs translation,
start_cohort.course_section,COURSE,,MISSING — needs translation,
start_cohort.no_courses_title,Enroll in a course first,,MISSING — needs translation,
start_cohort.no_courses_message,Cohorts are built around a course you're taking together.,,MISSING — needs translation,
start_cohort.friends_section,FRIENDS · {{n}}/{{max}},,MISSING — needs translation,
start_cohort.no_friends_title,No friends selected,,MISSING — needs translation,
start_cohort.no_friends_message,Go back to Find Friends and pick contacts already on Doondo.,,MISSING — needs translation,
start_cohort.creating,Creating…,,MISSING — needs translation,
start_cohort.create_cta,Start cohort,,MISSING — needs translation,
start_cohort.error_title,Could not create cohort,,MISSING — needs translation,
start_cohort.error_default,Try again in a moment.,,MISSING — needs translation,
start_cohort.error_no_course,Pick a course first.,,MISSING — needs translation,
cohort_chat.fallback_name,Cohort,,MISSING — needs translation,
cohort_chat.members_line,{{n}} members · {{course}},,MISSING — needs translation,
cohort_chat.composer_placeholder,Message the cohort…,,MISSING — needs translation,
cohort_chat.photo_error_title,Couldn't send photo,,MISSING — needs translation,
cohort_chat.error_title,Something went wrong,,MISSING — needs translation,
cohort_chat.error_default,Try again in a moment.,,MISSING — needs translation,
report_wage_issue.title,Report a wage issue,,MISSING — needs translation,
report_wage_issue.anonymous_title,This is anonymous,,MISSING — needs translation,
report_wage_issue.anonymous_body,"The employer never sees your report. Only an aggregate is shown, and only once several workers report the same job.",,MISSING — needs translation,
report_wage_issue.reason_section,WHAT HAPPENED,,MISSING — needs translation,
report_wage_issue.reason_below_promised_wage,Paid less than promised,,MISSING — needs translation,
report_wage_issue.reason_late_payment,Paid late,,MISSING — needs translation,
report_wage_issue.reason_unpaid_overtime,Unpaid overtime,,MISSING — needs translation,
report_wage_issue.reason_wage_theft,Not paid at all,,MISSING — needs translation,
report_wage_issue.reason_other,Other,,MISSING — needs translation,
report_wage_issue.wage_details_section,Add wage details (optional),,MISSING — needs translation,
report_wage_issue.promised_label,Promised,,MISSING — needs translation,
report_wage_issue.actual_label,Actually paid,,MISSING — needs translation,
report_wage_issue.period_hour,per hour,,MISSING — needs translation,
report_wage_issue.period_day,per day,,MISSING — needs translation,
report_wage_issue.period_week,per week,,MISSING — needs translation,
report_wage_issue.period_month,per month,,MISSING — needs translation,
report_wage_issue.period_fixed,fixed,,MISSING — needs translation,
report_wage_issue.note_section,NOTES (OPTIONAL),,MISSING — needs translation,
report_wage_issue.note_placeholder,Anything else useful to know…,,MISSING — needs translation,
report_wage_issue.sending,Sending…,,MISSING — needs translation,
report_wage_issue.submit_cta,Submit report,,MISSING — needs translation,
report_wage_issue.sent_title,Report received,,MISSING — needs translation,
report_wage_issue.sent_body,Thank you — this helps other workers stay informed.,,MISSING — needs translation,
report_wage_issue.done,Done,,MISSING — needs translation,
report_wage_issue.error_title,Could not submit,,MISSING — needs translation,
report_wage_issue.error_default,Try again in a moment.,,MISSING — needs translation,
resume_builder.header_title,Resume builder,ರೆಸ್ಯೂಮ್ ಬಿಲ್ಡರ್,translated,
resume_builder.header_preview,Preview,ಪ್ರಿವ್ಯೂ,translated,
resume_builder.progress_intro,Intro,ಪರಿಚಯ,translated,
resume_builder.progress_review,Review,ವಿಮರ್ಶೆ,translated,
resume_builder.couldnt_save_title,Couldn't save resume,ರೆಸ್ಯೂಮ್ ಉಳಿಸಲಾಗಲಿಲ್ಲ,translated,
resume_builder.try_again_in_a_minute,Try again in a minute.,ಒಂದು ನಿಮಿಷದಲ್ಲಿ ಮತ್ತೆ ಪ್ರಯತ್ನಿಸಿ.,translated,
resume_builder.couldnt_add_photo_title,Couldn't add photo,ಫೋಟೋ ಸೇರಿಸಲಾಗಲಿಲ್ಲ,translated,
resume_builder.try_smaller_image,Try a smaller image.,ಚಿಕ್ಕ ಚಿತ್ರ ಪ್ರಯತ್ನಿಸಿ.,translated,
resume_builder.remove_photo_title,Remove this photo?,ಈ ಫೋಟೋ ತೆಗೆಯಬೇಕೇ?,translated,
resume_builder.remove_photo_body,It won't show on your resume anymore.,ಇದು ನಿಮ್ಮ ರೆಸ್ಯೂಮ್‌ನಲ್ಲಿ ಇನ್ನು ಕಾಣಿಸುವುದಿಲ್ಲ.,translated,
resume_builder.cancel,Cancel,ರದ್ದು,translated,
resume_builder.remove,Remove,ತೆಗೆಯಿರಿ,translated,
resume_builder.couldnt_continue_title,Couldn't continue,ಮುಂದುವರಿಸಲಾಗಲಿಲ್ಲ,translated,
resume_builder.add_a_job_first_title,Add a job first,ಮೊದಲು ಒಂದು ಕೆಲಸ ಸೇರಿಸಿ,translated,
resume_builder.add_a_job_first_body,Your resume needs at least one job.,ನಿಮ್ಮ ರೆಸ್ಯೂಮ್‌ಗೆ ಕನಿಷ್ಠ ಒಂದು ಕೆಲಸ ಬೇಕು.,translated,
resume_builder.need_at_least_one_title,Need at least one job,ಕನಿಷ್ಠ ಒಂದು ಕೆಲಸ ಬೇಕು,translated,
resume_builder.need_at_least_one_body,You can't remove the last entry.,ನೀವು ಕೊನೆಯ ನಮೂದನ್ನು ತೆಗೆಯಲಾಗದು.,translated,
resume_builder.remove_job_title,Remove this job?,ಈ ಕೆಲಸ ತೆಗೆಯಬೇಕೇ?,translated,
resume_builder.remove_job_body,It won't show on your resume anymore.,ಇದು ನಿಮ್ಮ ರೆಸ್ಯೂಮ್‌ನಲ್ಲಿ ಇನ್ನು ಕಾಣಿಸುವುದಿಲ್ಲ.,translated,
resume_builder.cta_saving,Saving…,ಉಳಿಸಲಾಗುತ್ತಿದೆ…,translated,
resume_builder.cta_generate,Generate resume,ರೆಸ್ಯೂಮ್ ರಚಿಸಿ,translated,
resume_builder.cta_start,Start,ಪ್ರಾರಂಭಿಸಿ,translated,
resume_builder.cta_continue,Continue,ಮುಂದುವರಿಸಿ,translated,
resume_builder.intro_title,"Build your resume
in 3 minutes","ನಿಮ್ಮ ರೆಸ್ಯೂಮ್ ರಚಿಸಿ
3 ನಿಮಿಷಗಳಲ್ಲಿ",translated,
resume_builder.intro_body,"We'll ask you about your last 1–5 jobs. No typing essays — just the company, your role, and the dates. We turn it into a clean resume employers love.","ನಿಮ್ಮ ಕೊನೆಯ 1–5 ಕೆಲಸಗಳ ಬಗ್ಗೆ ನಾವು ಕೇಳುತ್ತೇವೆ. ಪ್ರಬಂಧಗಳಿಲ್ಲ — ಕೇವಲ ಕಂಪನಿ, ನಿಮ್ಮ ಪಾತ್ರ, ದಿನಾಂಕಗಳು. ಉದ್ಯೋಗದಾತರು ಇಷ್ಟಪಡುವ ಸ್ವಚ್ಛ ರೆಸ್ಯೂಮ್ ಮಾಡುತ್ತೇವೆ.",translated,
resume_builder.intro_bullet1,No CV needed — we build it for you,CV ಬೇಡ — ನಾವು ನಿಮಗಾಗಿ ಮಾಡುತ್ತೇವೆ,translated,
resume_builder.intro_bullet2,Works for any kind of work,ಯಾವುದೇ ಬಗೆಯ ಕೆಲಸಕ್ಕೆ ಕೆಲಸ ಮಾಡುತ್ತದೆ,translated,
resume_builder.intro_bullet3,You can edit it any time,ನೀವು ಯಾವಾಗ ಬೇಕಾದರೂ ಸಂಪಾದಿಸಬಹುದು,translated,
resume_builder.edit_eyebrow,JOB {{n}} OF {{total}},ಕೆಲಸ {{n}} / {{total}},translated,
resume_builder.edit_most_recent,Your most recent job,ನಿಮ್ಮ ಇತ್ತೀಚಿನ ಕೆಲಸ,translated,
resume_builder.edit_before_that,Job before that,ಅದರ ಮುಂಚಿನ ಕೆಲಸ,translated,
resume_builder.edit_lead,Tell us where you worked. Skip the description if you're in a hurry — you can fill it later.,ನೀವು ಎಲ್ಲಿ ಕೆಲಸ ಮಾಡಿದ್ದೀರಿ ಎಂದು ಹೇಳಿ. ಆತುರವಿದ್ದರೆ ವಿವರಣೆ ಬಿಡಿ — ನಂತರ ತುಂಬಬಹುದು.,translated,
resume_builder.field_company_label,Company / shop name,ಕಂಪನಿ / ಅಂಗಡಿಯ ಹೆಸರು,translated,
resume_builder.field_company_placeholder,e.g. Sharma Electricals,ಉದಾ. ಶರ್ಮಾ ಎಲೆಕ್ಟ್ರಿಕಲ್ಸ್,translated,
resume_builder.field_role_label,Your role,ನಿಮ್ಮ ಪಾತ್ರ,translated,
resume_builder.field_role_placeholder,"e.g. Helper, Delivery rider, Cook","ಉದಾ. ಸಹಾಯಕ, ಡೆಲಿವರಿ ರೈಡರ್, ಅಡುಗೆಯವರು",translated,
resume_builder.field_started_label,Started,ಪ್ರಾರಂಭಿಸಿದ್ದು,translated,
resume_builder.field_ended_label,Ended,ಮುಗಿಸಿದ್ದು,translated,
resume_builder.still_work_here_title,I still work here,ನಾನು ಇನ್ನೂ ಇಲ್ಲಿ ಕೆಲಸ ಮಾಡುತ್ತಿದ್ದೇನೆ,translated,
resume_builder.still_work_here_body,"We'll show this as ""Present"" on your resume","ನಿಮ್ಮ ರೆಸ್ಯೂಮ್‌ನಲ್ಲಿ ಇದನ್ನು ""ಪ್ರಸ್ತುತ"" ಎಂದು ತೋರಿಸುತ್ತೇವೆ",translated,
resume_builder.field_description_label,What did you do? (optional),ನೀವು ಏನು ಮಾಡಿದಿರಿ? (ಐಚ್ಛಿಕ),translated,
resume_builder.field_description_placeholder,"e.g. Repaired motors, met customers, kept tools in order…","ಉದಾ. ಮೋಟರ್‌ಗಳನ್ನು ರಿಪೇರಿ ಮಾಡಿದ್ದು, ಗ್ರಾಹಕರನ್ನು ಭೇಟಿಯಾದದ್ದು, ಉಪಕರಣಗಳನ್ನು ಕ್ರಮಬದ್ಧವಾಗಿಟ್ಟದ್ದು…",translated,
resume_builder.month_present,Present,ಪ್ರಸ್ತುತ,translated,
resume_builder.month_placeholder,e.g. Apr 2024,ಉದಾ. ಏಪ್ರಿಲ್ 2024,translated,
resume_builder.education_eyebrow,EDUCATION · OPTIONAL,ಶಿಕ್ಷಣ · ಐಚ್ಛಿಕ,translated,
resume_builder.education_body,"Degree or training course, school or college, years. Add as many as you have — up to 6.","ಪದವಿ ಅಥವಾ ತರಬೇತಿ ಕೋರ್ಸ್, ಶಾಲೆ ಅಥವಾ ಕಾಲೇಜು, ವರ್ಷಗಳು. ನಿಮಗೆ ಎಷ್ಟು ಇದೆಯೋ ಸೇರಿಸಿ — 6 ರವರೆಗೆ.",translated,
resume_builder.education_degree_placeholder,"Degree / course (e.g. B.Com, ITI Electrician)","ಪದವಿ / ಕೋರ್ಸ್ (ಉದಾ. B.Com, ITI ಎಲೆಕ್ಟ್ರಿಷಿಯನ್)",translated,
resume_builder.education_institution_placeholder,School / college / training centre,ಶಾಲೆ / ಕಾಲೇಜು / ತರಬೇತಿ ಕೇಂದ್ರ,translated,
resume_builder.education_field_placeholder,Field of study (optional),ಅಧ್ಯಯನ ಕ್ಷೇತ್ರ (ಐಚ್ಛಿಕ),translated,
resume_builder.education_start_year_placeholder,Start year,ಪ್ರಾರಂಭ ವರ್ಷ,translated,
resume_builder.education_end_year_placeholder,End year,ಮುಗಿಯುವ ವರ್ಷ,translated,
resume_builder.education_ongoing,Ongoing,ನಡೆಯುತ್ತಿದೆ,translated,
resume_builder.education_currently_studying,Currently studying here,ಪ್ರಸ್ತುತ ಇಲ್ಲಿ ಅಧ್ಯಯನ ಮಾಡುತ್ತಿದ್ದೇನೆ,translated,
resume_builder.education_remove,Remove,ತೆಗೆಯಿರಿ,translated,
resume_builder.education_add_btn,+ Add education,+ ಶಿಕ್ಷಣ ಸೇರಿಸಿ,translated,
resume_builder.photos_eyebrow,PHOTOS OF YOUR WORK · OPTIONAL,ನಿಮ್ಮ ಕೆಲಸದ ಫೋಟೋಗಳು · ಐಚ್ಛಿಕ,translated,
resume_builder.photos_body,"Show employers what you can do. A photo of a wall you built, a dish you cooked, a panel you wired. Up to 6.","ನೀವು ಏನು ಮಾಡಬಲ್ಲಿರಿ ಎಂದು ಉದ್ಯೋಗದಾತರಿಗೆ ತೋರಿಸಿ. ನೀವು ಕಟ್ಟಿದ ಗೋಡೆ, ಮಾಡಿದ ಅಡುಗೆ, ವೈರ್ ಮಾಡಿದ ಪ್ಯಾನಲ್‌ನ ಫೋಟೋ. 6 ರವರೆಗೆ.",translated,
resume_builder.photos_remove_a11y,Remove photo {{n}},ಫೋಟೋ {{n}} ತೆಗೆಯಿರಿ,translated,
resume_builder.photos_add_a11y,Add a work photo,ಕೆಲಸದ ಫೋಟೋ ಸೇರಿಸಿ,translated,
resume_builder.photos_add_btn,Add photo,ಫೋಟೋ ಸೇರಿಸಿ,translated,
resume_builder.photos_loading,Loading…,ಲೋಡ್ ಆಗುತ್ತಿದೆ…,translated,
resume_builder.photos_count_label,{{n}} / 6 photos · tap a photo to remove it,{{n}} / 6 ಫೋಟೋಗಳು · ತೆಗೆಯಲು ಫೋಟೋವನ್ನು ಟ್ಯಾಪ್ ಮಾಡಿ,translated,
resume_builder.review_eyebrow,REVIEW,ವಿಮರ್ಶೆ,translated,
resume_builder.review_title,Looks good?,ಚೆನ್ನಾಗಿದೆಯೇ?,translated,
resume_builder.review_body,Tap a job to edit it. Add another if you have one more to share — up to 5 total.,ಸಂಪಾದಿಸಲು ಕೆಲಸವನ್ನು ಟ್ಯಾಪ್ ಮಾಡಿ. ಇನ್ನೊಂದು ಹಂಚಿಕೊಳ್ಳಲು ಇದ್ದರೆ ಸೇರಿಸಿ — ಒಟ್ಟು 5 ರವರೆಗೆ.,translated,
resume_builder.review_present,Present,ಪ್ರಸ್ತುತ,translated,
resume_builder.review_edit_btn,Edit,ಸಂಪಾದಿಸಿ,translated,
resume_builder.review_remove_btn,Remove,ತೆಗೆಯಿರಿ,translated,
resume_builder.review_add_another,+ Add another job,+ ಇನ್ನೊಂದು ಕೆಲಸ ಸೇರಿಸಿ,translated,
resume_builder.review_max_jobs,Maximum {{n}} jobs on a resume.,ರೆಸ್ಯೂಮ್‌ನಲ್ಲಿ ಗರಿಷ್ಠ {{n}} ಕೆಲಸಗಳು.,translated,
resume_builder.validate_add_company,Add the company name.,ಕಂಪನಿಯ ಹೆಸರು ಸೇರಿಸಿ.,translated,
resume_builder.validate_add_role,Add your role.,ನಿಮ್ಮ ಪಾತ್ರ ಸೇರಿಸಿ.,translated,
resume_builder.validate_add_start,Add a start month and year.,ಪ್ರಾರಂಭದ ತಿಂಗಳು ಮತ್ತು ವರ್ಷ ಸೇರಿಸಿ.,translated,
resume_builder.validate_add_end,Add the month and year you ended this job.,ನೀವು ಈ ಕೆಲಸವನ್ನು ಮುಗಿಸಿದ ತಿಂಗಳು ಮತ್ತು ವರ್ಷ ಸೇರಿಸಿ.,translated,
resume_builder.validate_end_after_start,End date must be after start date.,ಮುಗಿಯುವ ದಿನಾಂಕವು ಪ್ರಾರಂಭದ ದಿನಾಂಕದ ನಂತರ ಇರಬೇಕು.,translated,
resume_preview.empty_eyebrow,NO RESUME YET,ಇನ್ನೂ ರೆಸ್ಯೂಮ್ ಇಲ್ಲ,translated,
resume_preview.empty_title,Build your resume,ನಿಮ್ಮ ರೆಸ್ಯೂಮ್ ರಚಿಸಿ,translated,
resume_preview.empty_message,Walk through your last 1–5 jobs and we'll turn it into something you can share with employers.,ನಿಮ್ಮ ಕೊನೆಯ 1–5 ಕೆಲಸಗಳ ಮೂಲಕ ನಡೆಯಿರಿ ಮತ್ತು ಉದ್ಯೋಗದಾತರೊಂದಿಗೆ ಹಂಚಿಕೊಳ್ಳಬಹುದಾದ ಏನನ್ನಾದರೂ ನಾವು ಮಾಡುತ್ತೇವೆ.,translated,
resume_preview.empty_cta,Start the wizard,ಮಾಂತ್ರಿಕನನ್ನು ಪ್ರಾರಂಭಿಸಿ,translated,
resume_preview.topbar_title,My resume,ನನ್ನ ರೆಸ್ಯೂಮ್,translated,
resume_preview.topbar_edit,Edit,ಸಂಪಾದಿಸಿ,translated,
resume_preview.contact_years_one,{{n}} yr experience,{{n}} ವರ್ಷ ಅನುಭವ,translated,
resume_preview.contact_years_other,{{n}} yrs experience,{{n}} ವರ್ಷ ಅನುಭವ,translated,
resume_preview.section_about,ABOUT ME,ನನ್ನ ಬಗ್ಗೆ,translated,
resume_preview.section_skills,SKILLS,ಕೌಶಲ್ಯಗಳು,translated,
resume_preview.section_experience,EXPERIENCE · {{n}},ಅನುಭವ · {{n}},translated,
resume_preview.section_education,EDUCATION · {{n}},ಶಿಕ್ಷಣ · {{n}},translated,
resume_preview.section_tested,TESTED · {{n}},ಪರೀಕ್ಷಿಸಲಾಗಿದೆ · {{n}},translated,
resume_preview.section_verified,VERIFIED TRADES · {{n}},ಪರಿಶೀಲಿತ ವೃತ್ತಿಗಳು · {{n}},translated,
resume_preview.section_badges,COURSE BADGES · {{n}},ಕೋರ್ಸ್ ಬ್ಯಾಡ್ಜ್‌ಗಳು · {{n}},translated,
resume_preview.section_photos,PHOTOS · {{n}},ಫೋಟೋಗಳು · {{n}},translated,
resume_preview.footer_signature,Generated with Doondo · doondo.app,Doondo ನಿಂದ ರಚಿಸಲಾಗಿದೆ · doondo.app,translated,
resume_preview.suggestion_title,Get notified about jobs like these?,ಇಂತಹ ಕೆಲಸಗಳ ಬಗ್ಗೆ ಸೂಚನೆ ಪಡೆಯಬೇಕೇ?,translated,
resume_preview.suggestion_body_with_city,We can ping you when employers post {{role}} roles in {{city}}. You can edit or remove the alert any time.,ಉದ್ಯೋಗದಾತರು {{city}}ನಲ್ಲಿ {{role}} ಪಾತ್ರಗಳನ್ನು ಪೋಸ್ಟ್ ಮಾಡಿದಾಗ ನಾವು ನಿಮಗೆ ಸೂಚಿಸಬಹುದು. ನೀವು ಯಾವಾಗ ಬೇಕಾದರೂ ಅಲರ್ಟ್ ಸಂಪಾದಿಸಬಹುದು ಅಥವಾ ತೆಗೆಯಬಹುದು.,translated,
resume_preview.suggestion_body_no_city,We can ping you when employers post {{role}} roles. You can edit or remove the alert any time.,ಉದ್ಯೋಗದಾತರು {{role}} ಪಾತ್ರಗಳನ್ನು ಪೋಸ್ಟ್ ಮಾಡಿದಾಗ ನಾವು ನಿಮಗೆ ಸೂಚಿಸಬಹುದು. ನೀವು ಯಾವಾಗ ಬೇಕಾದರೂ ಅಲರ್ಟ್ ಸಂಪಾದಿಸಬಹುದು ಅಥವಾ ತೆಗೆಯಬಹುದು.,translated,
resume_preview.suggestion_cta,Set up alert,ಅಲರ್ಟ್ ಸೆಟಪ್ ಮಾಡಿ,translated,
resume_preview.delete_title,Delete resume?,ರೆಸ್ಯೂಮ್ ಅಳಿಸಬೇಕೇ?,translated,
resume_preview.delete_body,Your work history will be cleared. You can build it again later.,ನಿಮ್ಮ ಕೆಲಸದ ಇತಿಹಾಸ ತೆರವುಗೊಳಿಸಲಾಗುತ್ತದೆ. ನೀವು ನಂತರ ಮತ್ತೆ ರಚಿಸಬಹುದು.,translated,
resume_preview.delete_cancel,Cancel,ರದ್ದು,translated,
resume_preview.delete_confirm,Delete,ಅಳಿಸಿ,translated,
resume_preview.couldnt_delete_title,Couldn't delete resume,ರೆಸ್ಯೂಮ್ ಅಳಿಸಲಾಗಲಿಲ್ಲ,translated,
resume_preview.try_again,Try again.,ಮತ್ತೊಮ್ಮೆ ಪ್ರಯತ್ನಿಸಿ.,translated,
resume_preview.current_badge,CURRENT,ಪ್ರಸ್ತುತ,translated,
resume_preview.education_present,Present,ಪ್ರಸ್ತುತ,translated,
resume_preview.verified_employer_one,{{count}} employer,{{count}} ಉದ್ಯೋಗದಾತ,translated,
resume_preview.verified_employer_other,{{count}} employers,{{count}} ಉದ್ಯೋಗದಾತರು,translated,
resume_preview.tested_label,Tested: {{name}},ಪರೀಕ್ಷಿತ: {{name}},translated,
resume_preview.verified_photo_label,✓ Verified by employer,✓ ಉದ್ಯೋಗದಾತರಿಂದ ಪರಿಶೀಲಿಸಲಾಗಿದೆ,translated,
resume_preview.cta_delete,Delete,ಅಳಿಸಿ,translated,
resume_preview.cta_share,Share resume,ರೆಸ್ಯೂಮ್ ಹಂಚಿಕೊಳ್ಳಿ,translated,
resume_preview.share_title_suffix, — Resume, — ರೆಸ್ಯೂಮ್,translated,
resume_preview.share_about,ABOUT,ಬಗ್ಗೆ,translated,
resume_preview.share_skills,SKILLS,ಕೌಶಲ್ಯಗಳು,translated,
resume_preview.share_experience,EXPERIENCE,ಅನುಭವ,translated,
resume_preview.share_year_one,{{n}} year of experience,{{n}} ವರ್ಷ ಅನುಭವ,translated,
resume_preview.share_year_other,{{n}} years of experience,{{n}} ವರ್ಷ ಅನುಭವ,translated,
resume_preview.share_reviews,★ {{avg}} ({{count}} reviews),★ {{avg}} ({{count}} ವಿಮರ್ಶೆಗಳು),translated,
edit_profile.cancel,Cancel,ರದ್ದು,translated,
edit_profile.eyebrow,PROFILE,ಪ್ರೊಫೈಲ್,translated,
edit_profile.titles.basics,Edit basics,ಮೂಲ ಬದಲಾಯಿಸಿ,translated,
edit_profile.titles.location,Set your area,ನಿಮ್ಮ ಪ್ರದೇಶ ಹೊಂದಿಸಿ,translated,
edit_profile.titles.skills,Your skills,ನಿಮ್ಮ ಕೌಶಲ್ಯಗಳು,translated,
edit_profile.titles.preferences,Work preferences,ಕೆಲಸದ ಆದ್ಯತೆಗಳು,translated,
edit_profile.titles.resume,Your resume,ನಿಮ್ಮ ರೆಸ್ಯೂಮ್,translated,
edit_profile.titles.business_basics,Business details,ವ್ಯಾಪಾರ ವಿವರಗಳು,translated,
edit_profile.titles.business_location,Business address,ವ್ಯಾಪಾರ ವಿಳಾಸ,translated,
edit_profile.save,Save,ಉಳಿಸಿ,translated,
edit_profile.saving,Saving…,ಉಳಿಸಲಾಗುತ್ತಿದೆ…,translated,
edit_profile.error_save,Failed to save,ಉಳಿಸಲಾಗಲಿಲ್ಲ,translated,
edit_profile.basics.field_name,Full name,ಪೂರ್ಣ ಹೆಸರು,translated,
edit_profile.basics.field_bio,Short bio,ಸಣ್ಣ ಬಯೋ,translated,
edit_profile.basics.bio_placeholder,A line or two about you,ನಿಮ್ಮ ಬಗ್ಗೆ ಒಂದು ಎರಡು ಸಾಲು,translated,
edit_profile.basics.field_experience,Years of experience,ವರ್ಷಗಳ ಅನುಭವ,translated,
edit_profile.basics.experience_placeholder,e.g. 3,ಉದಾ. 3,translated,
edit_profile.resume.body_hint,Add a PDF or DOCX so employers can review your background. You can replace it anytime — only your latest resume is shared.,ಉದ್ಯೋಗದಾತರು ನಿಮ್ಮ ಹಿನ್ನೆಲೆಯನ್ನು ಪರಿಶೀಲಿಸಲು PDF ಅಥವಾ DOCX ಸೇರಿಸಿ. ನೀವು ಯಾವಾಗ ಬೇಕಾದರೂ ಅದನ್ನು ಬದಲಾಯಿಸಬಹುದು — ನಿಮ್ಮ ಇತ್ತೀಚಿನ ರೆಸ್ಯೂಮ್ ಮಾತ್ರ ಹಂಚಿಕೊಳ್ಳಲಾಗುತ್ತದೆ.,translated,
edit_profile.resume.no_resume_uploaded,No resume uploaded yet,ಇನ್ನೂ ರೆಸ್ಯೂಮ್ ಅಪ್‌ಲೋಡ್ ಮಾಡಲಾಗಿಲ್ಲ,translated,
edit_profile.resume.pdf_docx_hint,"PDF or DOCX, up to 900KB.","PDF ಅಥವಾ DOCX, 900KB ವರೆಗೆ.",translated,
edit_profile.resume.upload_resume,Upload resume,ರೆಸ್ಯೂಮ್ ಅಪ್‌ಲೋಡ್ ಮಾಡಿ,translated,
edit_profile.resume.replace_resume,Replace resume,ರೆಸ್ಯೂಮ್ ಬದಲಾಯಿಸಿ,translated,
edit_profile.resume.uploading,Uploading…,ಅಪ್‌ಲೋಡ್ ಆಗುತ್ತಿದೆ…,translated,
edit_profile.resume.remove_resume,Remove resume,ರೆಸ್ಯೂಮ್ ತೆಗೆಯಿರಿ,translated,
edit_profile.resume.removing,Removing…,ತೆಗೆಯಲಾಗುತ್ತಿದೆ…,translated,
edit_profile.resume.done_btn,Done,ಮುಗಿಸಿ,translated,
edit_profile.resume.error_picker_not_installed,Resume picker not installed. Run: pnpm add expo-document-picker,ರೆಸ್ಯೂಮ್ ಪಿಕರ್ ಸ್ಥಾಪಿಸಲಾಗಿಲ್ಲ. ಚಲಾಯಿಸಿ: pnpm add expo-document-picker,translated,
edit_profile.resume.error_no_file,No file picked,ಯಾವುದೇ ಫೈಲ್ ಆಯ್ಕೆಯಾಗಿಲ್ಲ,translated,
edit_profile.resume.error_size_too_big,Resume must be under 900KB. Try compressing the PDF.,ರೆಸ್ಯೂಮ್ 900KB ಗಿಂತ ಕಡಿಮೆ ಇರಬೇಕು. PDF ಸಂಕುಚಿಸಿ ಪ್ರಯತ್ನಿಸಿ.,translated,
edit_profile.resume.error_could_not_read,Could not read file,ಫೈಲ್ ಓದಲಾಗಲಿಲ್ಲ,translated,
edit_profile.resume.error_upload_default,Could not upload resume,ರೆಸ್ಯೂಮ್ ಅಪ್‌ಲೋಡ್ ಮಾಡಲಾಗಲಿಲ್ಲ,translated,
edit_profile.resume.error_remove_default,Could not remove resume,ರೆಸ್ಯೂಮ್ ತೆಗೆಯಲಾಗಲಿಲ್ಲ,translated,
edit_profile.resume.file_relative_today,today,ಇಂದು,translated,
edit_profile.resume.file_relative_d_ago,{{n}}d ago,{{n}} ದಿನ ಮುಂಚೆ,translated,
edit_profile.resume.file_relative_w_ago,{{n}}w ago,{{n}} ವಾರ ಮುಂಚೆ,translated,
edit_profile.location.detect,Detect my location,ನನ್ನ ಸ್ಥಳ ಗುರುತಿಸಿ,translated,
edit_profile.location.re_detect,Re-detect my location,ಮತ್ತೆ ಗುರುತಿಸಿ,translated,
edit_profile.location.detecting,Detecting…,ಗುರುತಿಸಲಾಗುತ್ತಿದೆ…,translated,
edit_profile.location.using_coords,"Using {{lat}}, {{lng}}","{{lat}}, {{lng}} ಬಳಸಲಾಗುತ್ತಿದೆ",translated,
edit_profile.location.field_city,City,ನಗರ,translated,
edit_profile.location.city_placeholder,Bengaluru,ಬೆಂಗಳೂರು,translated,
edit_profile.location.field_area,Area / neighbourhood,ಪ್ರದೇಶ / ನೆರೆಹೊರೆ,translated,
edit_profile.location.area_placeholder,Indiranagar,ಇಂದಿರಾನಗರ,translated,
edit_profile.location.field_pincode,Pincode (optional),ಪಿನ್‌ಕೋಡ್ (ಐಚ್ಛಿಕ),translated,
edit_profile.location.pincode_placeholder,560038,560038,translated,
edit_profile.location.error_detect_default,Could not get your location. We will use a default for now.,ನಿಮ್ಮ ಸ್ಥಳ ಪಡೆಯಲಾಗಲಿಲ್ಲ. ಸದ್ಯಕ್ಕೆ ಡಿಫಾಲ್ಟ್ ಬಳಸುತ್ತೇವೆ.,translated,
edit_profile.skills.hint,Tap what you can do. Up to 20. Don't see your trade? Add it as a custom skill below.,ನೀವು ಏನು ಮಾಡಬಲ್ಲಿರಿ ಎಂದು ಟ್ಯಾಪ್ ಮಾಡಿ. 20 ರವರೆಗೆ. ನಿಮ್ಮ ವೃತ್ತಿ ಕಾಣುತ್ತಿಲ್ಲವೇ? ಕೆಳಗೆ ಕಸ್ಟಮ್ ಕೌಶಲ್ಯವಾಗಿ ಸೇರಿಸಿ.,translated,
edit_profile.skills.trade_a11y_selected,"{{label}}, selected","{{label}}, ಆಯ್ಕೆಯಾಗಿದೆ",translated,
edit_profile.skills.trade_a11y,{{label}},{{label}},translated,
edit_profile.skills.add_custom_label,Add a custom skill,ಕಸ್ಟಮ್ ಕೌಶಲ್ಯ ಸೇರಿಸಿ,translated,
edit_profile.skills.add_custom_placeholder,e.g. AC gas refilling,ಉದಾ. AC ಗ್ಯಾಸ್ ರೀಫಿಲಿಂಗ್,translated,
edit_profile.skills.add_btn,+ Add,+ ಸೇರಿಸಿ,translated,
edit_profile.skills.custom_skills_label,Custom skills,ಕಸ್ಟಮ್ ಕೌಶಲ್ಯಗಳು,translated,
edit_profile.skills.save_a11y,Save skills,ಕೌಶಲ್ಯಗಳನ್ನು ಉಳಿಸಿ,translated,
edit_profile.skills.count_selected,{{n}} / 20 selected,{{n}} / 20 ಆಯ್ಕೆಯಾಗಿದೆ,translated,
edit_profile.preferences.applying_as_label,APPLYING AS,ಯಾವುದಾಗಿ ಅರ್ಜಿ ಸಲ್ಲಿಸುತ್ತಿದ್ದೀರಿ,translated,
edit_profile.preferences.solo_label,Solo,ಏಕ,translated,
edit_profile.preferences.solo_helper,One person applying,ಒಬ್ಬರು ಅರ್ಜಿ ಸಲ್ಲಿಸುತ್ತಿದ್ದಾರೆ,translated,
edit_profile.preferences.team_label,Team,ತಂಡ,translated,
edit_profile.preferences.team_helper,Small crew applying together,ಸಣ್ಣ ತಂಡ ಒಟ್ಟಿಗೆ ಅರ್ಜಿ ಸಲ್ಲಿಸುತ್ತಿದೆ,translated,
edit_profile.preferences.team_size_label,Team size,ತಂಡದ ಗಾತ್ರ,translated,
edit_profile.preferences.team_size_helper,How many people are applying together?,ಎಷ್ಟು ಜನ ಒಟ್ಟಿಗೆ ಅರ್ಜಿ ಸಲ್ಲಿಸುತ್ತಿದ್ದೀರಿ?,translated,
edit_profile.preferences.availability_label,AVAILABILITY,ಲಭ್ಯತೆ,translated,
edit_profile.preferences.availability_immediate,Immediately,ತಕ್ಷಣ,translated,
edit_profile.preferences.availability_within_1_week,Within 1 week,1 ವಾರದೊಳಗೆ,translated,
edit_profile.preferences.availability_within_1_month,Within 1 month,1 ತಿಂಗಳೊಳಗೆ,translated,
edit_profile.preferences.availability_flexible,Flexible,ಹೊಂದಿಕೊಳ್ಳುವ,translated,
edit_profile.preferences.interested_in_label,INTERESTED IN,ಆಸಕ್ತಿ,translated,
edit_profile.business_basics.field_business_name,Business name,ವ್ಯಾಪಾರದ ಹೆಸರು,translated,
edit_profile.business_basics.business_name_placeholder,As you want it shown on job posts,ಕೆಲಸದ ಪೋಸ್ಟ್‌ಗಳಲ್ಲಿ ತೋರಿಸಲು ಬಯಸುವ ಹೆಸರು,translated,
edit_profile.business_basics.business_type_label,BUSINESS TYPE,ವ್ಯಾಪಾರದ ಪ್ರಕಾರ,translated,
edit_profile.business_basics.type_individual,Individual,ವೈಯಕ್ತಿಕ,translated,
edit_profile.business_basics.type_shop,Shop,ಅಂಗಡಿ,translated,
edit_profile.business_basics.type_restaurant,Restaurant,ರೆಸ್ಟೋರೆಂಟ್,translated,
edit_profile.business_basics.type_salon,Salon,ಸಲೂನ್,translated,
edit_profile.business_basics.type_agency,Agency,ಏಜೆನ್ಸಿ,translated,
edit_profile.business_basics.type_startup,Startup,ಸ್ಟಾರ್ಟ್‌ಅಪ್,translated,
edit_profile.business_basics.type_enterprise,Enterprise,ಎಂಟರ್‌ಪ್ರೈಸ್,translated,
edit_profile.business_basics.type_other,Other,ಇತರೆ,translated,
edit_profile.business_basics.field_gstin,GSTIN (optional),GSTIN (ಐಚ್ಛಿಕ),translated,
edit_profile.business_basics.gstin_placeholder,22AAAAA0000A1Z5,22AAAAA0000A1Z5,translated,
edit_profile.business_location.re_detect,Re-detect,ಮತ್ತೆ ಗುರುತಿಸಿ,translated,
notifications.back,← Back,← ಹಿಂದೆ,translated,
notifications.title,Notifications,ಸೂಚನೆಗಳು,translated,
notifications.mark_all_read,Mark all read,ಎಲ್ಲವನ್ನೂ ಓದಲಾಗಿದೆ ಎಂದು ಗುರುತಿಸಿ,translated,
notifications.error_title,Couldn't load notifications,ಸೂಚನೆಗಳನ್ನು ಲೋಡ್ ಮಾಡಲಾಗಲಿಲ್ಲ,translated,
notifications.empty_title,No notifications yet,ಇನ್ನೂ ಸೂಚನೆಗಳಿಲ್ಲ,translated,
notifications.empty_message,"When you have applications, messages, or ratings, they'll show up here.","ನಿಮಗೆ ಅರ್ಜಿಗಳು, ಸಂದೇಶಗಳು ಅಥವಾ ರೇಟಿಂಗ್‌ಗಳು ಬಂದಾಗ ಅವು ಇಲ್ಲಿ ಕಾಣಿಸುತ್ತವೆ.",translated,
notifications.time.just_now,Just now,ಈಗ,translated,
notifications.time.min_ago,{{n}} min ago,{{n}} ನಿಮಿಷ ಮುಂಚೆ,translated,
notifications.time.hr_ago,{{n}} hr ago,{{n}} ಗಂಟೆ ಮುಂಚೆ,translated,
notifications.time.day_ago_one,{{n}} day ago,{{n}} ದಿನ ಮುಂಚೆ,translated,
notifications.time.day_ago_other,{{n}} days ago,{{n}} ದಿನ ಮುಂಚೆ,translated,
job_alerts.title,Job alerts,ಕೆಲಸದ ಅಲರ್ಟ್‌ಗಳು,translated,
job_alerts.add_btn,+ Add,+ ಸೇರಿಸಿ,translated,
job_alerts.intro,Save criteria for the kinds of work you want. We'll ping you the moment a new job matches — no scrolling required.,ನೀವು ಬಯಸುವ ಕೆಲಸಗಳ ಮಾನದಂಡಗಳನ್ನು ಉಳಿಸಿ. ಹೊಸ ಕೆಲಸ ಹೊಂದಾಣಿಕೆಯಾದ ಕ್ಷಣದಲ್ಲೇ ನಾವು ನಿಮಗೆ ಸೂಚಿಸುತ್ತೇವೆ — ಸ್ಕ್ರೋಲಿಂಗ್ ಬೇಡ.,translated,
job_alerts.couldnt_load_title,Couldn't load alerts,ಅಲರ್ಟ್‌ಗಳನ್ನು ಲೋಡ್ ಮಾಡಲಾಗಲಿಲ್ಲ,translated,
job_alerts.couldnt_load_message,Check your connection and try again.,ನಿಮ್ಮ ಸಂಪರ್ಕ ಪರಿಶೀಲಿಸಿ ಮತ್ತೆ ಪ್ರಯತ್ನಿಸಿ.,translated,
job_alerts.retry_cta,Retry,ಮತ್ತೊಮ್ಮೆ ಪ್ರಯತ್ನಿಸಿ,translated,
job_alerts.empty_eyebrow,NO ALERTS YET,ಇನ್ನೂ ಅಲರ್ಟ್‌ಗಳಿಲ್ಲ,translated,
job_alerts.empty_title_or_build,Or build one yourself,ಅಥವಾ ನೀವೇ ಒಂದನ್ನು ರಚಿಸಿ,translated,
job_alerts.empty_title_first,Create your first alert,ನಿಮ್ಮ ಮೊದಲ ಅಲರ್ಟ್ ರಚಿಸಿ,translated,
job_alerts.empty_message_with_suggestion,"Save your own criteria — keyword, city, job type, urgent only.","ನಿಮ್ಮ ಸ್ವಂತ ಮಾನದಂಡಗಳನ್ನು ಉಳಿಸಿ — ಪದ, ನಗರ, ಕೆಲಸದ ಪ್ರಕಾರ, ತುರ್ತು ಮಾತ್ರ.",translated,
job_alerts.empty_message_no_suggestion,Tell us what kind of work you want and we'll send a push when a matching job is posted.,ನೀವು ಬಯಸುವ ಕೆಲಸವನ್ನು ಹೇಳಿ ಮತ್ತು ಹೊಂದಾಣಿಕೆಯ ಕೆಲಸ ಪೋಸ್ಟ್ ಆದಾಗ ನಾವು ಪುಶ್ ಕಳುಹಿಸುತ್ತೇವೆ.,translated,
job_alerts.empty_cta,Add alert,ಅಲರ್ಟ್ ಸೇರಿಸಿ,translated,
job_alerts.suggestion_eyebrow,SUGGESTED FOR YOU,ನಿಮಗಾಗಿ ಶಿಫಾರಸು,translated,
job_alerts.suggestion_body,Based on your resume. Tap below and tweak before saving — we'll ping you when a matching job is posted.,ನಿಮ್ಮ ರೆಸ್ಯೂಮ್ ಆಧಾರದಲ್ಲಿ. ಉಳಿಸುವ ಮೊದಲು ಕೆಳಗೆ ಟ್ಯಾಪ್ ಮಾಡಿ ಬದಲಾಯಿಸಿ — ಹೊಂದಾಣಿಕೆಯ ಕೆಲಸ ಪೋಸ್ಟ್ ಆದಾಗ ನಾವು ಸೂಚಿಸುತ್ತೇವೆ.,translated,
job_alerts.suggestion_cta,Use this suggestion,ಈ ಶಿಫಾರಸನ್ನು ಬಳಸಿ,translated,
job_alerts.couldnt_update_title,Couldn't update alert,ಅಲರ್ಟ್ ನವೀಕರಿಸಲಾಗಲಿಲ್ಲ,translated,
job_alerts.couldnt_delete_title,Couldn't delete alert,ಅಲರ್ಟ್ ಅಳಿಸಲಾಗಲಿಲ್ಲ,translated,
job_alerts.try_again,Try again.,ಮತ್ತೊಮ್ಮೆ ಪ್ರಯತ್ನಿಸಿ.,translated,
job_alerts.delete_confirm_title,Delete alert?,ಅಲರ್ಟ್ ಅಳಿಸಬೇಕೇ?,translated,
job_alerts.delete_confirm_body,"""{{name}}"" will be removed. You won't get notifications for it anymore.","""{{name}}"" ತೆಗೆದುಹಾಕಲಾಗುತ್ತದೆ. ಇದಕ್ಕೆ ಇನ್ನು ಸೂಚನೆಗಳು ಬರುವುದಿಲ್ಲ.",translated,
job_alerts.delete_cancel,Cancel,ರದ್ದು,translated,
job_alerts.delete_confirm,Delete,ಅಳಿಸಿ,translated,
job_alerts.row_no_matches,No matches yet,ಇನ್ನೂ ಹೊಂದಾಣಿಕೆಗಳಿಲ್ಲ,translated,
job_alerts.row_matches_one,{{count}} match,{{count}} ಹೊಂದಾಣಿಕೆ,translated,
job_alerts.row_matches_other,{{count}} matches,{{count}} ಹೊಂದಾಣಿಕೆಗಳು,translated,
job_alerts.row_last_match,Last match {{when}},ಕೊನೆಯ ಹೊಂದಾಣಿಕೆ {{when}},translated,
job_alerts.criteria_urgent_only,urgent only,ತುರ್ತು ಮಾತ್ರ,translated,
job_alerts.criteria_any_job_anywhere,"Any job, anywhere","ಯಾವುದೇ ಕೆಲಸ, ಎಲ್ಲಿಯಾದರೂ",translated,
job_alert_form.title_edit,Edit alert,ಅಲರ್ಟ್ ಬದಲಾಯಿಸಿ,translated,
job_alert_form.title_new,New alert,ಹೊಸ ಅಲರ್ಟ್,translated,
job_alert_form.field_name_label,Name this alert,ಈ ಅಲರ್ಟ್‌ಗೆ ಹೆಸರಿಡಿ,translated,
job_alert_form.field_name_placeholder,e.g. Delivery in Indiranagar,ಉದಾ. ಇಂದಿರಾನಗರದಲ್ಲಿ ಡೆಲಿವರಿ,translated,
job_alert_form.field_keyword_label,Keyword (optional),ಪದ (ಐಚ್ಛಿಕ),translated,
job_alert_form.field_keyword_placeholder,"e.g. delivery, helper, welder","ಉದಾ. ಡೆಲಿವರಿ, ಸಹಾಯಕ, ವೆಲ್ಡರ್",translated,
job_alert_form.field_city_label,City (optional),ನಗರ (ಐಚ್ಛಿಕ),translated,
job_alert_form.field_city_placeholder,e.g. Bengaluru,ಉದಾ. ಬೆಂಗಳೂರು,translated,
job_alert_form.field_job_types_label,Job types (optional),ಕೆಲಸದ ಪ್ರಕಾರಗಳು (ಐಚ್ಛಿಕ),translated,
job_alert_form.field_job_types_hint,Leave empty to match any type.,ಯಾವುದೇ ಪ್ರಕಾರಕ್ಕೆ ಹೊಂದಾಣಿಕೆಯಾಗಲು ಖಾಲಿ ಬಿಡಿ.,translated,
job_alert_form.urgent_only_title,Urgent only,ತುರ್ತು ಮಾತ್ರ,translated,
job_alert_form.urgent_only_hint,Only ping me when an urgent job matches,ತುರ್ತು ಕೆಲಸ ಹೊಂದಾಣಿಕೆಯಾದಾಗ ಮಾತ್ರ ಸೂಚಿಸಿ,translated,
job_alert_form.summary_eyebrow,YOU'LL HEAR ABOUT,ನೀವು ಕೇಳುತ್ತೀರಿ,translated,
job_alert_form.summary_urgent,Urgent,ತುರ್ತು,translated,
job_alert_form.summary_any_type,Any job type,ಯಾವುದೇ ಕೆಲಸದ ಪ್ರಕಾರ,translated,
job_alert_form.summary_matching,"matching ""{{q}}""","""{{q}}"" ಗೆ ಹೊಂದಾಣಿಕೆ",translated,
job_alert_form.summary_in_city,in {{city}},{{city}} ನಲ್ಲಿ,translated,
job_alert_form.summary_anywhere,anywhere,ಎಲ್ಲಿಯಾದರೂ,translated,
job_alert_form.save_changes,Save changes,ಬದಲಾವಣೆಗಳನ್ನು ಉಳಿಸಿ,translated,
job_alert_form.create_alert,Create alert,ಅಲರ್ಟ್ ರಚಿಸಿ,translated,
job_alert_form.saving,Saving…,ಉಳಿಸಲಾಗುತ್ತಿದೆ…,translated,
job_alert_form.couldnt_save_title,Couldn't save alert,ಅಲರ್ಟ್ ಉಳಿಸಲಾಗಲಿಲ್ಲ,translated,
job_alert_form.alert_not_found_title,Alert not found,ಅಲರ್ಟ್ ಸಿಗಲಿಲ್ಲ,translated,
job_alert_form.alert_not_found_body,This alert no longer exists.,ಈ ಅಲರ್ಟ್ ಇನ್ನು ಅಸ್ತಿತ್ವದಲ್ಲಿಲ್ಲ.,translated,
job_alert_form.ok,OK,ಸರಿ,translated,
job_alert_form.add_name_title,Add a name,ಹೆಸರು ಸೇರಿಸಿ,translated,
job_alert_form.add_name_body,Give your alert a short name to identify it.,ಗುರುತಿಸಲು ನಿಮ್ಮ ಅಲರ್ಟ್‌ಗೆ ಒಂದು ಸಣ್ಣ ಹೆಸರು ನೀಡಿ.,translated,
job_alert_form.too_broad_title,Too broad,ತುಂಬಾ ವಿಸ್ತಾರವಾಗಿದೆ,translated,
job_alert_form.too_broad_body,"Add at least one criterion (keyword, city, job type, or urgent only) so we know what to ping you about.","ಕನಿಷ್ಠ ಒಂದು ಮಾನದಂಡವನ್ನು ಸೇರಿಸಿ (ಪದ, ನಗರ, ಕೆಲಸದ ಪ್ರಕಾರ ಅಥವಾ ತುರ್ತು ಮಾತ್ರ) — ನಾವು ಯಾವುದರ ಬಗ್ಗೆ ಸೂಚಿಸಬೇಕು ಎಂದು ತಿಳಿಯಲು.",translated,
edit_salary.cancel_back,← Cancel,← ರದ್ದು,translated,
edit_salary.eyebrow,EXPECTED SALARY,ನಿರೀಕ್ಷಿತ ಸಂಬಳ,translated,
edit_salary.title,How do you want to be paid?,ನೀವು ಹೇಗೆ ಪಾವತಿ ಪಡೆಯಲು ಬಯಸುತ್ತೀರಿ?,translated,
edit_salary.hint,Pick what matches the kind of work you want. Employers see this on your profile.,ನೀವು ಬಯಸುವ ಕೆಲಸಕ್ಕೆ ಹೊಂದಾಣಿಕೆಯಾಗುವದನ್ನು ಆಯ್ಕೆಮಾಡಿ. ಉದ್ಯೋಗದಾತರು ಇದನ್ನು ನಿಮ್ಮ ಪ್ರೊಫೈಲ್‌ನಲ್ಲಿ ನೋಡುತ್ತಾರೆ.,translated,
edit_salary.error_enter_valid,Enter a valid amount,ಮಾನ್ಯ ಮೊತ್ತ ನಮೂದಿಸಿ,translated,
edit_salary.error_max_lt_min,Max must be at least the minimum,ಗರಿಷ್ಠವು ಕನಿಷ್ಠಕ್ಕಿಂತ ಹೆಚ್ಚು ಇರಬೇಕು,translated,
edit_salary.error_save_default,Could not save,ಉಳಿಸಲಾಗಲಿಲ್ಲ,translated,
edit_salary.how_paid_eyebrow,HOW YOU'RE PAID,ನೀವು ಹೇಗೆ ಪಾವತಿ ಪಡೆಯುತ್ತೀರಿ,translated,
edit_salary.amount_eyebrow,AMOUNT (₹),ಮೊತ್ತ (₹),translated,
edit_salary.min_label,Minimum,ಕನಿಷ್ಠ,translated,
edit_salary.max_label,Maximum (optional),ಗರಿಷ್ಠ (ಐಚ್ಛಿಕ),translated,
edit_salary.max_placeholder,Stretch target,ಸ್ಟ್ರೆಚ್ ಗುರಿ,translated,
edit_salary.amount_hint,White-collar candidates: set both for a range. Daily-wage workers: leave Maximum empty.,ವೈಟ್-ಕಾಲರ್ ಅಭ್ಯರ್ಥಿಗಳು: ಶ್ರೇಣಿಗಾಗಿ ಎರಡನ್ನೂ ಹೊಂದಿಸಿ. ದೈನಂದಿನ ವೇತನದ ಕಾರ್ಮಿಕರು: ಗರಿಷ್ಠ ಖಾಲಿ ಬಿಡಿ.,translated,
edit_salary.preview_eyebrow,EMPLOYERS WILL SEE,ಉದ್ಯೋಗದಾತರು ನೋಡುತ್ತಾರೆ,translated,
edit_salary.save_a11y,Save expected salary,ನಿರೀಕ್ಷಿತ ಸಂಬಳ ಉಳಿಸಿ,translated,
edit_salary.save_btn,Save,ಉಳಿಸಿ,translated,
edit_salary.saving_btn,Saving…,ಉಳಿಸಲಾಗುತ್ತಿದೆ…,translated,
edit_salary.clear_a11y,Clear expected salary,ನಿರೀಕ್ಷಿತ ಸಂಬಳ ತೆರವುಗೊಳಿಸಿ,translated,
edit_salary.clear_btn,Clear,ತೆರವುಗೊಳಿಸಿ,translated,
edit_salary.footer_note,You can change this anytime. We use it to suggest jobs that match your pay expectation.,ನೀವು ಯಾವಾಗ ಬೇಕಾದರೂ ಇದನ್ನು ಬದಲಾಯಿಸಬಹುದು. ನಿಮ್ಮ ವೇತನ ನಿರೀಕ್ಷೆಗೆ ಹೊಂದಾಣಿಕೆಯ ಕೆಲಸಗಳನ್ನು ಸೂಚಿಸಲು ನಾವು ಇದನ್ನು ಬಳಸುತ್ತೇವೆ.,translated,
edit_salary.period_label_day,Per day,ಪ್ರತಿ ದಿನಕ್ಕೆ,translated,
edit_salary.period_label_month,Per month,ಪ್ರತಿ ತಿಂಗಳಿಗೆ,translated,
edit_salary.period_label_hour,Per hour,ಪ್ರತಿ ಗಂಟೆಗೆ,translated,
edit_salary.period_label_fixed,Fixed (per gig),ಸ್ಥಿರ (ಪ್ರತಿ ಗಿಗ್),translated,
edit_salary.period_label_week,Per week,ಪ್ರತಿ ವಾರಕ್ಕೆ,translated,
edit_salary.period_hint_day,"Daily wage work — construction, helper, delivery on commission, mason","ದೈನಂದಿನ ವೇತನದ ಕೆಲಸ — ನಿರ್ಮಾಣ, ಸಹಾಯಕ, ಕಮಿಷನ್ ಮೇಲೆ ಡೆಲಿವರಿ, ಮೇಸ್ತ್ರಿ",translated,
edit_salary.period_hint_month,"Full-time monthly salary — delivery boy at a company, salon assistant, retail staff","ಪೂರ್ಣ ಸಮಯದ ಮಾಸಿಕ ಸಂಬಳ — ಕಂಪನಿಯಲ್ಲಿ ಡೆಲಿವರಿ ಬಾಯ್, ಸಲೂನ್ ಸಹಾಯಕ, ರಿಟೇಲ್ ಸಿಬ್ಬಂದಿ",translated,
edit_salary.period_hint_hour,"Hourly contract or part-time work — tutoring, freelance, evening shifts","ಗಂಟೆಯ ಒಪ್ಪಂದ ಅಥವಾ ಅರೆ ಸಮಯದ ಕೆಲಸ — ಟ್ಯೂಟರಿಂಗ್, ಫ್ರೀಲ್ಯಾನ್ಸ್, ಸಂಜೆಯ ಶಿಫ್ಟ್‌ಗಳು",translated,
edit_salary.period_hint_fixed,"One-time job paid as a single amount — event photography, repairs, single tasks","ಒಂದು ಬಾರಿ ಕೆಲಸ ಒಂದು ಮೊತ್ತವಾಗಿ ಪಾವತಿ — ಈವೆಂಟ್ ಫೋಟೋಗ್ರಫಿ, ರಿಪೇರಿಗಳು, ಒಂಟಿ ಕಾರ್ಯಗಳು",translated,
edit_salary.period_hint_week,"Weekly wage — less common, used in some seasonal or contract roles","ಸಾಪ್ತಾಹಿಕ ವೇತನ — ಸಾಮಾನ್ಯವಾಗಿ ಕಡಿಮೆ, ಕೆಲವು ಋತುಮಾನ ಅಥವಾ ಒಪ್ಪಂದದ ಪಾತ್ರಗಳಲ್ಲಿ ಬಳಸಲಾಗುತ್ತದೆ",translated,
edit_salary.sample_day,e.g. 600 — typical for daily-wage roles,ಉದಾ. 600 — ದೈನಂದಿನ ವೇತನದ ಪಾತ್ರಗಳಿಗೆ ಸಾಮಾನ್ಯ,translated,
edit_salary.sample_month,e.g. 15000 — typical for full-time roles,ಉದಾ. 15000 — ಪೂರ್ಣ ಸಮಯದ ಪಾತ್ರಗಳಿಗೆ ಸಾಮಾನ್ಯ,translated,
edit_salary.sample_hour,e.g. 100 — typical for hourly work,ಉದಾ. 100 — ಗಂಟೆಯ ಕೆಲಸಕ್ಕೆ ಸಾಮಾನ್ಯ,translated,
edit_salary.sample_fixed,e.g. 3000 — one-time payment,ಉದಾ. 3000 — ಒಂದು ಬಾರಿ ಪಾವತಿ,translated,
edit_salary.sample_week,e.g. 4000 — for weekly-paid roles,ಉದಾ. 4000 — ಸಾಪ್ತಾಹಿಕ ಪಾವತಿಯ ಪಾತ್ರಗಳಿಗೆ,translated,
edit_salary.period_suffix_day,/ day,/ ದಿನ,translated,
edit_salary.period_suffix_month,/ month,/ ತಿಂಗಳು,translated,
edit_salary.period_suffix_hour,/ hour,/ ಗಂಟೆ,translated,
edit_salary.period_suffix_fixed,fixed,ಸ್ಥಿರ,translated,
edit_salary.period_suffix_week,/ week,/ ವಾರ,translated,
earnings.title,My Earnings,ನನ್ನ ಗಳಿಕೆ,translated,
earnings.info_a11y,About earnings,ಗಳಿಕೆಯ ಬಗ್ಗೆ,translated,
earnings.info_dialog_title,How earnings work,ಗಳಿಕೆ ಹೇಗೆ ಕೆಲಸ ಮಾಡುತ್ತದೆ,translated,
earnings.info_dialog_body,"Doondo records the pay each employer agreed to when you were hired. The total here is the value of every contract you've won — it does NOT include money actually moved to your bank yet.

Direct bank payouts arrive in a future update. Until then, payment happens between you and the employer the way you agreed (cash, UPI, etc.). If an employer doesn't pay, message Doondo Support.","ನೀವು ನೇಮಕವಾದಾಗ ಪ್ರತಿ ಉದ್ಯೋಗದಾತ ಒಪ್ಪಿದ ವೇತನವನ್ನು Doondo ದಾಖಲಿಸುತ್ತದೆ. ಇಲ್ಲಿನ ಒಟ್ಟು ನೀವು ಗೆದ್ದ ಪ್ರತಿ ಒಪ್ಪಂದದ ಮೌಲ್ಯ — ಇದು ನಿಮ್ಮ ಬ್ಯಾಂಕ್‌ಗೆ ನಿಜವಾಗಿ ಸ್ಥಳಾಂತರಿಸಿದ ಹಣವನ್ನು ಒಳಗೊಂಡಿಲ್ಲ.

ನೇರ ಬ್ಯಾಂಕ್ ಪಾವತಿಗಳು ಭವಿಷ್ಯದ ನವೀಕರಣದಲ್ಲಿ ಬರಲಿವೆ. ಅಲ್ಲಿಯವರೆಗೆ, ಪಾವತಿ ನಿಮ್ಮ ಮತ್ತು ಉದ್ಯೋಗದಾತರ ನಡುವೆ ನೀವು ಒಪ್ಪಿದಂತೆ (ನಗದು, UPI, ಇತ್ಯಾದಿ) ನಡೆಯುತ್ತದೆ. ಉದ್ಯೋಗದಾತ ಪಾವತಿಸದಿದ್ದರೆ, Doondo ಬೆಂಬಲಕ್ಕೆ ಸಂದೇಶ ಕಳುಹಿಸಿ.",translated,
earnings.info_dialog_ok,Got it,ಸರಿ,translated,
earnings.contracts_won,Contracts won,ಗೆದ್ದ ಒಪ್ಪಂದಗಳು,translated,
earnings.summary_pending,Pending,ಬಾಕಿ,translated,
earnings.summary_hires,Hires,ನೇಮಕಗಳು,translated,
earnings.summary_cash_logged,Cash logged,ನಗದು ದಾಖಲಿಸಲಾಗಿದೆ,translated,
earnings.log_cta,+ Log cash earning,+ ನಗದು ಗಳಿಕೆ ದಾಖಲಿಸಿ,translated,
earnings.log_cta_a11y,Log a cash earning,ನಗದು ಗಳಿಕೆಯನ್ನು ದಾಖಲಿಸಿ,translated,
earnings.transactions_eyebrow,TRANSACTIONS,ವ್ಯವಹಾರಗಳು,translated,
earnings.error_title,Couldn't load earnings,ಗಳಿಕೆಯನ್ನು ಲೋಡ್ ಮಾಡಲಾಗಲಿಲ್ಲ,translated,
earnings.error_message,Check your connection and try again.,ನಿಮ್ಮ ಸಂಪರ್ಕ ಪರಿಶೀಲಿಸಿ ಮತ್ತೆ ಪ್ರಯತ್ನಿಸಿ.,translated,
earnings.retry_cta,Retry,ಮತ್ತೊಮ್ಮೆ ಪ್ರಯತ್ನಿಸಿ,translated,
earnings.empty_eyebrow,NO EARNINGS YET,ಇನ್ನೂ ಗಳಿಕೆ ಇಲ್ಲ,translated,
earnings.empty_title,No contracts yet,ಇನ್ನೂ ಒಪ್ಪಂದಗಳಿಲ್ಲ,translated,
earnings.empty_message,Every job you're hired for shows up here with the pay the employer agreed to. Direct bank payouts arrive in a future update.,ನೀವು ನೇಮಕವಾದ ಪ್ರತಿ ಕೆಲಸ ಉದ್ಯೋಗದಾತ ಒಪ್ಪಿದ ವೇತನದೊಂದಿಗೆ ಇಲ್ಲಿ ಕಾಣಿಸುತ್ತದೆ. ನೇರ ಬ್ಯಾಂಕ್ ಪಾವತಿಗಳು ಭವಿಷ್ಯದ ನವೀಕರಣದಲ್ಲಿ ಬರಲಿವೆ.,translated,
earnings.empty_cta,Browse jobs,ಕೆಲಸಗಳನ್ನು ಬ್ರೌಸ್ ಮಾಡಿ,translated,
earnings.log_modal_eyebrow,CASH EARNING,ನಗದು ಗಳಿಕೆ,translated,
earnings.log_modal_title,Log a cash gig,ನಗದು ಗಿಗ್ ದಾಖಲಿಸಿ,translated,
earnings.log_modal_body,"Worked outside Doondo and got paid in cash? Add it here to keep your earnings record complete — useful for loans, tax, and remittance planning. Stays private to you.","Doondo ಹೊರಗೆ ಕೆಲಸ ಮಾಡಿ ನಗದು ಪಾವತಿ ಪಡೆದಿರಾ? ನಿಮ್ಮ ಗಳಿಕೆ ದಾಖಲೆ ಪೂರ್ಣವಾಗಿರಲು ಇಲ್ಲಿ ಸೇರಿಸಿ — ಸಾಲ, ತೆರಿಗೆ ಮತ್ತು ರವಾನೆ ಯೋಜನೆಗೆ ಉಪಯುಕ್ತ. ನಿಮಗೆ ಮಾತ್ರ ಖಾಸಗಿಯಾಗಿರುತ್ತದೆ.",translated,
earnings.log_modal_amount_label,Amount (₹),ಮೊತ್ತ (₹),translated,
earnings.log_modal_amount_placeholder,e.g. 800,ಉದಾ. 800,translated,
earnings.log_modal_desc_label,What was the work?,ಯಾವ ಕೆಲಸವಾಗಿತ್ತು?,translated,
earnings.log_modal_desc_placeholder,e.g. Painting at Mr. Sharma's house,ಉದಾ. ಶರ್ಮಾ ಅವರ ಮನೆಯಲ್ಲಿ ಪೇಂಟಿಂಗ್,translated,
earnings.log_modal_cancel,Cancel,ರದ್ದು,translated,
earnings.log_modal_save,Save,ಉಳಿಸಿ,translated,
earnings.log_modal_saving,Saving…,ಉಳಿಸಲಾಗುತ್ತಿದೆ…,translated,
earnings.error_amount,Enter a valid amount,ಮಾನ್ಯ ಮೊತ್ತ ನಮೂದಿಸಿ,translated,
earnings.error_desc,Add a short description,ಸಣ್ಣ ವಿವರಣೆ ಸೇರಿಸಿ,translated,
earnings.error_default,Try again.,ಮತ್ತೊಮ್ಮೆ ಪ್ರಯತ್ನಿಸಿ.,translated,
earnings.couldnt_log_title,Couldn't log,ದಾಖಲಿಸಲಾಗಲಿಲ್ಲ,translated,
earnings.tx_status_settled,Settled,ಇತ್ಯರ್ಥವಾಗಿದೆ,translated,
earnings.tx_status_pending,Pending,ಬಾಕಿ,translated,
earnings.tx_status_reversed,Reversed,ಹಿಂತಿರುಗಿಸಲಾಗಿದೆ,translated,
earnings.tx_status_cash_self_logged,Cash (self-logged),ನಗದು (ಸ್ವಯಂ-ದಾಖಲಿಸಿದ),translated,
earnings.generate_receipt,📄 Generate receipt,📄 ರಸೀದಿ ರಚಿಸಿ,translated,
earnings.preparing_receipt,Preparing receipt…,ರಸೀದಿ ಸಿದ್ಧಗೊಳಿಸಲಾಗುತ್ತಿದೆ…,translated,
earnings.receipt_error_title,Couldn't make receipt,ರಸೀದಿ ಮಾಡಲಾಗಲಿಲ್ಲ,translated,
earnings.receipt_unavailable_title,Receipt unavailable,ರಸೀದಿ ಲಭ್ಯವಿಲ್ಲ,translated,
earnings.receipt_unavailable_body,We couldn't generate a PDF on this device. The amount is still recorded in your diary.,ಈ ಸಾಧನದಲ್ಲಿ PDF ರಚಿಸಲು ನಮಗೆ ಸಾಧ್ಯವಾಗಲಿಲ್ಲ. ಮೊತ್ತವನ್ನು ಇನ್ನೂ ನಿಮ್ಮ ಡೈರಿಯಲ್ಲಿ ದಾಖಲಿಸಲಾಗಿದೆ.,translated,
leave_rating.cancel_back,← Cancel,← ರದ್ದು,translated,
leave_rating.eyebrow,LEAVE A RATING,ರೇಟಿಂಗ್ ನೀಡಿ,translated,
leave_rating.title_named,How was {{name}}?,{{name}} ಹೇಗಿತ್ತು?,translated,
leave_rating.for_job,For: {{job}},ಇದಕ್ಕಾಗಿ: {{job}},translated,
leave_rating.tap_a_star,Tap a star,ಒಂದು ನಕ್ಷತ್ರ ಟ್ಯಾಪ್ ಮಾಡಿ,translated,
leave_rating.error_tap_one_to_five,Tap a star from 1 to 5,1 ರಿಂದ 5 ರವರೆಗೆ ಒಂದು ನಕ್ಷತ್ರ ಟ್ಯಾಪ್ ಮಾಡಿ,translated,
leave_rating.score.poor,Poor,ಕಳಪೆ,translated,
leave_rating.score.below_avg,Below average,ಸರಾಸರಿಗಿಂತ ಕಡಿಮೆ,translated,
leave_rating.score.okay,Okay,ಸರಿ,translated,
leave_rating.score.very_good,Very good,ಬಹಳ ಒಳ್ಳೆಯದು,translated,
leave_rating.score.excellent,Excellent,ಅತ್ಯುತ್ತಮ,translated,
leave_rating.note_label,ADD A NOTE (OPTIONAL),ಟಿಪ್ಪಣಿ ಸೇರಿಸಿ (ಐಚ್ಛಿಕ),translated,
leave_rating.note_placeholder,What stood out? Anything others should know?,ಏನು ಎದ್ದು ಕಂಡಿತು? ಇತರರು ತಿಳಿಯಬೇಕಾದದ್ದು ಏನಾದರೂ ಇದೆಯೇ?,translated,
leave_rating.char_count,{{n}} / 500,{{n}} / 500,translated,
leave_rating.submit,Submit rating,ರೇಟಿಂಗ್ ಸಲ್ಲಿಸಿ,translated,
leave_rating.submitting,Submitting…,ಸಲ್ಲಿಸಲಾಗುತ್ತಿದೆ…,translated,
leave_rating.error_default,Could not save your rating,ನಿಮ್ಮ ರೇಟಿಂಗ್ ಉಳಿಸಲಾಗಲಿಲ್ಲ,translated,
skill_tests.header_title,Skill tests,ಸ್ಕಿಲ್ ಟೆಸ್ಟ್,translated,
skill_tests.header_blurb,"Short 5-question tests per trade. Pass 4 of 5 and earn a ""✓ Tested"" pill that shows on your resume.","ಪ್ರತಿ ಟ್ರೇಡ್‌ಗೆ ಸಣ್ಣ 5-ಪ್ರಶ್ನೆಗಳ ಟೆಸ್ಟ್. 5ರಲ್ಲಿ 4 ಪಾಸ್ ಮಾಡಿ ಮತ್ತು ನಿಮ್ಮ ರೆಸ್ಯೂಮೆಯಲ್ಲಿ ""✓ ಪರೀಕ್ಷಿತ"" ಪಿಲ್ ಗಳಿಸಿ.",translated,
skill_tests.error_title,Couldn't load tests,ಟೆಸ್ಟ್‌ಗಳನ್ನು ಲೋಡ್ ಮಾಡಲಾಗಲಿಲ್ಲ,translated,
skill_tests.error_message,Check your connection and try again.,ನಿಮ್ಮ ಸಂಪರ್ಕವನ್ನು ಪರಿಶೀಲಿಸಿ ಮತ್ತೆ ಪ್ರಯತ್ನಿಸಿ.,translated,
skill_tests.retry,Retry,ಮತ್ತೆ ಪ್ರಯತ್ನಿಸಿ,translated,
skill_tests.card_meta,{{q}} questions · pass {{pass}}/{{q}} · {{min}} min,{{q}} ಪ್ರಶ್ನೆಗಳು · ಪಾಸ್ {{pass}}/{{q}} · {{min}} ನಿಮಿಷ,translated,
skill_tests.status_passed,✓ Passed,✓ ಪಾಸ್,translated,
skill_tests.status_cooldown,Try in {{h}}h,{{h}} ಗಂಟೆಯಲ್ಲಿ ಪ್ರಯತ್ನಿಸಿ,translated,
skill_tests.cta_take,Take test,ಟೆಸ್ಟ್ ತೆಗೆದುಕೊಳ್ಳಿ,translated,
skill_tests.couldnt_submit_title,Couldn't submit,ಸಲ್ಲಿಸಲಾಗಲಿಲ್ಲ,translated,
skill_tests.couldnt_submit_default,Try again.,ಮತ್ತೆ ಪ್ರಯತ್ನಿಸಿ.,translated,
skill_tests.question_label,QUESTION {{i}} / {{n}},ಪ್ರಶ್ನೆ {{i}} / {{n}},translated,
skill_tests.cta_done,Done,ಮುಗಿಸಿ,translated,
skill_tests.cta_submit,Submit,ಸಲ್ಲಿಸಿ,translated,
skill_tests.cta_grading,Grading…,ಮೌಲ್ಯಮಾಪನ…,translated,
skill_tests.cta_answer_all,Answer all {{n}} to submit,ಸಲ್ಲಿಸಲು ಎಲ್ಲ {{n}} ಪ್ರಶ್ನೆಗಳಿಗೆ ಉತ್ತರಿಸಿ,translated,
skill_tests.result_passed_title,Passed,ಪಾಸ್,translated,
skill_tests.result_passed_body,"You scored {{score}} / {{total}}. The ""✓ Tested: {{title}}"" pill now shows on your resume.","ನೀವು {{score}} / {{total}} ಸ್ಕೋರ್ ಮಾಡಿದ್ದೀರಿ. ""✓ ಪರೀಕ್ಷಿತ: {{title}}"" ಪಿಲ್ ಈಗ ನಿಮ್ಮ ರೆಸ್ಯೂಮೆಯಲ್ಲಿದೆ.",translated,
skill_tests.result_failed_title,Not quite,ಸ್ವಲ್ಪ ಕಡಿಮೆ,translated,
skill_tests.result_failed_body,You scored {{score}} / {{total}}. You need {{pass}} to pass.,ನೀವು {{score}} / {{total}} ಸ್ಕೋರ್ ಮಾಡಿದ್ದೀರಿ. ಪಾಸ್ ಆಗಲು {{pass}} ಬೇಕು.,translated,
skill_tests.result_failed_retry,Try again in 24 hours — pace lets you actually study between attempts.,24 ಗಂಟೆಗಳ ನಂತರ ಮತ್ತೆ ಪ್ರಯತ್ನಿಸಿ — ಪ್ರಯತ್ನಗಳ ನಡುವೆ ಅಧ್ಯಯನ ಮಾಡಲು ಸಮಯ ಸಿಗುತ್ತದೆ.,translated,
courses.header_title,Training & courses,ತರಬೇತಿ ಮತ್ತು ಕೋರ್ಸ್‌ಗಳು,translated,
courses.header_blurb,Short lessons that take 15–25 minutes. Finish all the lessons and earn a badge that shows on your resume.,15–25 ನಿಮಿಷಗಳ ಸಣ್ಣ ಪಾಠಗಳು. ಎಲ್ಲ ಪಾಠಗಳನ್ನು ಮುಗಿಸಿ ಮತ್ತು ನಿಮ್ಮ ರೆಸ್ಯೂಮೆಯಲ್ಲಿ ಕಾಣುವ ಬ್ಯಾಡ್ಜ್ ಗಳಿಸಿ.,translated,
courses.error_title,Couldn't load courses,ಕೋರ್ಸ್‌ಗಳನ್ನು ಲೋಡ್ ಮಾಡಲಾಗಲಿಲ್ಲ,translated,
courses.error_message,Check your connection and try again.,ನಿಮ್ಮ ಸಂಪರ್ಕವನ್ನು ಪರಿಶೀಲಿಸಿ ಮತ್ತೆ ಪ್ರಯತ್ನಿಸಿ.,translated,
courses.retry,Retry,ಮತ್ತೆ ಪ್ರಯತ್ನಿಸಿ,translated,
courses.all_courses,ALL COURSES,ಎಲ್ಲ ಕೋರ್ಸ್‌ಗಳು,translated,
courses.your_badges,YOUR BADGES · {{n}},ನಿಮ್ಮ ಬ್ಯಾಡ್ಜ್‌ಗಳು · {{n}},translated,
courses.in_progress,IN PROGRESS · {{n}},ಪ್ರಗತಿಯಲ್ಲಿ · {{n}},translated,
courses.card_lessons_meta,{{n}} lessons · {{min}} min,{{n}} ಪಾಠಗಳು · {{min}} ನಿಮಿಷ,translated,
courses.card_a11y,Open course: {{title}},ಕೋರ್ಸ್ ತೆರೆಯಿರಿ: {{title}},translated,
courses.progress_meta,{{done}} / {{total}} lessons done,{{done}} / {{total}} ಪಾಠಗಳು ಪೂರ್ಣ,translated,
course_detail.error_title,Couldn't load this course,ಈ ಕೋರ್ಸ್ ಲೋಡ್ ಮಾಡಲಾಗಲಿಲ್ಲ,translated,
course_detail.error_message,Check your connection and try again.,ನಿಮ್ಮ ಸಂಪರ್ಕವನ್ನು ಪರಿಶೀಲಿಸಿ ಮತ್ತೆ ಪ್ರಯತ್ನಿಸಿ.,translated,
course_detail.retry,Retry,ಮತ್ತೆ ಪ್ರಯತ್ನಿಸಿ,translated,
course_detail.header_meta,{{n}} lessons · {{min}} min · {{level}},{{n}} ಪಾಠಗಳು · {{min}} ನಿಮಿಷ · {{level}},translated,
course_detail.badge_earned,BADGE EARNED,ಬ್ಯಾಡ್ಜ್ ಗಳಿಸಿದ್ದೀರಿ,translated,
course_detail.your_progress,YOUR PROGRESS,ನಿಮ್ಮ ಪ್ರಗತಿ,translated,
course_detail.start_course,Start course,ಕೋರ್ಸ್ ಪ್ರಾರಂಭಿಸಿ,translated,
course_detail.starting,Starting…,ಪ್ರಾರಂಭವಾಗುತ್ತಿದೆ…,translated,
course_detail.lessons_section,LESSONS,ಪಾಠಗಳು,translated,
course_detail.lesson_min_read,{{n}} min read,{{n}} ನಿಮಿಷ ಓದು,translated,
course_detail.a11y_open_lesson,Open lesson: {{title}},ಪಾಠ ತೆರೆಯಿರಿ: {{title}},translated,
course_detail.couldnt_enroll,Couldn't enroll,ದಾಖಲಾಗಲಾಗಲಿಲ್ಲ,translated,
course_detail.try_again,Try again.,ಮತ್ತೆ ಪ್ರಯತ್ನಿಸಿ.,translated,
course_detail.couldnt_complete,Couldn't mark complete,ಪೂರ್ಣ ಎಂದು ಗುರುತಿಸಲಾಗಲಿಲ್ಲ,translated,
course_detail.badge_alert_title,🏅 Badge earned,🏅 ಬ್ಯಾಡ್ಜ್ ಗಳಿಸಿದ್ದೀರಿ,translated,
course_detail.badge_alert_body,You've completed this course. The badge now shows on your resume.,ನೀವು ಈ ಕೋರ್ಸ್ ಪೂರ್ಣಗೊಳಿಸಿದ್ದೀರಿ. ಬ್ಯಾಡ್ಜ್ ಈಗ ನಿಮ್ಮ ರೆಸ್ಯೂಮೆಯಲ್ಲಿದೆ.,translated,
course_detail.lesson_complete_done,✓ Completed,✓ ಪೂರ್ಣ,translated,
course_detail.lesson_complete_saving,Saving…,ಉಳಿಸಲಾಗುತ್ತಿದೆ…,translated,
course_detail.lesson_complete_cta,Mark as complete,ಪೂರ್ಣ ಎಂದು ಗುರುತಿಸಿ,translated,
course_detail.a11y_completed,Lesson completed,ಪಾಠ ಪೂರ್ಣ,translated,
course_detail.a11y_mark_complete,Mark this lesson complete,ಈ ಪಾಠವನ್ನು ಪೂರ್ಣ ಎಂದು ಗುರುತಿಸಿ,translated,
sos.header_title,Safety SOS,ಸುರಕ್ಷತಾ SOS,translated,
sos.how_it_works_title,How it works,ಇದು ಹೇಗೆ ಕೆಲಸ ಮಾಡುತ್ತದೆ,translated,
sos.how_it_works_body,"If you ever feel unsafe at work, hold the SOS button for 2 seconds. Doondo will open your phone's SMS app pre-filled with your location and a help message to your emergency contact. You decide whether to send.","ಕೆಲಸದಲ್ಲಿ ಎಂದಾದರೂ ಅಸುರಕ್ಷಿತವೆನಿಸಿದರೆ, SOS ಬಟನ್ ಅನ್ನು 2 ಸೆಕೆಂಡ್ ಹಿಡಿದುಕೊಳ್ಳಿ. ಡೂಂಡೋ ನಿಮ್ಮ ಫೋನ್‌ನ SMS ಆಪ್ ಅನ್ನು ತೆರೆಯುತ್ತದೆ, ಅದರಲ್ಲಿ ನಿಮ್ಮ ಸ್ಥಳ ಮತ್ತು ಸಹಾಯದ ಸಂದೇಶ ಮೊದಲೇ ತುಂಬಿರುತ್ತದೆ. ಕಳುಹಿಸುವುದು ನಿಮ್ಮ ಆಯ್ಕೆ.",translated,
sos.emergency_contact,EMERGENCY CONTACT,ತುರ್ತು ಸಂಪರ್ಕ,translated,
sos.edit_contact,EDIT CONTACT,ಸಂಪರ್ಕ ಸಂಪಾದಿಸಿ,translated,
sos.add_contact,ADD EMERGENCY CONTACT,ತುರ್ತು ಸಂಪರ್ಕ ಸೇರಿಸಿ,translated,
sos.name_placeholder,"Contact name (e.g. Amma, Brother)","ಸಂಪರ್ಕದ ಹೆಸರು (ಉದಾ. ಅಮ್ಮ, ಅಣ್ಣ)",translated,
sos.phone_placeholder,Phone number (e.g. 9876543210),ಫೋನ್ ನಂಬರ್ (ಉದಾ. 9876543210),translated,
sos.edit,Edit,ಸಂಪಾದಿಸಿ,translated,
sos.remove_contact,Remove contact,ಸಂಪರ್ಕ ತೆಗೆದುಹಾಕಿ,translated,
sos.remove_confirm_title,Remove contact?,ಸಂಪರ್ಕ ತೆಗೆದುಹಾಕಬೇಕೆ?,translated,
sos.remove_confirm_body,We'll clear the saved name and number from this device. SOS will be disabled until you add a new one.,ನಾವು ಸೇವ್ ಆದ ಹೆಸರು ಮತ್ತು ನಂಬರ್ ಅನ್ನು ಈ ಸಾಧನದಿಂದ ತೆಗೆದುಹಾಕುತ್ತೇವೆ. ಹೊಸದನ್ನು ಸೇರಿಸುವವರೆಗೆ SOS ಆಫ್ ಆಗಿರುತ್ತದೆ.,translated,
sos.remove_confirm_cancel,Cancel,ರದ್ದು,translated,
sos.remove_confirm_ok,Remove,ತೆಗೆದುಹಾಕಿ,translated,
sos.cancel,Cancel,ರದ್ದು,translated,
sos.save,Save contact,ಸಂಪರ್ಕ ಸೇವ್ ಮಾಡಿ,translated,
sos.saving,Saving…,ಸೇವ್ ಆಗುತ್ತಿದೆ…,translated,
sos.couldnt_save,Could not save,ಸೇವ್ ಮಾಡಲಾಗಲಿಲ್ಲ,translated,
sos.try_again,Try again.,ಮತ್ತೆ ಪ್ರಯತ್ನಿಸಿ.,translated,
sos.add_name_title,Add a name,ಹೆಸರು ಸೇರಿಸಿ,translated,
sos.add_name_body,Please enter the contact's name.,ದಯವಿಟ್ಟು ಸಂಪರ್ಕದ ಹೆಸರನ್ನು ನಮೂದಿಸಿ.,translated,
sos.add_phone_title,Add a valid phone,ಸರಿಯಾದ ಫೋನ್ ಸೇರಿಸಿ,translated,
sos.add_phone_body,Please enter a real phone number.,ದಯವಿಟ್ಟು ಸರಿಯಾದ ಫೋನ್ ನಂಬರ್ ನಮೂದಿಸಿ.,translated,
sos.couldnt_open_sms_title,Couldn't open SMS,SMS ತೆರೆಯಲಾಗಲಿಲ್ಲ,translated,
sos.couldnt_open_sms_default,Please try calling your contact directly.,ದಯವಿಟ್ಟು ನಿಮ್ಮ ಸಂಪರ್ಕವನ್ನು ನೇರವಾಗಿ ಕರೆಯಿರಿ.,translated,
sos.sender_fallback_name,A Doondo user,ಒಬ್ಬ ಡೂಂಡೋ ಬಳಕೆದಾರ,translated,
sos.sos_label,SOS,SOS,translated,
sos.sos_pressing,KEEP HOLDING…,ಹಿಡಿದಿಡಿ…,translated,
sos.sos_press_and_hold,PRESS AND HOLD,ಒತ್ತಿ ಹಿಡಿಯಿರಿ,translated,
sos.hold_two_seconds_hint,Hold for 2 seconds to open SMS,SMS ತೆರೆಯಲು 2 ಸೆಕೆಂಡ್ ಹಿಡಿಯಿರಿ,translated,
sos.disclaimer_pre,"Doondo does not send the SMS for you. Your phone's SMS app opens with the message ready — you choose whether to send. For life-threatening emergencies, dial",ಡೂಂಡೋ ನಿಮಗೆ SMS ಕಳುಹಿಸುವುದಿಲ್ಲ. ನಿಮ್ಮ ಫೋನ್‌ನ SMS ಆಪ್ ಸಂದೇಶ ಸಿದ್ಧಪಡಿಸಿ ತೆರೆಯುತ್ತದೆ — ಕಳುಹಿಸುವುದು ನಿಮ್ಮ ಆಯ್ಕೆ. ಜೀವಕ್ಕೆ ಅಪಾಯವಿರುವ ಸಂದರ್ಭದಲ್ಲಿ ನೇರವಾಗಿ,translated,
sos.disclaimer_emergency_number,112,112,translated,
sos.disclaimer_post, directly., ಡಯಲ್ ಮಾಡಿ.,translated,
voice_search.back,← Back,← ಹಿಂದೆ,translated,
voice_search.header_title,Voice Search,ಧ್ವನಿ ಹುಡುಕಾಟ,translated,
voice_search.language_label,LANGUAGE,ಭಾಷೆ,translated,
voice_search.listening,Listening… speak your skill,ಕೇಳುತ್ತಿದೆ… ನಿಮ್ಮ ಕೌಶಲ್ಯ ಹೇಳಿ,translated,
voice_search.prompt,What kind of work are you looking for?,ನೀವು ಯಾವ ರೀತಿಯ ಕೆಲಸ ಹುಡುಕುತ್ತಿದ್ದೀರಿ?,translated,
voice_search.tell_your_skill,Tell your skill…,ನಿಮ್ಮ ಕೌಶಲ್ಯ ಹೇಳಿ…,translated,
voice_search.unavailable,Voice input isn't available on this device. Type your search below.,ಈ ಸಾಧನದಲ್ಲಿ ಧ್ವನಿ ಇನ್‌ಪುಟ್ ಲಭ್ಯವಿಲ್ಲ. ಕೆಳಗೆ ಟೈಪ್ ಮಾಡಿ ಹುಡುಕಿ.,translated,
voice_search.input_listening,Listening…,ಕೇಳುತ್ತಿದೆ…,translated,
voice_search.input_placeholder,Or type to search,ಅಥವಾ ಹುಡುಕಲು ಟೈಪ್ ಮಾಡಿ,translated,
voice_search.search_jobs,Search jobs,ಜಾಬ್ ಹುಡುಕಿ,translated,
voice_search.a11y_search_jobs,Search jobs,ಜಾಬ್ ಹುಡುಕಿ,translated,
voice_search.popular_searches,POPULAR SEARCHES,ಜನಪ್ರಿಯ ಹುಡುಕಾಟ,translated,
voice_search.popular_delivery,Delivery jobs,ಡೆಲಿವರಿ ಕೆಲಸಗಳು,translated,
voice_search.popular_electrician,Electrician jobs,ಎಲೆಕ್ಟ್ರಿಷಿಯನ್ ಕೆಲಸಗಳು,translated,
voice_search.popular_driver,Driver jobs,ಡ್ರೈವರ್ ಕೆಲಸಗಳು,translated,
voice_search.popular_helper,Helper jobs,ಸಹಾಯಕ ಕೆಲಸಗಳು,translated,
voice_search.popular_mason,Mason jobs,ಮೇಸನ್ ಕೆಲಸಗಳು,translated,
auth.welcome.eyebrow,DOONDO,ಡೂಂಡೋ,translated,
auth.welcome.hero,Hire nearby.,ಹತ್ತಿರ ನೇಮಿಸಿ.,translated,
auth.welcome.tagline,"Doondo connects you with work in your city, area, and walking radius.","ಡೂಂಡೋ ನಿಮ್ಮನ್ನು ನಿಮ್ಮ ನಗರ, ಪ್ರದೇಶ ಮತ್ತು ನಡೆದು ಹೋಗಬಹುದಾದ ದೂರದಲ್ಲಿನ ಕೆಲಸಗಳೊಂದಿಗೆ ಸಂಪರ್ಕಿಸುತ್ತದೆ.",translated,
auth.welcome.cta_create,Create your account,ಖಾತೆ ರಚಿಸಿ,translated,
auth.welcome.cta_have_account,I already have an account,ನನ್ನ ಬಳಿ ಈಗಾಗಲೇ ಖಾತೆಯಿದೆ,translated,
auth.welcome.terms,By continuing you agree to Doondo's Terms and Privacy Policy.,ಮುಂದುವರಿಯುವ ಮೂಲಕ ನೀವು ಡೂಂಡೋದ ನಿಯಮಗಳು ಮತ್ತು ಗೌಪ್ಯತೆ ನೀತಿಯನ್ನು ಒಪ್ಪುತ್ತೀರಿ.,translated,
auth.onboarding.brand,Doondo,ಡೂಂಡೋ,translated,
auth.onboarding.skip,Skip,ಬಿಡಿ,translated,
auth.onboarding.next,Next,ಮುಂದೆ,translated,
auth.onboarding.get_started,Get started,ಪ್ರಾರಂಭಿಸಿ,translated,
auth.onboarding.slide1_eyebrow,JUST SPEAK,ಸುಮ್ಮನೆ ಮಾತನಾಡಿ,translated,
auth.onboarding.slide1_title,Find work by voice,ಧ್ವನಿಯ ಮೂಲಕ ಕೆಲಸ ಹುಡುಕಿ,translated,
auth.onboarding.slide1_body,"Tell us what you're looking for in your language — English, Kannada, Hindi, Tamil, or Telugu. We do the searching.","ನಿಮ್ಮ ಭಾಷೆಯಲ್ಲಿ ಏನು ಹುಡುಕುತ್ತಿದ್ದೀರಿ ಎಂಬುದನ್ನು ತಿಳಿಸಿ — ಇಂಗ್ಲಿಷ್, ಕನ್ನಡ, ಹಿಂದಿ, ತಮಿಳು ಅಥವಾ ತೆಲುಗು. ಹುಡುಕುವುದು ನಮ್ಮ ಕೆಲಸ.",translated,
auth.onboarding.slide2_eyebrow,ONE TAP,ಒಂದು ಟ್ಯಾಪ್,translated,
auth.onboarding.slide2_title,Apply in seconds,ಸೆಕೆಂಡುಗಳಲ್ಲಿ ಅರ್ಜಿ ಸಲ್ಲಿಸಿ,translated,
auth.onboarding.slide2_body,See nearby jobs that match your skills. Tap Apply Now and you’re done. The employer sees your profile right away.,ನಿಮ್ಮ ಕೌಶಲ್ಯಕ್ಕೆ ಹೊಂದುವ ಹತ್ತಿರದ ಕೆಲಸಗಳನ್ನು ನೋಡಿ. Apply Now ಒತ್ತಿ — ಮುಗಿಯಿತು. ಉದ್ಯೋಗದಾತ ತಕ್ಷಣ ನಿಮ್ಮ ಪ್ರೊಫೈಲ್ ನೋಡುತ್ತಾರೆ.,translated,
auth.onboarding.slide3_eyebrow,BUILD TRUST,ನಂಬಿಕೆ ಬೆಳೆಸಿ,translated,
auth.onboarding.slide3_title,"Get hired, get rated","ಕೆಲಸ ಪಡೆಯಿರಿ, ರೇಟಿಂಗ್ ಪಡೆಯಿರಿ",translated,
auth.onboarding.slide3_body,"Every hire shows up in your earnings. After the work's done, you and the employer rate each other — your reputation grows.",ಪ್ರತಿ ನೇಮಕ ನಿಮ್ಮ ಗಳಿಕೆಯಲ್ಲಿ ಕಾಣುತ್ತದೆ. ಕೆಲಸ ಮುಗಿದ ನಂತರ ನೀವು ಮತ್ತು ಉದ್ಯೋಗದಾತ ಪರಸ್ಪರ ರೇಟಿಂಗ್ ನೀಡುತ್ತೀರಿ — ನಿಮ್ಮ ಖ್ಯಾತಿ ಬೆಳೆಯುತ್ತದೆ.,translated,
auth.login.eyebrow,SIGN IN,ಸೈನ್ ಇನ್,translated,
auth.login.title,Welcome back,ಮತ್ತೆ ಸ್ವಾಗತ,translated,
auth.login.eyebrow_seeker,SIGN IN AS JOB SEEKER,,MISSING — needs translation,
auth.login.eyebrow_employer,SIGN IN AS EMPLOYER,,MISSING — needs translation,
auth.login.title_seeker,Welcome back,,MISSING — needs translation,
auth.login.title_employer,Welcome back,,MISSING — needs translation,
auth.login.role_toggle_seeker,Job seeker,,MISSING — needs translation,
auth.login.role_toggle_employer,Employer,,MISSING — needs translation,
auth.login.email_label,Email,ಇಮೇಲ್,translated,
auth.login.email_placeholder,you@example.com,you@example.com,translated,
auth.login.password_label,Password,ಪಾಸ್‌ವರ್ಡ್,translated,
auth.login.password_placeholder,At least 8 characters,ಕನಿಷ್ಠ 8 ಅಕ್ಷರಗಳು,translated,
auth.login.cta_signin,Sign in,ಸೈನ್ ಇನ್,translated,
auth.login.cta_signin_seeker,Sign in as job seeker,,MISSING — needs translation,
auth.login.cta_signin_employer,Sign in as employer,,MISSING — needs translation,
auth.login.cta_signing_in,Signing in…,ಸೈನ್ ಇನ್ ಆಗುತ್ತಿದೆ…,translated,
auth.login.cta_forgot,Forgot password?,ಪಾಸ್‌ವರ್ಡ್ ಮರೆತಿರಾ?,translated,
auth.login.remember_me,Remember me,ನನ್ನನ್ನು ನೆನಪಿಡಿ,translated,
auth.login.or_divider,OR,ಅಥವಾ,translated,
auth.login.continue_with_google,Continue with Google,Google ಮೂಲಕ ಮುಂದುವರಿಸಿ,translated,
auth.login.no_account,Don't have an account?,ಖಾತೆ ಇಲ್ಲವೇ?,translated,
auth.login.create_one,Create one,ರಚಿಸಿ,translated,
auth.login.err_email_required,Email is required,ಇಮೇಲ್ ಅಗತ್ಯ,translated,
auth.login.err_password_required,Password is required,ಪಾಸ್‌ವರ್ಡ್ ಅಗತ್ಯ,translated,
auth.login.err_role_required,Choose job seeker or employer to continue,ಮುಂದುವರಿಯಲು ಜಾಬ್ ಸೀಕರ್ ಅಥವಾ ಎಂಪ್ಲಾಯರ್ ಆಯ್ಕೆಮಾಡಿ,translated,
auth.login.err_invalid_credentials,Email or password is incorrect.,ಇಮೇಲ್ ಅಥವಾ ಪಾಸ್‌ವರ್ಡ್ ತಪ್ಪಾಗಿದೆ.,translated,
auth.login.err_rate_limited,Too many sign-in attempts. Try again in a minute.,ಬಹಳಷ್ಟು ಸೈನ್-ಇನ್ ಪ್ರಯತ್ನಗಳು. ಒಂದು ನಿಮಿಷದ ನಂತರ ಪ್ರಯತ್ನಿಸಿ.,translated,
auth.login.err_generic,Something went wrong. Please try again.,ಏನೋ ತಪ್ಪಾಯಿತು. ಮತ್ತೆ ಪ್ರಯತ್ನಿಸಿ.,translated,
auth.login.role_picker_eyebrow,"ONE EMAIL, TWO ACCOUNTS",,MISSING — needs translation,
auth.login.role_picker_title,Which account?,,MISSING — needs translation,
auth.login.role_picker_subtitle,You have both a job seeker and an employer account on this email. Pick which one you want to sign in to.,,MISSING — needs translation,
auth.login.role_picker_option_seeker,Job seeker,,MISSING — needs translation,
auth.login.role_picker_option_seeker_subtitle,"Find work, apply to jobs, build your profile",,MISSING — needs translation,
auth.login.role_picker_option_employer,Employer,,MISSING — needs translation,
auth.login.role_picker_option_employer_subtitle,"Post jobs, review applicants, hire workers",,MISSING — needs translation,
auth.login.role_picker_cancel,Back,,MISSING — needs translation,
auth.forgot.eyebrow,RESET PASSWORD,ಪಾಸ್‌ವರ್ಡ್ ರೀಸೆಟ್,translated,
auth.forgot.title,Enter your phone,ನಿಮ್ಮ ಫೋನ್ ನಮೂದಿಸಿ,translated,
auth.forgot.subtitle,We'll text a 6-digit code to the number on your account.,ನಿಮ್ಮ ಖಾತೆಯ ಸಂಖ್ಯೆಗೆ 6-ಅಂಕಿಯ ಕೋಡ್ ಕಳುಹಿಸುತ್ತೇವೆ.,translated,
auth.forgot.phone_label,Phone,ಫೋನ್,translated,
auth.forgot.phone_placeholder,+91 9876543210,+91 9876543210,translated,
auth.forgot.cta_send,Send code,ಕೋಡ್ ಕಳುಹಿಸಿ,translated,
auth.forgot.cta_sending,Sending code…,ಕಳುಹಿಸಲಾಗುತ್ತಿದೆ…,translated,
auth.forgot.cta_back,Back to sign in,ಸೈನ್ ಇನ್‌ಗೆ ಹಿಂದಿರುಗಿ,translated,
auth.forgot.err_phone_required,Phone number is required,ಫೋನ್ ಅಗತ್ಯ,translated,
auth.forgot.err_phone_invalid,Enter a valid phone number,ಸರಿಯಾದ ಫೋನ್ ನಮೂದಿಸಿ,translated,
auth.forgot.err_rate_limited,Too many reset requests. Try again in a minute.,ಬಹಳಷ್ಟು ರೀಸೆಟ್ ವಿನಂತಿಗಳು. ಒಂದು ನಿಮಿಷದ ನಂತರ ಪ್ರಯತ್ನಿಸಿ.,translated,
auth.forgot.err_generic,Something went wrong. Please try again.,ಏನೋ ತಪ್ಪಾಯಿತು. ಮತ್ತೆ ಪ್ರಯತ್ನಿಸಿ.,translated,
auth.forgot_code.eyebrow,RESET PASSWORD,ಪಾಸ್‌ವರ್ಡ್ ರೀಸೆಟ್,translated,
auth.forgot_code.title,Enter the code,ಕೋಡ್ ನಮೂದಿಸಿ,translated,
auth.forgot_code.subtitle,We sent a 6-digit code to {{phone}}. It expires in 10 minutes.,{{phone}}ಗೆ 6-ಅಂಕಿಯ ಕೋಡ್ ಕಳುಹಿಸಿದ್ದೇವೆ. ಇದು 10 ನಿಮಿಷಗಳಲ್ಲಿ ಮುಕ್ತಾಯವಾಗುತ್ತದೆ.,translated,
auth.forgot_code.code_label,6-digit code,6-ಅಂಕಿಯ ಕೋಡ್,translated,
auth.forgot_code.code_placeholder,123456,123456,translated,
auth.forgot_code.cta_verify,Verify code,ಕೋಡ್ ಪರಿಶೀಲಿಸಿ,translated,
auth.forgot_code.cta_verifying,Verifying…,ಪರಿಶೀಲಿಸಲಾಗುತ್ತಿದೆ…,translated,
auth.forgot_code.cta_resend,Resend code,ಕೋಡ್ ಮರು-ಕಳುಹಿಸಿ,translated,
auth.forgot_code.cta_resending,Sending…,ಕಳುಹಿಸಲಾಗುತ್ತಿದೆ…,translated,
auth.forgot_code.cta_different_number,Use a different number,ಬೇರೆ ಸಂಖ್ಯೆ ಬಳಸಿ,translated,
auth.forgot_code.err_code_invalid,Enter the 6-digit code,6-ಅಂಕಿಯ ಕೋಡ್ ನಮೂದಿಸಿ,translated,
auth.forgot_code.err_code_wrong,That code is incorrect. Try again.,ಆ ಕೋಡ್ ತಪ್ಪಾಗಿದೆ. ಮತ್ತೆ ಪ್ರಯತ್ನಿಸಿ.,translated,
auth.forgot_code.err_code_expired,This code has expired. Request a new one.,ಈ ಕೋಡ್ ಮುಕ್ತಾಯವಾಗಿದೆ. ಹೊಸದನ್ನು ಕೋರಿ.,translated,
auth.forgot_code.err_code_too_many,Too many wrong attempts. Request a new code.,ಬಹಳಷ್ಟು ತಪ್ಪು ಪ್ರಯತ್ನಗಳು. ಹೊಸ ಕೋಡ್ ಕೋರಿ.,translated,
auth.forgot_code.err_code_not_found,No active code for this number. Request a new one.,ಈ ಸಂಖ್ಯೆಗೆ ಯಾವ ಸಕ್ರಿಯ ಕೋಡ್ ಇಲ್ಲ. ಹೊಸದನ್ನು ಕೋರಿ.,translated,
auth.forgot_code.err_rate_limited,Too many attempts. Try again in a minute.,ಬಹಳಷ್ಟು ಪ್ರಯತ್ನಗಳು. ಒಂದು ನಿಮಿಷದ ನಂತರ ಪ್ರಯತ್ನಿಸಿ.,translated,
auth.forgot_code.err_resend_rate,Slow down — wait a minute before requesting another code.,ನಿಧಾನವಾಗಿ — ಮತ್ತೊಂದು ಕೋಡ್ ಕೋರುವ ಮೊದಲು ಒಂದು ನಿಮಿಷ ಕಾಯಿರಿ.,translated,
auth.forgot_code.err_resend_generic,Could not resend the code. Try again in a moment.,ಕೋಡ್ ಮರು-ಕಳುಹಿಸಲಾಗಲಿಲ್ಲ. ಸ್ವಲ್ಪ ಸಮಯದ ನಂತರ ಪ್ರಯತ್ನಿಸಿ.,translated,
auth.forgot_code.err_generic,Something went wrong. Please try again.,ಏನೋ ತಪ್ಪಾಯಿತು. ಮತ್ತೆ ಪ್ರಯತ್ನಿಸಿ.,translated,
auth.reset.eyebrow,RESET PASSWORD,ಪಾಸ್‌ವರ್ಡ್ ರೀಸೆಟ್,translated,
auth.reset.title,Set a new password,ಹೊಸ ಪಾಸ್‌ವರ್ಡ್ ಹೊಂದಿಸಿ,translated,
auth.reset.subtitle,Pick something you'll remember. We'll sign you out everywhere else when you save.,ನೆನಪಿನಲ್ಲಿಡಬಹುದಾದದನ್ನು ಆಯ್ಕೆಮಾಡಿ. ಸೇವ್ ಮಾಡಿದಾಗ ಬೇರೆ ಎಲ್ಲ ಸ್ಥಳಗಳಿಂದ ಸೈನ್ ಔಟ್ ಮಾಡುತ್ತೇವೆ.,translated,
auth.reset.password_label,New password,ಹೊಸ ಪಾಸ್‌ವರ್ಡ್,translated,
auth.reset.password_placeholder,"8+ chars, mix letters and numbers","8+ ಅಕ್ಷರಗಳು, ಅಕ್ಷರ ಮತ್ತು ಸಂಖ್ಯೆ ಮಿಶ್ರಣ",translated,
auth.reset.confirm_label,Confirm new password,ಹೊಸ ಪಾಸ್‌ವರ್ಡ್ ದೃಢೀಕರಿಸಿ,translated,
auth.reset.confirm_placeholder,Type it again,ಮತ್ತೆ ಟೈಪ್ ಮಾಡಿ,translated,
auth.reset.cta_save,Save new password,ಹೊಸ ಪಾಸ್‌ವರ್ಡ್ ಸೇವ್ ಮಾಡಿ,translated,
auth.reset.cta_saving,Saving…,ಸೇವ್ ಆಗುತ್ತಿದೆ…,translated,
auth.reset.cta_start_over,Start over,ಮತ್ತೆ ಪ್ರಾರಂಭಿಸಿ,translated,
auth.reset.done_eyebrow,ALL SET,ಎಲ್ಲ ಆಯಿತು,translated,
auth.reset.done_title,Password updated,ಪಾಸ್‌ವರ್ಡ್ ಅಪ್ಡೇಟ್ ಆಯಿತು,translated,
auth.reset.done_body,Sign in with your new password to continue. We've signed you out of every other device for safety.,ಮುಂದುವರಿಯಲು ನಿಮ್ಮ ಹೊಸ ಪಾಸ್‌ವರ್ಡ್ ಬಳಸಿ ಸೈನ್ ಇನ್ ಆಗಿ. ಸುರಕ್ಷತೆಗಾಗಿ ಬೇರೆ ಎಲ್ಲ ಸಾಧನಗಳಿಂದ ನಿಮ್ಮನ್ನು ಸೈನ್ ಔಟ್ ಮಾಡಿದ್ದೇವೆ.,translated,
auth.reset.done_cta,Back to sign in,ಸೈನ್ ಇನ್‌ಗೆ ಹಿಂದಿರುಗಿ,translated,
auth.reset.err_choose,Choose a password,ಪಾಸ್‌ವರ್ಡ್ ಆಯ್ಕೆಮಾಡಿ,translated,
auth.reset.err_too_short,At least 8 characters,ಕನಿಷ್ಠ 8 ಅಕ್ಷರಗಳು,translated,
auth.reset.err_mix,Mix letters and numbers,ಅಕ್ಷರ ಮತ್ತು ಸಂಖ್ಯೆ ಮಿಶ್ರಣ,translated,
auth.reset.err_no_match,Passwords don't match,ಪಾಸ್‌ವರ್ಡ್‌ಗಳು ಹೊಂದಾಣಿಕೆಯಿಲ್ಲ,translated,
auth.reset.err_token_expired,This reset code expired. Start over to get a new one.,ಈ ರೀಸೆಟ್ ಕೋಡ್ ಮುಕ್ತಾಯವಾಗಿದೆ. ಹೊಸದನ್ನು ಪಡೆಯಲು ಮತ್ತೆ ಪ್ರಾರಂಭಿಸಿ.,translated,
auth.reset.err_token_invalid,This reset link is no longer valid. Start over.,ಈ ರೀಸೆಟ್ ಲಿಂಕ್ ಇನ್ನು ಮುಂದೆ ಮಾನ್ಯವಿಲ್ಲ. ಮತ್ತೆ ಪ್ರಾರಂಭಿಸಿ.,translated,
auth.reset.err_generic,Something went wrong. Please try again.,ಏನೋ ತಪ್ಪಾಯಿತು. ಮತ್ತೆ ಪ್ರಯತ್ನಿಸಿ.,translated,
auth.signup.eyebrow,CREATE ACCOUNT,ಖಾತೆ ರಚಿಸಿ,translated,
auth.signup.title,Join Doondo,ಡೂಂಡೋಗೆ ಸೇರಿ,translated,
auth.signup.role_label,I want to,ನಾನು ಬಯಸುತ್ತೇನೆ,translated,
auth.signup.role_seeker,Find work,ಕೆಲಸ ಹುಡುಕಲು,translated,
auth.signup.role_seeker_helper,I'm looking for a job,ನಾನು ಉದ್ಯೋಗ ಹುಡುಕುತ್ತಿದ್ದೇನೆ,translated,
auth.signup.role_employer,Hire workers,ಕಾರ್ಮಿಕರನ್ನು ನೇಮಿಸಲು,translated,
auth.signup.role_employer_helper,I'm posting jobs,ನಾನು ಉದ್ಯೋಗ ಪೋಸ್ಟ್ ಮಾಡುತ್ತಿದ್ದೇನೆ,translated,
auth.signup.worktype_label,I am applying as,ನಾನು ಹೀಗೆ ಅರ್ಜಿ ಸಲ್ಲಿಸುತ್ತಿದ್ದೇನೆ,translated,
auth.signup.worktype_solo,Solo,ಒಬ್ಬಂಟಿ,translated,
auth.signup.worktype_solo_helper,One person applying,ಒಬ್ಬರು ಅರ್ಜಿ ಸಲ್ಲಿಸುತ್ತಿದ್ದಾರೆ,translated,
auth.signup.worktype_team,Team,ತಂಡ,translated,
auth.signup.worktype_team_helper,Applying with a crew,ತಂಡದೊಂದಿಗೆ ಅರ್ಜಿ,translated,
auth.signup.team_size_label,Team size,ತಂಡದ ಗಾತ್ರ,translated,
auth.signup.team_size_placeholder,2,2,translated,
auth.signup.team_size_helper,How many people are applying together?,ಎಷ್ಟು ಜನ ಒಟ್ಟಿಗೆ ಅರ್ಜಿ ಸಲ್ಲಿಸುತ್ತಿದ್ದಾರೆ?,translated,
auth.signup.name_label,Name,ಹೆಸರು,translated,
auth.signup.name_label_worker,Worker's name,ಕಾರ್ಮಿಕರ ಹೆಸರು,translated,
auth.signup.name_placeholder_seeker,Your full name,ನಿಮ್ಮ ಪೂರ್ಣ ಹೆಸರು,translated,
auth.signup.name_placeholder_employer,Your business name,ನಿಮ್ಮ ವ್ಯವಹಾರದ ಹೆಸರು,translated,
auth.signup.name_placeholder_worker,The worker's full name,ಕಾರ್ಮಿಕರ ಪೂರ್ಣ ಹೆಸರು,translated,
auth.signup.name_helper_assisted,Not your name — the person who will use this account.,ನಿಮ್ಮ ಹೆಸರು ಅಲ್ಲ — ಈ ಖಾತೆಯನ್ನು ಬಳಸುವ ವ್ಯಕ್ತಿ.,translated,
auth.signup.email_label,Email,ಇಮೇಲ್,translated,
auth.signup.email_placeholder,you@example.com,you@example.com,translated,
auth.signup.email_placeholder_worker,"Worker's email, if any","ಕಾರ್ಮಿಕರ ಇಮೇಲ್, ಇದ್ದರೆ",translated,
auth.signup.email_helper_assisted,"If they don't have one, use yours — you can change it later.",ಅವರಿಗೆ ಇಲ್ಲದಿದ್ದರೆ ನಿಮ್ಮದನ್ನು ಬಳಸಿ — ನಂತರ ಬದಲಾಯಿಸಬಹುದು.,translated,
auth.signup.password_label,Password,ಪಾಸ್‌ವರ್ಡ್,translated,
auth.signup.password_placeholder,"8+ chars, mix letters and numbers","8+ ಅಕ್ಷರಗಳು, ಅಕ್ಷರ ಮತ್ತು ಸಂಖ್ಯೆ ಮಿಶ್ರಣ",translated,
auth.signup.password_helper_assisted,Share this with the worker so they can sign in on any phone.,ಯಾವುದೇ ಫೋನ್‌ನಲ್ಲಿ ಸೈನ್ ಇನ್ ಆಗಲು ಕಾರ್ಮಿಕರೊಂದಿಗೆ ಹಂಚಿಕೊಳ್ಳಿ.,translated,
auth.signup.phone_label,Phone,ಫೋನ್,translated,
auth.signup.phone_label_worker,Worker's phone,ಕಾರ್ಮಿಕರ ಫೋನ್,translated,
auth.signup.phone_placeholder,+91 9876543210,+91 9876543210,translated,
auth.signup.phone_helper,Used to reset your password if you forget it.,ಪಾಸ್‌ವರ್ಡ್ ಮರೆತರೆ ರೀಸೆಟ್ ಮಾಡಲು ಬಳಸಲಾಗುತ್ತದೆ.,translated,
auth.signup.phone_helper_worker,The worker's number — employers will call here.,ಕಾರ್ಮಿಕರ ಸಂಖ್ಯೆ — ಉದ್ಯೋಗದಾತರು ಇಲ್ಲಿಗೆ ಕರೆ ಮಾಡುತ್ತಾರೆ.,translated,
auth.signup.cta_create,Create account,ಖಾತೆ ರಚಿಸಿ,translated,
auth.signup.cta_creating,Creating account…,ಖಾತೆ ರಚಿಸಲಾಗುತ್ತಿದೆ…,translated,
auth.signup.have_account,Already have an account?,ಈಗಾಗಲೇ ಖಾತೆಯಿದೆಯೇ?,translated,
auth.signup.sign_in,Sign in,ಸೈನ್ ಇನ್,translated,
auth.signup.assisted_title,Setting this up for someone else?,ಬೇರೆಯವರಿಗಾಗಿ ಸೆಟ್ ಮಾಡುತ್ತಿದ್ದೀರಾ?,translated,
auth.signup.assisted_body,Common for family members helping a worker who can't use the app alone.,ಆಪ್ ಬಳಸಲಾಗದ ಕಾರ್ಮಿಕರಿಗೆ ಕುಟುಂಬ ಸಹಾಯ ಮಾಡುವುದು ಸಾಮಾನ್ಯ.,translated,
auth.signup.assisted_a11y,Setting this up for someone else,ಬೇರೆಯವರಿಗಾಗಿ ಸೆಟ್ ಮಾಡುತ್ತಿದ್ದೀರಾ,translated,
auth.signup.assisted_banner,"Enter the worker's name, phone and email below — not yours. Job alerts and employer calls will go to the phone you enter. Share the password with them so they can sign in.","ಕೆಳಗೆ ಕಾರ್ಮಿಕರ ಹೆಸರು, ಫೋನ್ ಮತ್ತು ಇಮೇಲ್ ನಮೂದಿಸಿ — ನಿಮ್ಮದು ಅಲ್ಲ. ಜಾಬ್ ಅಲರ್ಟ್ ಮತ್ತು ಉದ್ಯೋಗದಾತರ ಕರೆಗಳು ನೀವು ನಮೂದಿಸಿದ ಫೋನ್‌ಗೆ ಹೋಗುತ್ತವೆ. ಸೈನ್ ಇನ್ ಆಗಲು ಪಾಸ್‌ವರ್ಡ್ ಅವರೊಂದಿಗೆ ಹಂಚಿಕೊಳ್ಳಿ.",translated,
auth.signup.err_name_seeker,Your name helps employers recognize you,ನಿಮ್ಮ ಹೆಸರು ಉದ್ಯೋಗದಾತರಿಗೆ ನಿಮ್ಮನ್ನು ಗುರುತಿಸಲು ಸಹಾಯ ಮಾಡುತ್ತದೆ,translated,
auth.signup.err_name_employer,Your business name helps workers recognize you,ನಿಮ್ಮ ವ್ಯವಹಾರದ ಹೆಸರು ಕಾರ್ಮಿಕರಿಗೆ ನಿಮ್ಮನ್ನು ಗುರುತಿಸಲು ಸಹಾಯ ಮಾಡುತ್ತದೆ,translated,
auth.signup.err_email_required,Email is required,ಇಮೇಲ್ ಅಗತ್ಯ,translated,
auth.signup.err_password_required,Choose a password,ಪಾಸ್‌ವರ್ಡ್ ಆಯ್ಕೆಮಾಡಿ,translated,
auth.signup.err_password_short,At least 8 characters,ಕನಿಷ್ಠ 8 ಅಕ್ಷರಗಳು,translated,
auth.signup.err_password_mix,Mix letters and numbers,ಅಕ್ಷರ ಮತ್ತು ಸಂಖ್ಯೆ ಮಿಶ್ರಣ,translated,
auth.signup.err_phone_required,We'll use this to reset your password if you forget it,ಪಾಸ್‌ವರ್ಡ್ ಮರೆತರೆ ರೀಸೆಟ್ ಮಾಡಲು ಇದನ್ನು ಬಳಸುತ್ತೇವೆ,translated,
auth.signup.err_phone_invalid,Enter a valid phone number,ಸರಿಯಾದ ಫೋನ್ ನಮೂದಿಸಿ,translated,
auth.signup.err_team_min,Team size must be at least 2,ತಂಡದ ಗಾತ್ರ ಕನಿಷ್ಠ 2 ಆಗಿರಬೇಕು,translated,
auth.signup.err_team_max,Keep team size to 50 or fewer,ತಂಡದ ಗಾತ್ರವನ್ನು 50 ಅಥವಾ ಕಡಿಮೆ ಇರಿಸಿ,translated,
auth.signup.err_email_taken,An account with this email already exists,ಈ ಇಮೇಲ್‌ನೊಂದಿಗೆ ಈಗಾಗಲೇ ಖಾತೆಯಿದೆ,translated,
auth.signup.err_rate_limited,Too many attempts. Try again in a minute.,ಬಹಳಷ್ಟು ಪ್ರಯತ್ನಗಳು. ಒಂದು ನಿಮಿಷದ ನಂತರ ಪ್ರಯತ್ನಿಸಿ.,translated,
auth.signup.err_generic,Something went wrong. Please try again.,ಏನೋ ತಪ್ಪಾಯಿತು. ಮತ್ತೆ ಪ್ರಯತ್ನಿಸಿ.,translated,
auth.add_account_signup.eyebrow_employer,ADD EMPLOYER ACCOUNT,ಉದ್ಯೋಗದಾತ ಖಾತೆ ಸೇರಿಸಿ,translated,
auth.add_account_signup.eyebrow_default,ADD ACCOUNT,ಖಾತೆ ಸೇರಿಸಿ,translated,
auth.add_account_signup.title_employer,Start hiring on Doondo,ಡೂಂಡೋದಲ್ಲಿ ನೇಮಕಾತಿ ಆರಂಭಿಸಿ,translated,
auth.add_account_signup.title_default,Add another account,ಇನ್ನೊಂದು ಖಾತೆ ಸೇರಿಸಿ,translated,
auth.add_account_signup.subtitle_seeker,Your seeker account stays signed in — you can switch back any time from your profile.,ನಿಮ್ಮ ಸೀಕರ್ ಖಾತೆ ಸೈನ್ ಇನ್ ಆಗಿರುತ್ತದೆ — ನಿಮ್ಮ ಪ್ರೊಫೈಲ್‌ನಿಂದ ಯಾವಾಗ ಬೇಕಾದರೂ ಹಿಂದಿರುಗಿ.,translated,
auth.add_account_signup.subtitle_default,Your current account stays signed in — you can switch back any time from your profile.,ನಿಮ್ಮ ಪ್ರಸ್ತುತ ಖಾತೆ ಸೈನ್ ಇನ್ ಆಗಿರುತ್ತದೆ — ಪ್ರೊಫೈಲ್‌ನಿಂದ ಯಾವಾಗ ಬೇಕಾದರೂ ಹಿಂದಿರುಗಿ.,translated,
auth.add_account_signup.banner_title,You're creating an Employer account,ನೀವು ಉದ್ಯೋಗದಾತ ಖಾತೆಯನ್ನು ರಚಿಸುತ್ತಿದ್ದೀರಿ,translated,
auth.add_account_signup.banner_body,"Post jobs, review applicants, and chat with workers.","ಜಾಬ್ ಪೋಸ್ಟ್ ಮಾಡಿ, ಅರ್ಜಿದಾರರನ್ನು ಪರಿಶೀಲಿಸಿ ಮತ್ತು ಕಾರ್ಮಿಕರೊಂದಿಗೆ ಚಾಟ್ ಮಾಡಿ.",translated,
auth.add_account_signup.name_label_employer,Business name,ವ್ಯವಹಾರದ ಹೆಸರು,translated,
auth.add_account_signup.name_label_default,Name,ಹೆಸರು,translated,
auth.add_account_signup.name_placeholder_employer,Your business or company name,ನಿಮ್ಮ ವ್ಯವಹಾರ ಅಥವಾ ಕಂಪನಿಯ ಹೆಸರು,translated,
auth.add_account_signup.name_placeholder_default,Your full name,ನಿಮ್ಮ ಪೂರ್ಣ ಹೆಸರು,translated,
auth.add_account_signup.name_helper_employer,This is what workers will see on your job posts.,ನಿಮ್ಮ ಜಾಬ್ ಪೋಸ್ಟ್‌ಗಳಲ್ಲಿ ಕಾರ್ಮಿಕರು ಇದನ್ನು ನೋಡುತ್ತಾರೆ.,translated,
auth.add_account_signup.email_label,Email,ಇಮೇಲ್,translated,
auth.add_account_signup.email_placeholder,employer@example.com,employer@example.com,translated,
auth.add_account_signup.email_helper,We've prefilled the email and phone from your current account — you can keep them as-is or use different ones.,ನಿಮ್ಮ ಪ್ರಸ್ತುತ ಖಾತೆಯ ಇಮೇಲ್‌ನಿಂದ ಬೇರೆಯಾಗಿರಬೇಕು.,translated,
auth.add_account_signup.password_label,Password,ಪಾಸ್‌ವರ್ಡ್,translated,
auth.add_account_signup.password_placeholder,"8+ chars, mix letters and numbers","8+ ಅಕ್ಷರಗಳು, ಅಕ್ಷರ ಮತ್ತು ಸಂಖ್ಯೆ ಮಿಶ್ರಣ",translated,
auth.add_account_signup.phone_label,Phone,ಫೋನ್,translated,
auth.add_account_signup.phone_placeholder,+91 9876543210,+91 9876543210,translated,
auth.add_account_signup.phone_helper,Used to reset your password if you forget it.,ಪಾಸ್‌ವರ್ಡ್ ಮರೆತರೆ ರೀಸೆಟ್ ಮಾಡಲು ಬಳಸಲಾಗುತ್ತದೆ.,translated,
auth.add_account_signup.cta_create_employer,Create employer account,ಉದ್ಯೋಗದಾತ ಖಾತೆ ರಚಿಸಿ,translated,
auth.add_account_signup.cta_create_default,Create account,ಖಾತೆ ರಚಿಸಿ,translated,
auth.add_account_signup.cta_creating,Creating account…,ಖಾತೆ ರಚಿಸಲಾಗುತ್ತಿದೆ…,translated,
auth.add_account_signup.cta_cancel,Cancel,ರದ್ದು,translated,
auth.add_account_signup.err_name_employer,Your business name helps workers recognize you,ನಿಮ್ಮ ವ್ಯವಹಾರದ ಹೆಸರು ಕಾರ್ಮಿಕರಿಗೆ ಗುರುತಿಸಲು ಸಹಾಯ ಮಾಡುತ್ತದೆ,translated,
auth.add_account_signup.err_name_default,Your name helps employers recognize you,ನಿಮ್ಮ ಹೆಸರು ಉದ್ಯೋಗದಾತರಿಗೆ ಗುರುತಿಸಲು ಸಹಾಯ ಮಾಡುತ್ತದೆ,translated,
auth.add_account_signup.err_email_required,Email is required,ಇಮೇಲ್ ಅಗತ್ಯ,translated,
auth.add_account_signup.err_password_required,Choose a password,ಪಾಸ್‌ವರ್ಡ್ ಆಯ್ಕೆಮಾಡಿ,translated,
auth.add_account_signup.err_password_short,At least 8 characters,ಕನಿಷ್ಠ 8 ಅಕ್ಷರಗಳು,translated,
auth.add_account_signup.err_password_mix,Mix letters and numbers,ಅಕ್ಷರ ಮತ್ತು ಸಂಖ್ಯೆ ಮಿಶ್ರಣ,translated,
auth.add_account_signup.err_phone_required,We'll use this to reset your password if you forget it,ಪಾಸ್‌ವರ್ಡ್ ಮರೆತರೆ ರೀಸೆಟ್ ಮಾಡಲು ಇದನ್ನು ಬಳಸುತ್ತೇವೆ,translated,
auth.add_account_signup.err_phone_invalid,Enter a valid phone number,ಸರಿಯಾದ ಫೋನ್ ನಮೂದಿಸಿ,translated,
auth.add_account_signup.err_email_taken,You already have an employer account on this email. Switch to it from your profile instead.,ಈ ಇಮೇಲ್‌ನೊಂದಿಗೆ ಈಗಾಗಲೇ ಖಾತೆಯಿದೆ — ಈ ಉದ್ಯೋಗದಾತ ಖಾತೆಗೆ ಬೇರೆ ಇಮೇಲ್ ಬಳಸಿ,translated,
auth.add_account_signup.err_rate_limited,Too many attempts. Try again in a minute.,ಬಹಳಷ್ಟು ಪ್ರಯತ್ನಗಳು. ಒಂದು ನಿಮಿಷದ ನಂತರ ಪ್ರಯತ್ನಿಸಿ.,translated,
auth.add_account_signup.err_generic,Something went wrong. Please try again.,ಏನೋ ತಪ್ಪಾಯಿತು. ಮತ್ತೆ ಪ್ರಯತ್ನಿಸಿ.,translated,
auth.add_account_signup.login_eyebrow,SIGN IN TO ANOTHER ACCOUNT,ಇನ್ನೊಂದು ಖಾತೆಗೆ ಸೈನ್ ಇನ್ ಮಾಡಿ,translated,
auth.add_account_signup.login_title,Sign in to add an account,ಖಾತೆ ಸೇರಿಸಲು ಸೈನ್ ಇನ್ ಮಾಡಿ,translated,
auth.add_account_signup.login_subtitle,Sign in to an account you already have. It's added next to this one — both stay signed in.,ನಿಮ್ಮ ಬಳಿ ಈಗಾಗಲೇ ಇರುವ ಖಾತೆಗೆ ಸೈನ್ ಇನ್ ಮಾಡಿ. ಅದು ಈ ಖಾತೆಯ ಪಕ್ಕದಲ್ಲಿ ಸೇರಿಕೊಳ್ಳುತ್ತದೆ — ಎರಡೂ ಸೈನ್ ಇನ್ ಆಗಿರುತ್ತವೆ.,translated,
auth.add_account_signup.cta_signin,Sign in & add account,ಸೈನ್ ಇನ್ ಮಾಡಿ ಮತ್ತು ಖಾತೆ ಸೇರಿಸಿ,translated,
auth.add_account_signup.cta_signing_in,Signing in…,ಸೈನ್ ಇನ್ ಆಗುತ್ತಿದೆ…,translated,
auth.add_account_signup.have_account_q,Already have an account?,ಈಗಾಗಲೇ ಖಾತೆ ಇದೆಯೇ?,translated,
auth.add_account_signup.have_account_cta,Sign in,ಸೈನ್ ಇನ್ ಮಾಡಿ,translated,
auth.add_account_signup.no_account_q,Need a new account?,ಹೊಸ ಖಾತೆ ಬೇಕೇ?,translated,
auth.add_account_signup.no_account_cta,Create one,ಒಂದನ್ನು ರಚಿಸಿ,translated,
auth.add_account_signup.err_invalid_credentials,Email or password is incorrect,ಇಮೇಲ್ ಅಥವಾ ಪಾಸ್‌ವರ್ಡ್ ತಪ್ಪಾಗಿದೆ,translated,
auth.add_account_signup.cta_forgot,Forgot password?,,MISSING — needs translation,
auth.add_account_signup.recovery_eyebrow,ACCOUNT ALREADY EXISTS,,MISSING — needs translation,
auth.add_account_signup.recovery_title_employer,You already have an employer account,,MISSING — needs translation,
auth.add_account_signup.recovery_title_default,You already have an account,,MISSING — needs translation,
auth.add_account_signup.recovery_subtitle,There's already an account on {{email}}. Pick how you'd like to continue.,,MISSING — needs translation,
auth.add_account_signup.recovery_card_title,Two ways to get back in,,MISSING — needs translation,
auth.add_account_signup.recovery_card_body,"If you remember the password, sign in to add the account to this device. If not, reset it — we'll text a code to the phone on file.",,MISSING — needs translation,
auth.add_account_signup.recovery_signin_employer,Sign in to my employer account,,MISSING — needs translation,
auth.add_account_signup.recovery_signin_default,Sign in to that account,,MISSING — needs translation,
auth.add_account_signup.recovery_forgot,Forgot password? Reset it,,MISSING — needs translation,
auth.add_account_signup.recovery_back,Use a different email,,MISSING — needs translation,
role_picker.eyebrow,"LESS WHO HIRED THEM?, MORE WHO FOUND THEM? 😌",ಯಾರು ನೇಮಿಸಿದರು? ಗಿಂತ ಯಾರು ಕಂಡುಕೊಂಡರು? ಎಂಬುದು ಮುಖ್ಯ 😌,translated,
role_picker.title,Choose your side.,ನಿಮ್ಮ ಮಾರ್ಗ ಆಯ್ಕೆಮಾಡಿ.,translated,
role_picker.subtitle,One clean start for finding work or building a team nearby.,ಹತ್ತಿರದಲ್ಲಿ ಕೆಲಸ ಹುಡುಕಲು ಅಥವಾ ತಂಡ ಕಟ್ಟಲು ಒಂದು ಸ್ವಚ್ಛ ಆರಂಭ.,translated,
role_picker.sign_in,Sign in,ಸೈನ್ ಇನ್,translated,
role_picker.seeker_badge,FOR JOB SEEKERS,ಉದ್ಯೋಗ ಹುಡುಕುವವರಿಗಾಗಿ,translated,
role_picker.seeker_body,"Discover local jobs that match your skills, schedule, and lifestyle.","ನಿಮ್ಮ ಕೌಶಲ್ಯ, ಸಮಯ ಮತ್ತು ಜೀವನಶೈಲಿಗೆ ಹೊಂದುವ ಸ್ಥಳೀಯ ಕೆಲಸಗಳನ್ನು ಕಂಡುಕೊಳ್ಳಿ.",translated,
role_picker.seeker_headline,Find work near you.,ಹತ್ತಿರದಲ್ಲಿ ಕೆಲಸ ಹುಡುಕಿ.,translated,
role_picker.seeker_cta,I'm looking for work,ನಾನು ಕೆಲಸ ಹುಡುಕುತ್ತಿದ್ದೇನೆ,translated,
role_picker.seeker_subtext,Find jobs near you,ಹತ್ತಿರದ ಕೆಲಸಗಳನ್ನು ಹುಡುಕಿ,translated,
role_picker.employer_badge,FOR EMPLOYERS,ಉದ್ಯೋಗದಾತರಿಗಾಗಿ,translated,
role_picker.employer_body,Find reliable people nearby and hire faster without the usual friction.,ಹತ್ತಿರದ ನಂಬಿಕಸ್ಥ ಜನರನ್ನು ಕಂಡುಕೊಳ್ಳಿ ಮತ್ತು ಯಾವುದೇ ಘರ್ಷಣೆ ಇಲ್ಲದೆ ವೇಗವಾಗಿ ನೇಮಿಸಿ.,translated,
role_picker.employer_headline,Find people to hire.,ನೇಮಿಸಲು ಜನರನ್ನು ಹುಡುಕಿ.,translated,
role_picker.employer_cta,I'm hiring,ನಾನು ನೇಮಿಸುತ್ತಿದ್ದೇನೆ,translated,
role_picker.employer_subtext,Find skilled people nearby,ಹತ್ತಿರದ ನುರಿತ ಜನರನ್ನು ಹುಡುಕಿ,translated,
role_picker.how_eyebrow,HOW IT WORKS,ಇದು ಹೇಗೆ ಕೆಲಸ ಮಾಡುತ್ತದೆ,translated,
role_picker.how_step1_title,Choose your side,ನಿಮ್ಮ ಮಾರ್ಗ ಆಯ್ಕೆಮಾಡಿ,translated,
role_picker.how_step1_body,Job seeker or employer.,ಉದ್ಯೋಗ ಹುಡುಕುವವರು ಅಥವಾ ಉದ್ಯೋಗದಾತ.,translated,
role_picker.how_step2_title,Set your area,ನಿಮ್ಮ ಪ್ರದೇಶ ಹೊಂದಿಸಿ,translated,
role_picker.how_step2_body,Find work or hires nearby.,ಹತ್ತಿರದ ಕೆಲಸ ಅಥವಾ ನೇಮಕಾತಿ.,translated,
role_picker.how_step3_title,Match in hours,ಗಂಟೆಗಳಲ್ಲಿ ಹೊಂದಾಣಿಕೆ,translated,
role_picker.how_step3_body,"Real people, real fast.","ನಿಜವಾದ ಜನರು, ನಿಜವಾಗಿ ವೇಗವಾಗಿ.",translated,
role_picker.push_all_set,You're all set — notifications are on.,ಎಲ್ಲ ಸಿದ್ಧ — ನೋಟಿಫಿಕೇಶನ್ ಆನ್ ಆಗಿವೆ.,translated,
role_picker.push_dev_build,Notifications need a development build (Phase 5).,ನೋಟಿಫಿಕೇಶನ್‌ಗಳಿಗೆ ಡೆವಲಪ್‌ಮೆಂಟ್ ಬಿಲ್ಡ್ ಬೇಕು (Phase 5).,translated,
role_picker.push_granted,Notifications are on. We will let you know when there is news.,ನೋಟಿಫಿಕೇಶನ್ ಆನ್ ಆಗಿವೆ. ಸುದ್ದಿ ಇದ್ದಾಗ ತಿಳಿಸುತ್ತೇವೆ.,translated,
role_picker.push_denied,Notifications are off. Enable from Settings if you change your mind.,ನೋಟಿಫಿಕೇಶನ್ ಆಫ್ ಆಗಿವೆ. ಮನಸ್ಸು ಬದಲಾದರೆ ಸೆಟ್ಟಿಂಗ್‌ಗಳಿಂದ ಆನ್ ಮಾಡಿ.,translated,
role_picker.sheet_eyebrow,FIND WORK,ಕೆಲಸ ಹುಡುಕಿ,translated,
role_picker.sheet_title,Solo or as a team?,ಒಬ್ಬಂಟಿ ಅಥವಾ ತಂಡವಾಗಿ?,translated,
role_picker.sheet_subtitle,Pick how you'll be applying. You can change this later.,ನೀವು ಹೇಗೆ ಅರ್ಜಿ ಸಲ್ಲಿಸುತ್ತೀರಿ ಎಂದು ಆಯ್ಕೆಮಾಡಿ. ನಂತರ ಬದಲಾಯಿಸಬಹುದು.,translated,
role_picker.sheet_solo,Solo,ಒಬ್ಬಂಟಿ,translated,
role_picker.sheet_solo_sub,Just me,ಕೇವಲ ನಾನು,translated,
role_picker.sheet_team,Team,ತಂಡ,translated,
role_picker.sheet_team_sub,A small group,ಸಣ್ಣ ಗುಂಪು,translated,
role_picker.sheet_team_label,HOW MANY MEMBERS?,ಎಷ್ಟು ಸದಸ್ಯರು?,translated,
role_picker.sheet_team_more,Need more than 20? Pick the closest — you can refine the exact number on the next screen.,20ಕ್ಕಿಂತ ಹೆಚ್ಚು ಬೇಕೇ? ಹತ್ತಿರದ್ದನ್ನು ಆಯ್ಕೆಮಾಡಿ — ಮುಂದಿನ ಪರದೆಯಲ್ಲಿ ಸರಿಯಾದ ಸಂಖ್ಯೆಯನ್ನು ನಮೂದಿಸಬಹುದು.,translated,
role_picker.sheet_cancel,Cancel,ರದ್ದು,translated,
role_picker.sheet_continue,Continue,ಮುಂದುವರಿಸಿ,translated,
role_picker.footer_tagline,We all had an 'ex'. Now hire better,ನಮಗೆಲ್ಲ ಒಂದು 'ಎಕ್ಸ್' ಇತ್ತು. ಈಗ ಉತ್ತಮವಾಗಿ ನೇಮಿಸಿ,translated,
role_picker.footer_meta,Bengaluru 🇮🇳  ·  est. 2025  ·  v{{version}},ಬೆಂಗಳೂರು 🇮🇳  ·  est. 2025  ·  v{{version}},translated,
role_picker.footer_terms,Terms,ನಿಯಮಗಳು,translated,
role_picker.footer_privacy,Privacy,ಗೌಪ್ಯತೆ,translated,
role_picker.footer_support,Support,ಬೆಂಬಲ,translated,
role_picker.ticker_live,LIVE,ಲೈವ್,translated,
employer.trusted_workers.heading,Rated highly by other employers near you,,MISSING — needs translation,
employer.trusted_workers.rated_by,★{{avg}} · rated by {{n}} local employers,,MISSING — needs translation,
employer.trusted_workers.call,Call,,MISSING — needs translation,
employer.past_applicants.heading,{{n}} applied to you before — free nearby now,,MISSING — needs translation,
employer.past_applicants.applied_for,Applied for {{title}},,MISSING — needs translation,
employer.past_applicants.applied_before,Applied to you before,,MISSING — needs translation,
employer.past_applicants.call,Call,,MISSING — needs translation,
employer.work_proof.label,WORK PHOTO,,MISSING — needs translation,
employer.work_proof.awaiting,Waiting for the worker to send a photo of the finished job.,,MISSING — needs translation,
employer.work_proof.approve,Approve,,MISSING — needs translation,
employer.work_proof.reject,Reject,,MISSING — needs translation,
employer.work_proof.approved,Approved ✓,,MISSING — needs translation,
employer.work_proof.rejected,Rejected — worker can resubmit,,MISSING — needs translation,
employer.offer.label,OFFER,,MISSING — needs translation,
employer.offer.pending,Offer sent — {{when}},,MISSING — needs translation,
employer.offer.accepted,Offer accepted ✓,,MISSING — needs translation,
employer.offer.declined,Candidate declined,,MISSING — needs translation,
employer.offer.expired,Offer expired — no reply,,MISSING — needs translation,
employer.offer.countered,Worker counter-offered ₹{{wage}},,MISSING — needs translation,
employer.offer.accept_counter,Accept ₹{{wage}},,MISSING — needs translation,
employer.offer.decline_counter,Decline,,MISSING — needs translation,
employer.offer.make_24h,Offer · 24h,,MISSING — needs translation,
employer.offer.make_48h,Offer · 48h,,MISSING — needs translation,
employer.arrival.label,WILL THEY SHOW UP?,,MISSING — needs translation,
employer.arrival.band_high,Likely,,MISSING — needs translation,
employer.arrival.band_medium,Maybe,,MISSING — needs translation,
employer.arrival.band_low,Risky,,MISSING — needs translation,
employer.arrival.score,Arrival score {{score}}/100,,MISSING — needs translation,
employer.skill_check.label,SKILL CHECK,,MISSING — needs translation,
employer.skill_check.passed,Passed the skill check,,MISSING — needs translation,
employer.skill_check.not_passed,Hasn't passed yet,,MISSING — needs translation,
employer.response_settings.title,Quiet hours,,MISSING — needs translation,
employer.response_settings.hint,We won't flag you for slow replies during these hours,,MISSING — needs translation,
employer.response_settings.sms_title,SMS new-applicant alerts,,MISSING — needs translation,
employer.response_settings.sms_hint,Get a text when someone applies — even with the app closed,,MISSING — needs translation,
employer.response_settings.from,FROM,,MISSING — needs translation,
employer.response_settings.to,TO,,MISSING — needs translation,
employer.response_settings.auto_reply_label,Auto-reply (optional),,MISSING — needs translation,
employer.response_settings.auto_reply_ph,e.g. Thanks! I'll reply in the morning.,,MISSING — needs translation,
employer.response_settings.save,Save,,MISSING — needs translation,
employer.response_settings.saving,Saving…,,MISSING — needs translation,
employer.labor_budget.label,LABOR BUDGET,,MISSING — needs translation,
employer.labor_budget.spent_of,{{spent}} of {{cap}} this {{period}},,MISSING — needs translation,
employer.labor_budget.spent_this_month,Paid out this month: {{spent}},,MISSING — needs translation,
employer.labor_budget.remaining,{{remaining}} left,,MISSING — needs translation,
employer.labor_budget.over,Over budget — heads up,,MISSING — needs translation,
employer.labor_budget.period_week,Week,,MISSING — needs translation,
employer.labor_budget.period_month,Month,,MISSING — needs translation,
employer.labor_budget.amount_label,Budget amount (₹),,MISSING — needs translation,
employer.labor_budget.set,Set a budget,,MISSING — needs translation,
employer.labor_budget.edit,Edit budget,,MISSING — needs translation,
employer.labor_budget.save,Save,,MISSING — needs translation,
employer.labor_budget.saving,Saving…,,MISSING — needs translation,
employer.labor_budget.cancel,Cancel,,MISSING — needs translation,
employer.shift_schedule.label,NEXT SHIFT,,MISSING — needs translation,
employer.shift_schedule.none,No shift scheduled yet,,MISSING — needs translation,
employer.shift_schedule.status_confirmed,Worker confirmed ✓,,MISSING — needs translation,
employer.shift_schedule.status_declined,Worker can't make it — line up a backfill,,MISSING — needs translation,
employer.shift_schedule.status_awaiting,Waiting for confirmation,,MISSING — needs translation,
employer.shift_schedule.tomorrow_morning,Tomorrow 8 AM,,MISSING — needs translation,
employer.shift_schedule.tomorrow_evening,Tomorrow 6 PM,,MISSING — needs translation,
employer.shift_schedule.on_the_way,Worker is on the way,,MISSING — needs translation,
employer.shift_schedule.on_the_way_eta,On the way · ~{{eta}} min away,,MISSING — needs translation,
employer.shift_schedule.checklist_ack,Pre-shift checklist acknowledged ✓,,MISSING — needs translation,
employer.shift_schedule.checklist_pending,Pre-shift checklist not acknowledged yet,,MISSING — needs translation,
employer.shift_schedule.endorse,👍 Great at {{skill}}? Endorse,,MISSING — needs translation,
employer.shift_schedule.endorsed,Endorsed for {{skill}} ✓,,MISSING — needs translation,
employer.documents.label,DOCUMENTS & EXPIRY,,MISSING — needs translation,
employer.documents.label_ph,Document (e.g. Driving licence),,MISSING — needs translation,
employer.documents.expiry_ph,Expiry date (YYYY-MM-DD),,MISSING — needs translation,
employer.documents.add,Add document,,MISSING — needs translation,
employer.documents.adding,Adding…,,MISSING — needs translation,
employer.documents.remove,Remove,,MISSING — needs translation,
employer.documents.expires,Expires {{date}},,MISSING — needs translation,
employer.incident.label,INCIDENT LOG (PRIVATE),,MISSING — needs translation,
employer.incident.empty,No incidents logged. Only you can see these.,,MISSING — needs translation,
employer.incident.placeholder,e.g. Arrived 40 min late,,MISSING — needs translation,
employer.incident.add_photo,Add photo,,MISSING — needs translation,
employer.incident.photo_added,Photo ✓,,MISSING — needs translation,
employer.incident.log,Log it,,MISSING — needs translation,
employer.incident.logging,Saving…,,MISSING — needs translation,
employer.moderation.block,Block,,MISSING — needs translation,
employer.moderation.report,Report,,MISSING — needs translation,
employer.moderation.cancel,Cancel,,MISSING — needs translation,
employer.moderation.block_title,Block {{name}}?,,MISSING — needs translation,
employer.moderation.block_body,They won't be able to apply to your jobs again. You can unblock later.,,MISSING — needs translation,
employer.moderation.report_title,Report this worker,,MISSING — needs translation,
employer.moderation.report_body,What's the problem? Our team will review it.,,MISSING — needs translation,
employer.moderation.report_done,Reported. Thanks — our team will take a look.,,MISSING — needs translation,
employer.moderation.reason_fake,Fake profile,,MISSING — needs translation,
employer.moderation.reason_scam,Scam,,MISSING — needs translation,
employer.moderation.reason_abusive,Abusive behaviour,,MISSING — needs translation,
employer.briefing.cta,Site briefing,,MISSING — needs translation,
employer.briefing.title,Before-you-arrive briefing,,MISSING — needs translation,
employer.briefing.hint,"Instructions + photos shown to workers you hire — park behind the shop, ask for Raju, wear boots.",,MISSING — needs translation,
employer.briefing.placeholder,"e.g. Park behind the shop, ask for Raju, wear boots",,MISSING — needs translation,
employer.briefing.add_photo,Add photo ({{n}}/3),,MISSING — needs translation,
employer.briefing.save,Save briefing,,MISSING — needs translation,
employer.briefing.saving,Saving…,,MISSING — needs translation,
employer.wage_nudge.title,Your wage is below the local rate,,MISSING — needs translation,
employer.wage_nudge.body,Similar jobs near you pay around {{median}}. Yours is {{yours}} — raising it usually pulls more applicants.,,MISSING — needs translation,
employer.bulk_message.cta,Message all {{n}} shortlisted,,MISSING — needs translation,
employer.bulk_message.title,Message {{n}} shortlisted candidates,,MISSING — needs translation,
employer.bulk_message.placeholder,"e.g. Interviews tomorrow 10–12, reply to confirm.",,MISSING — needs translation,
employer.bulk_message.send,Send to all,,MISSING — needs translation,
employer.bulk_message.sending,Sending…,,MISSING — needs translation,
employer.bulk_message.sent_title,Message sent,,MISSING — needs translation,
employer.bulk_message.sent_body,Sent to {{n}} candidates.,,MISSING — needs translation,
employer.bulk_message.fail,Couldn't send. Try again.,,MISSING — needs translation,
employer.blind_review.toggle_title,Blind first-pass,,MISSING — needs translation,
employer.blind_review.toggle_hint,Hide photos & names while you shortlist on skills,,MISSING — needs translation,
employer.blind_review.candidate_n,Candidate {{n}},,MISSING — needs translation,
employer.worker_note.label,PRIVATE NOTE,,MISSING — needs translation,
employer.worker_note.placeholder,"e.g. Great with customers, bring back for weekends",,MISSING — needs translation,
employer.worker_note.private_hint,Only you can see this. Never shown to the worker.,,MISSING — needs translation,
employer.worker_note.save,Save note,,MISSING — needs translation,
employer.worker_note.saving,Saving…,,MISSING — needs translation,
employer.worker_note.saved,Saved ✓,,MISSING — needs translation,
employer.voice_post.title,Speak your job,,MISSING — needs translation,
employer.voice_post.hint,"Tap and say it — e.g. ""2 dishwashers, Friday night, ₹600""",,MISSING — needs translation,
employer.voice_post.listening,Listening… tap to stop,,MISSING — needs translation,
employer.voice_post.thinking,Got it — filling the form…,,MISSING — needs translation,
employer.voice_post.failed,Didn't catch that. Try again or type below.,,MISSING — needs translation,
employer.voice_post.mic_label,Speak the job post,,MISSING — needs translation,
employer.voice_post.note_headcount,Need {{count}} people.,,MISSING — needs translation,
employer.voice_post.note_days,Days: {{days}}.,,MISSING — needs translation,
employer.voice_post.note_start,Starts {{time}}.,,MISSING — needs translation,
employer.back,← Back,← ಹಿಂದೆ,translated,
employer.retry,Retry,ಮತ್ತೆ ಪ್ರಯತ್ನಿಸಿ,translated,
employer.crew.title,My crew,,MISSING — needs translation,
employer.crew.import_cta,Import workers from contacts,,MISSING — needs translation,
employer.crew.importing,Importing…,,MISSING — needs translation,
employer.crew.remove,Remove,,MISSING — needs translation,
employer.crew.rehire,Re-hire,,MISSING — needs translation,
employer.crew.rehire_pick,Re-hire {{name}} for which job?,,MISSING — needs translation,
employer.crew.rehire_no_jobs,You have no active jobs. Post one first.,,MISSING — needs translation,
employer.crew.rehire_sent_title,Offer sent,,MISSING — needs translation,
employer.crew.rehire_sent_body,We've sent them a direct offer — they'll accept or decline.,,MISSING — needs translation,
employer.crew.rehire_fail,Couldn't send the offer. They may already be hired for that job.,,MISSING — needs translation,
employer.crew.roster_title,THIS WEEK'S ROSTER,,MISSING — needs translation,
employer.crew.roster_no_days,No days set,,MISSING — needs translation,
employer.crew.roster_unfilled,Not filled yet,,MISSING — needs translation,
employer.crew.docs_expiring_title,DOCUMENTS EXPIRING SOON,,MISSING — needs translation,
employer.crew.docs_expires,Expires {{date}},,MISSING — needs translation,
employer.crew.docs_expired,Expired {{date}},,MISSING — needs translation,
employer.crew.churn_title,DRIFTING AWAY?,,MISSING — needs translation,
employer.crew.churn_row,{{hires}} hires · quiet {{days}} days,,MISSING — needs translation,
employer.crew.churn_reach_out,Reach out,,MISSING — needs translation,
employer.crew.timesheet_title,HOURS THIS MONTH,,MISSING — needs translation,
employer.crew.timesheet_export,Export,,MISSING — needs translation,
employer.crew.timesheet_row,{{hours}} · {{days}} days,,MISSING — needs translation,
employer.crew.empty_eyebrow,BUILD YOUR CREW,,MISSING — needs translation,
employer.crew.empty_title,No crew yet,,MISSING — needs translation,
employer.crew.empty_body,Import your contacts to add workers you already know — they'll be one tap away for your next job.,,MISSING — needs translation,
employer.crew.no_contacts_title,Contacts unavailable,,MISSING — needs translation,
employer.crew.no_contacts_body,Contact import isn't available on this device.,,MISSING — needs translation,
employer.crew.permission_title,Permission needed,,MISSING — needs translation,
employer.crew.permission_body,Allow contacts access to find workers you already know.,,MISSING — needs translation,
employer.crew.import_done_title,{{n}} added to your crew,,MISSING — needs translation,
employer.crew.import_done_body,{{invite}} of your contacts aren't on Doondo yet.,,MISSING — needs translation,
employer.crew.import_fail,Couldn't import contacts. Try again.,,MISSING — needs translation,
employer.crew.invite,Invite them,,MISSING — needs translation,
employer.crew.later,Later,,MISSING — needs translation,
employer.crew.invite_message,I'm hiring on Doondo — join and I'll add you to my crew: https://doondo.app,,MISSING — needs translation,
employer.needs_now.title,NEEDS YOU NOW,,MISSING — needs translation,
employer.needs_now.on_the_way_one,{{name}} is on the way,,MISSING — needs translation,
employer.needs_now.on_the_way_many,{{n}} workers are on the way,,MISSING — needs translation,
employer.needs_now.counter_one,{{name}} countered your offer,,MISSING — needs translation,
employer.needs_now.counter_many,{{n}} workers countered your offer,,MISSING — needs translation,
employer.needs_now.proof_one,1 work photo waiting for your review,,MISSING — needs translation,
employer.needs_now.proof_many,{{n}} work photos waiting for your review,,MISSING — needs translation,
employer.needs_now.waiting_one,{{name}} has been waiting over a day,,MISSING — needs translation,
employer.needs_now.waiting_many,{{n}} applicants have waited over a day,,MISSING — needs translation,
employer.needs_now.doc_one,{{sample}} document expiring,,MISSING — needs translation,
employer.needs_now.doc_many,{{n}} crew documents expiring soon,,MISSING — needs translation,
employer.project.title,Project progress,,MISSING — needs translation,
employer.project.day_of,Day {{day}} of {{total}},,MISSING — needs translation,
employer.project.range,{{start}} → {{end}},,MISSING — needs translation,
employer.project.remaining,{{n}} days left,,MISSING — needs translation,
employer.project.complete,Project complete,,MISSING — needs translation,
employer.project.days_attended,{{done}}/{{total}} days,,MISSING — needs translation,
employer.statement.cta,Monthly statement (PDF),,MISSING — needs translation,
employer.statement.generating,Preparing…,,MISSING — needs translation,
employer.statement.pdf_title,Monthly statement,,MISSING — needs translation,
employer.statement.pdf_footer,Generated by Doondo. Hours are from on-site check-ins; pay is settled UPI payments for the month.,,MISSING — needs translation,
employer.statement.share_title,Share monthly statement,,MISSING — needs translation,
employer.statement.col_worker,Worker,,MISSING — needs translation,
employer.statement.col_days,Days,,MISSING — needs translation,
employer.statement.col_shifts,Shifts,,MISSING — needs translation,
employer.statement.col_hours,Hours,,MISSING — needs translation,
employer.statement.col_paid,Paid,,MISSING — needs translation,
employer.statement.total,Total · {{n}} workers,,MISSING — needs translation,
employer.statement.empty_title,Nothing to report,,MISSING — needs translation,
employer.statement.empty_body,No worked hours or settled payments this month yet.,,MISSING — needs translation,
employer.statement.fail,Couldn't generate the statement. Try again.,,MISSING — needs translation,
employer.squad.title,SQUADS,,MISSING — needs translation,
employer.squad.new,+ New squad,,MISSING — needs translation,
employer.squad.none,No squads yet. Group workers you hire together for one-tap deploys.,,MISSING — needs translation,
employer.squad.member_count,{{n}} members,,MISSING — needs translation,
employer.squad.deploy,Deploy to job,,MISSING — needs translation,
employer.squad.delete,Delete,,MISSING — needs translation,
employer.squad.deploy_pick,"Send ""{{name}}"" to which job?",,MISSING — needs translation,
employer.squad.deploy_done_title,Squad deployed,,MISSING — needs translation,
employer.squad.deploy_done_body,Offers sent to {{sent}} members. {{failed}} couldn't be offered.,,MISSING — needs translation,
employer.squad.deploy_fail,Couldn't deploy the squad. Try again.,,MISSING — needs translation,
employer.squad.builder_title,New squad,,MISSING — needs translation,
employer.squad.name_placeholder,Squad name (e.g. Morning kitchen crew),,MISSING — needs translation,
employer.squad.save,Save squad ({{n}}),,MISSING — needs translation,
employer.squad.saving,Saving…,,MISSING — needs translation,
employer.squad.save_fail,Couldn't save the squad. The name may already be taken.,,MISSING — needs translation,
employer.workforce.eyebrow,WORKFORCE,ಕಾರ್ಯಬಲ,translated,
employer.workforce.title,Your team.,ನಿಮ್ಮ ತಂಡ.,translated,
employer.workforce.coming_soon_eyebrow,COMING SOON,ಶೀಘ್ರದಲ್ಲೇ ಬರಲಿದೆ,translated,
employer.workforce.coming_soon_body,"Phase 4 brings active hires, attendance, and recurring worker management to this tab.","Phase 4 ರಲ್ಲಿ ಸಕ್ರಿಯ ನೇಮಕಾತಿಗಳು, ಹಾಜರಾತಿ ಮತ್ತು ಪುನರಾವರ್ತಿತ ಕಾರ್ಮಿಕರ ನಿರ್ವಹಣೆ ಈ ಟ್ಯಾಬ್‌ಗೆ ಬರುತ್ತದೆ.",translated,
employer.applicant_card.reel_pill,Reel,,MISSING — needs translation,
employer.applicant_card.for_job,for {{title}},{{title}}ಗಾಗಿ,translated,
employer.applicant_card.anon,Anonymous,ಅನಾಮಿಕ,translated,
employer.applicant_card.verified,Verified,ಪರಿಶೀಲಿತ,translated,
employer.applicant_card.team_of,Team of {{n}},{{n}} ತಂಡ,translated,
employer.applicant_card.time_just_now,just now,ಇದೀಗ,translated,
employer.applicant_card.time_minutes_ago,{{n}}m ago,{{n}} ನಿಮಿಷಗಳ ಹಿಂದೆ,translated,
employer.applicant_card.time_hours_ago,{{n}}h ago,{{n}} ಗಂಟೆಗಳ ಹಿಂದೆ,translated,
employer.applicant_card.time_days_ago,{{n}}d ago,{{n}} ದಿನಗಳ ಹಿಂದೆ,translated,
employer.applicant_card.status_pending,New,ಹೊಸ,translated,
employer.applicant_card.status_viewed,Viewed,ನೋಡಲಾಗಿದೆ,translated,
employer.applicant_card.status_shortlisted,Shortlisted,ಶಾರ್ಟ್‌ಲಿಸ್ಟ್,translated,
employer.applicant_card.status_rejected,Rejected,ತಿರಸ್ಕರಿಸಲಾಗಿದೆ,translated,
employer.applicant_card.status_hired,Hired,ನೇಮಕಗೊಂಡಿದೆ,translated,
employer.applicant_card.status_withdrawn,Withdrawn,ಹಿಂಪಡೆಯಲಾಗಿದೆ,translated,
employer.applicant_card.fallback_name,Applicant,ಅರ್ಜಿದಾರ,translated,
employer.applicants.eyebrow,APPLICANTS,ಅರ್ಜಿದಾರರು,translated,
employer.applicants.title,People who want this.,ಬೇಕು ಎಂದು ಬಯಸಿದವರು.,translated,
employer.applicants.per_job_title,Applicants,ಅರ್ಜಿದಾರರು,translated,
employer.applicants.per_job_total,{{n}} total,ಒಟ್ಟು {{n}},translated,
employer.applicants.fill,{{hired}} of {{headcount}} hired,,MISSING — needs translation,
employer.applicants.filter_all,All,ಎಲ್ಲ,translated,
employer.applicants.filter_pending,New,ಹೊಸ,translated,
employer.applicants.filter_viewed,Viewed,ನೋಡಿದ,translated,
employer.applicants.filter_shortlisted,Shortlisted,ಶಾರ್ಟ್‌ಲಿಸ್ಟ್,translated,
employer.applicants.filter_hired,Hired,ನೇಮಕ,translated,
employer.applicants.offline_eyebrow,OFFLINE,ಆಫ್‌ಲೈನ್,translated,
employer.applicants.offline_title,Couldn't load applicants,ಅರ್ಜಿದಾರರನ್ನು ಲೋಡ್ ಮಾಡಲಾಗಲಿಲ್ಲ,translated,
employer.applicants.offline_message,"Pull down to retry, or check your connection.","ಮತ್ತೆ ಪ್ರಯತ್ನಿಸಲು ಕೆಳಗೆ ಎಳೆಯಿರಿ, ಅಥವಾ ನಿಮ್ಮ ಸಂಪರ್ಕವನ್ನು ಪರಿಶೀಲಿಸಿ.",translated,
employer.applicants.empty_waiting_eyebrow,WAITING ROOM,ಕಾಯುವ ಕೋಣೆ,translated,
employer.applicants.empty_no_applicants_title,No applicants yet,ಇನ್ನೂ ಯಾವುದೇ ಅರ್ಜಿದಾರರಿಲ್ಲ,translated,
employer.applicants.empty_no_applicants_message,"Once someone applies to one of your jobs, they'll show up here.","ಯಾರಾದರೂ ನಿಮ್ಮ ಕೆಲಸಗಳಲ್ಲಿ ಒಂದಕ್ಕೆ ಅರ್ಜಿ ಸಲ್ಲಿಸಿದರೆ, ಅವರು ಇಲ್ಲಿ ಕಾಣಿಸುತ್ತಾರೆ.",translated,
employer.applicants.empty_no_applicants_per_job,"When someone applies, you'll see them here. Verified candidates show a champagne ring around their avatar.","ಯಾರಾದರೂ ಅರ್ಜಿ ಸಲ್ಲಿಸಿದಾಗ, ನೀವು ಅವರನ್ನು ಇಲ್ಲಿ ನೋಡುತ್ತೀರಿ. ಪರಿಶೀಲಿತ ಅಭ್ಯರ್ಥಿಗಳು ತಮ್ಮ ಅವತಾರದ ಸುತ್ತಲೂ ಶ್ಯಾಂಪೇನ್ ರಿಂಗ್ ಅನ್ನು ತೋರಿಸುತ್ತಾರೆ.",translated,
employer.applicants.empty_filter_eyebrow,EMPTY FILTER,ಖಾಲಿ ಫಿಲ್ಟರ್,translated,
employer.applicants.empty_filter_title,"No applicants in ""{{filter}}""","""{{filter}}""ನಲ್ಲಿ ಯಾವುದೇ ಅರ್ಜಿದಾರರಿಲ್ಲ",translated,
employer.applicants.empty_filter_message,"Try a different filter, or wait for new applications.","ಬೇರೆ ಫಿಲ್ಟರ್ ಪ್ರಯತ್ನಿಸಿ, ಅಥವಾ ಹೊಸ ಅರ್ಜಿಗಳಿಗಾಗಿ ಕಾಯಿರಿ.",translated,
employer.applicants.available_now_title,Workers available right now,ಕಾರ್ಮಿಕರು ಈಗ ಲಭ್ಯವಿದ್ದಾರೆ,translated,
employer.applicants.available_now_subtitle,"Workers nearby broadcasting ""available now"" — tap to view","ಹತ್ತಿರದ ಕಾರ್ಮಿಕರು ""ಈಗ ಲಭ್ಯ"" ಎಂದು ಪ್ರಸಾರ ಮಾಡುತ್ತಿದ್ದಾರೆ — ನೋಡಲು ಟ್ಯಾಪ್ ಮಾಡಿ",translated,
employer.applicants.available_off_title,Available workers,ಲಭ್ಯ ಕಾರ್ಮಿಕರು,translated,
employer.applicants.available_off_subtitle,"When workers are broadcasting nearby, they show up here","ಹತ್ತಿರ ಕಾರ್ಮಿಕರು ಪ್ರಸಾರ ಮಾಡುತ್ತಿರುವಾಗ, ಅವರು ಇಲ್ಲಿ ಕಾಣಿಸುತ್ತಾರೆ",translated,
employer.applicants.available_now_a11y,See workers available right now,ಈಗ ಲಭ್ಯವಿರುವ ಕಾರ್ಮಿಕರನ್ನು ನೋಡಿ,translated,
employer.upi.title,💸 Pay via UPI,💸 UPI ಮೂಲಕ ಪಾವತಿಸಿ,translated,
employer.upi.receipt_share,Share receipt,,MISSING — needs translation,
employer.upi.receipt_sharing,Preparing…,,MISSING — needs translation,
employer.upi.receipt_fail,Couldn't load the receipt. Try again.,,MISSING — needs translation,
employer.upi.receipt_heading,DOONDO PAYMENT RECEIPT,,MISSING — needs translation,
employer.upi.receipt_no,Receipt no,,MISSING — needs translation,
employer.upi.receipt_date,Date,,MISSING — needs translation,
employer.upi.receipt_from,From,,MISSING — needs translation,
employer.upi.receipt_to,To,,MISSING — needs translation,
employer.upi.receipt_amount,Amount,,MISSING — needs translation,
employer.upi.receipt_method,Method,,MISSING — needs translation,
employer.upi.amount_placeholder,Amount,ಮೊತ್ತ,translated,
employer.upi.cta_open,Open UPI app,UPI ಆಪ್ ತೆರೆಯಿರಿ,translated,
employer.upi.no_upi_title,No UPI app found,UPI ಆಪ್ ಕಂಡುಬಂದಿಲ್ಲ,translated,
employer.upi.no_upi_body,Pay {{amount}} to {{vpa}} with reference {{ref}}.,{{vpa}}ಗೆ {{amount}} ಅನ್ನು ರೆಫರೆನ್ಸ್ {{ref}} ಜೊತೆ ಪಾವತಿಸಿ.,translated,
employer.upi.could_not_create,Could not create payment,ಪಾವತಿ ರಚಿಸಲಾಗಲಿಲ್ಲ,translated,
employer.upi.ref_label,Ref {{ref}} · {{vpa}},ರೆಫ್ {{ref}} · {{vpa}},translated,
employer.upi.cta_paid,✓ I paid,✓ ನಾನು ಪಾವತಿಸಿದ್ದೇನೆ,translated,
employer.upi.cta_cancel,Cancel,ರದ್ದು,translated,
employer.upi.enter_amount,Enter an amount,ಮೊತ್ತ ನಮೂದಿಸಿ,translated,
employer.upi.marked_paid_title,Marked paid,ಪಾವತಿಯಾಗಿದೆ ಎಂದು ಗುರುತಿಸಲಾಗಿದೆ,translated,
employer.upi.marked_paid_body,The worker's earnings have been updated.,ಕಾರ್ಮಿಕರ ಗಳಿಕೆ ಅಪ್ಡೇಟ್ ಆಗಿದೆ.,translated,
employer.posts.eyebrow,POSTS,ಪೋಸ್ಟ್‌ಗಳು,translated,
employer.posts.title,Your jobs.,ನಿಮ್ಮ ಕೆಲಸಗಳು.,translated,
employer.posts.subtitle_one,{{n}} total · pull down to refresh,ಒಟ್ಟು {{n}} · ರಿಫ್ರೆಶ್ ಮಾಡಲು ಕೆಳಗೆ ಎಳೆಯಿರಿ,translated,
employer.posts.subtitle_other,{{n}} total · pull down to refresh,ಒಟ್ಟು {{n}} · ರಿಫ್ರೆಶ್ ಮಾಡಲು ಕೆಳಗೆ ಎಳೆಯಿರಿ,translated,
employer.posts.subtitle_empty,Post a job to start hiring,ನೇಮಕಾತಿ ಆರಂಭಿಸಲು ಒಂದು ಕೆಲಸ ಪೋಸ್ಟ್ ಮಾಡಿ,translated,
employer.posts.subtitle_manage,Manage and track your job posts,ನಿಮ್ಮ ಕೆಲಸದ ಪೋಸ್ಟ್‌ಗಳನ್ನು ನಿರ್ವಹಿಸಿ ಮತ್ತು ಟ್ರ್ಯಾಕ್ ಮಾಡಿ,translated,
employer.posts.count_one,{{n}} Job,{{n}} ಕೆಲಸ,translated,
employer.posts.count_other,{{n}} Jobs,{{n}} ಕೆಲಸಗಳು,translated,
employer.posts.view_applicants,View applicants,ಅರ್ಜಿದಾರರನ್ನು ನೋಡಿ,translated,
employer.posts.tip_title,Tip,ಸಲಹೆ,translated,
employer.posts.tip_body,Keep your jobs updated to attract the best talent.,ಅತ್ಯುತ್ತಮ ಪ್ರತಿಭೆಯನ್ನು ಆಕರ್ಷಿಸಲು ನಿಮ್ಮ ಕೆಲಸಗಳನ್ನು ಅಪ್‌ಡೇಟ್ ಆಗಿ ಇರಿಸಿ.,translated,
employer.posts.cta_new,+ New,+ ಹೊಸ,translated,
employer.posts.cta_post,Post a job,ಕೆಲಸ ಪೋಸ್ಟ್ ಮಾಡಿ,translated,
employer.posts.offline_eyebrow,OFFLINE,ಆಫ್‌ಲೈನ್,translated,
employer.posts.offline_title,Couldn't load your posts,ನಿಮ್ಮ ಪೋಸ್ಟ್‌ಗಳನ್ನು ಲೋಡ್ ಮಾಡಲಾಗಲಿಲ್ಲ,translated,
employer.posts.offline_message,"Pull down to retry, or check your connection.","ಮತ್ತೆ ಪ್ರಯತ್ನಿಸಲು ಕೆಳಗೆ ಎಳೆಯಿರಿ, ಅಥವಾ ನಿಮ್ಮ ಸಂಪರ್ಕವನ್ನು ಪರಿಶೀಲಿಸಿ.",translated,
employer.posts.empty_eyebrow,NO POSTS YET,ಇನ್ನೂ ಯಾವುದೇ ಪೋಸ್ಟ್‌ಗಳಿಲ್ಲ,translated,
employer.posts.empty_title,Post your first job,ನಿಮ್ಮ ಮೊದಲ ಕೆಲಸ ಪೋಸ್ಟ್ ಮಾಡಿ,translated,
employer.posts.empty_message,Tap the button below and be hiring in under a minute.,ಕೆಳಗಿನ ಬಟನ್ ಒತ್ತಿ ಮತ್ತು ಒಂದು ನಿಮಿಷದೊಳಗೆ ನೇಮಕಾತಿ ಆರಂಭಿಸಿ.,translated,
employer.posts.section_open,Open,ತೆರೆದ,translated,
employer.posts.section_closed,Closed,ಮುಚ್ಚಲಾಗಿದೆ,translated,
employer.posts.applicants_one,{{n}} applicant,{{n}} ಅರ್ಜಿದಾರ,translated,
employer.posts.applicants_other,{{n}} applicants,{{n}} ಅರ್ಜಿದಾರರು,translated,
employer.posts.action_pause,Pause,ವಿರಾಮ,translated,
employer.posts.action_reopen,Reopen,ಮತ್ತೆ ತೆರೆಯಿರಿ,translated,
employer.posts.action_close,Close,ಮುಚ್ಚಿ,translated,
employer.posts.action_repost,Re-post,,MISSING — needs translation,
employer.posts.status_active,Active,ಸಕ್ರಿಯ,translated,
employer.posts.status_paused,Paused,ವಿರಾಮಿತ,translated,
employer.posts.status_filled,Filled,ಭರ್ತಿಯಾಗಿದೆ,translated,
employer.posts.status_expired,Closed,ಮುಚ್ಚಲಾಗಿದೆ,translated,
employer.posts.escalation_boosted,⬆ Boosted,,MISSING — needs translation,
employer.posts.escalation_attention,Needs attention,,MISSING — needs translation,
employer.posts.type_full_time,Full-time,ಪೂರ್ಣಕಾಲ,translated,
employer.posts.type_part_time,Part-time,ಅರ್ಧಕಾಲ,translated,
employer.posts.type_gig,Gig,ಗಿಗ್,translated,
employer.posts.type_shift,Shift,ಶಿಫ್ಟ್,translated,
employer.posts.type_contract,Contract,ಒಪ್ಪಂದ,translated,
employer.available_workers.header_title,Available right now,ಈಗ ಲಭ್ಯ,translated,
employer.available_workers.header_subtitle,Workers who broadcast their availability within ~15 km. Tap to call — they've opted in to be reached.,~15 ಕಿಮೀಯೊಳಗೆ ತಮ್ಮ ಲಭ್ಯತೆಯನ್ನು ಪ್ರಸಾರ ಮಾಡುತ್ತಿರುವ ಕಾರ್ಮಿಕರು. ಕರೆ ಮಾಡಲು ಟ್ಯಾಪ್ ಮಾಡಿ — ಅವರು ಸಂಪರ್ಕಿಸಲು ಒಪ್ಪಿಗೆ ನೀಡಿದ್ದಾರೆ.,translated,
employer.available_workers.error_title,Couldn't load,ಲೋಡ್ ಮಾಡಲಾಗಲಿಲ್ಲ,translated,
employer.available_workers.error_message,Check your connection and try again.,ನಿಮ್ಮ ಸಂಪರ್ಕವನ್ನು ಪರಿಶೀಲಿಸಿ ಮತ್ತೆ ಪ್ರಯತ್ನಿಸಿ.,translated,
employer.available_workers.retry,Retry,ಮತ್ತೆ ಪ್ರಯತ್ನಿಸಿ,translated,
employer.available_workers.empty_eyebrow,NOBODY BROADCASTING,ಯಾರೂ ಪ್ರಸಾರ ಮಾಡುತ್ತಿಲ್ಲ,translated,
employer.available_workers.empty_title,No workers available right now,ಈಗ ಯಾವುದೇ ಕಾರ್ಮಿಕರು ಲಭ್ಯವಿಲ್ಲ,translated,
employer.available_workers.empty_message,"When a worker raises their availability beacon nearby, they'll show up here. Pull to refresh.","ಹತ್ತಿರದಲ್ಲಿ ಕಾರ್ಮಿಕರು ತಮ್ಮ ಲಭ್ಯತೆ ಬೀಕನ್ ಎತ್ತಿದಾಗ, ಅವರು ಇಲ್ಲಿ ಕಾಣಿಸುತ್ತಾರೆ. ರಿಫ್ರೆಶ್ ಮಾಡಲು ಎಳೆಯಿರಿ.",translated,
employer.available_workers.meters_short,{{n}}m,{{n}}ಮೀ,translated,
employer.available_workers.kilometers_short,{{n}}km,{{n}}ಕಿಮೀ,translated,
employer.available_workers.drive,🚗 {{n}} min,,MISSING — needs translation,
employer.available_workers.drive_est,🚗 ~{{n}} min,,MISSING — needs translation,
employer.available_workers.minutes_left,{{n}}m left,{{n}}ಮಿ ಬಾಕಿ,translated,
employer.available_workers.expiring,expiring,ಮುಕ್ತಾಯವಾಗುತ್ತಿದೆ,translated,
employer.available_workers.wants_wage,Wants ₹{{amount}}/{{period}},,MISSING — needs translation,
employer.available_workers.period_hour,hr,,MISSING — needs translation,
employer.available_workers.period_day,day,,MISSING — needs translation,
employer.available_workers.period_week,wk,,MISSING — needs translation,
employer.available_workers.period_month,mo,,MISSING — needs translation,
employer.available_workers.period_fixed,fixed,,MISSING — needs translation,
employer.available_workers.call_a11y,Call {{name}},{{name}}ಗೆ ಕರೆ ಮಾಡಿ,translated,
employer.available_workers.call_now,📞 Call now,📞 ಈಗ ಕರೆ ಮಾಡಿ,translated,
employer.available_workers.opening_dialer,Opening dialer…,ಡಯಲರ್ ತೆರೆಯಲಾಗುತ್ತಿದೆ…,translated,
employer.available_workers.no_phone_title,Couldn't call,ಕರೆ ಮಾಡಲಾಗಲಿಲ್ಲ,translated,
employer.available_workers.no_phone_body,This worker hasn't added a phone number to their profile.,ಈ ಕಾರ್ಮಿಕರು ತಮ್ಮ ಪ್ರೊಫೈಲ್‌ಗೆ ಫೋನ್ ನಂಬರ್ ಸೇರಿಸಿಲ್ಲ.,translated,
employer.available_workers.no_dialer_title,Couldn't open dialer,ಡಯಲರ್ ತೆರೆಯಲಾಗಲಿಲ್ಲ,translated,
employer.available_workers.no_dialer_body,Your phone's dialer isn't available. The number is {{phone}},ನಿಮ್ಮ ಫೋನ್‌ನ ಡಯಲರ್ ಲಭ್ಯವಿಲ್ಲ. ನಂಬರ್ {{phone}},translated,
employer.available_workers.not_available_title,Not available,ಲಭ್ಯವಿಲ್ಲ,translated,
employer.available_workers.not_available_default,Couldn't reveal contact.,ಸಂಪರ್ಕವನ್ನು ಬಹಿರಂಗಪಡಿಸಲಾಗಲಿಲ್ಲ.,translated,
employer.available_workers.location_default,Showing a default area — turn on location (or set your city in your profile) to find workers near you.,,MISSING — needs translation,
employer.profile.switch_a11y,Switch account,ಖಾತೆ ಬದಲಾಯಿಸಿ,translated,
employer.profile.eyebrow,EMPLOYER,ಉದ್ಯೋಗದಾತ,translated,
employer.profile.favorited_by,♥ {{n}} workers favourited you,,MISSING — needs translation,
employer.profile.photo_updating,Updating photo…,ಫೋಟೋ ಅಪ್ಡೇಟ್ ಆಗುತ್ತಿದೆ…,translated,
employer.profile.photo_change,Change photo,ಫೋಟೋ ಬದಲಾಯಿಸಿ,translated,
employer.profile.photo_add,Add photo,ಫೋಟೋ ಸೇರಿಸಿ,translated,
employer.profile.photo_failed,Failed to update photo,ಫೋಟೋ ಅಪ್ಡೇಟ್ ಮಾಡಲಾಗಲಿಲ್ಲ,translated,
employer.profile.completion_eyebrow,BUSINESS PROFILE,ವ್ಯವಹಾರ ಪ್ರೊಫೈಲ್,translated,
employer.profile.completion_incomplete,Complete your profile so seekers trust your posts.,ಸೀಕರ್‌ಗಳು ನಿಮ್ಮ ಪೋಸ್ಟ್‌ಗಳನ್ನು ನಂಬುವಂತೆ ನಿಮ್ಮ ಪ್ರೊಫೈಲ್ ಪೂರ್ಣಗೊಳಿಸಿ.,translated,
employer.profile.completion_complete,Your business profile is complete.,ನಿಮ್ಮ ವ್ಯವಹಾರ ಪ್ರೊಫೈಲ್ ಪೂರ್ಣವಾಗಿದೆ.,translated,
employer.profile.section_business,BUSINESS,ವ್ಯವಹಾರ,translated,
employer.profile.section_compliance,COMPLIANCE,ಅನುಸರಣೆ,translated,
employer.profile.section_location,LOCATION,ಸ್ಥಳ,translated,
employer.profile.edit,Edit,ಸಂಪಾದಿಸಿ,translated,
employer.profile.business_empty_title,Add your business name,ನಿಮ್ಮ ವ್ಯವಹಾರ ಹೆಸರನ್ನು ಸೇರಿಸಿ,translated,
employer.profile.business_empty_subtitle,Tap to set business type,ವ್ಯವಹಾರ ಪ್ರಕಾರವನ್ನು ಹೊಂದಿಸಲು ಟ್ಯಾಪ್ ಮಾಡಿ,translated,
employer.profile.gstin_empty_title,GSTIN not set,GSTIN ಹೊಂದಿಸಲಾಗಿಲ್ಲ,translated,
employer.profile.gstin_set_subtitle,GST registration on file,GST ನೋಂದಣಿ ಫೈಲ್‌ನಲ್ಲಿ,translated,
employer.profile.gstin_empty_subtitle,Add to verify your business,ನಿಮ್ಮ ವ್ಯವಹಾರವನ್ನು ಪರಿಶೀಲಿಸಲು ಸೇರಿಸಿ,translated,
employer.profile.location_empty_title,Set your business address,ನಿಮ್ಮ ವ್ಯವಹಾರ ವಿಳಾಸ ಹೊಂದಿಸಿ,translated,
employer.profile.location_set_subtitle,GPS set,GPS ಹೊಂದಿಸಲಾಗಿದೆ,translated,
employer.profile.location_empty_subtitle,So seekers know where you operate from,ನೀವು ಎಲ್ಲಿಂದ ಕೆಲಸ ಮಾಡುತ್ತೀರಿ ಎಂದು ಸೀಕರ್‌ಗಳಿಗೆ ತಿಳಿಯಲು,translated,
employer.profile.recovery_title,Add recovery phone,ರಿಕವರಿ ಫೋನ್ ಸೇರಿಸಿ,translated,
employer.profile.recovery_body,Needed to reset your password if you ever forget it.,ಪಾಸ್‌ವರ್ಡ್ ಮರೆತರೆ ರೀಸೆಟ್ ಮಾಡಲು ಬೇಕು.,translated,
employer.profile.recovery_pill,Add,ಸೇರಿಸಿ,translated,
employer.profile.verification_title,Verification,ಪರಿಶೀಲನೆ,translated,
employer.profile.verification_verified_copy,Your business carries the gold ★ everywhere.,ನಿಮ್ಮ ವ್ಯವಹಾರವು ಎಲ್ಲೆಡೆ ಚಿನ್ನದ ★ ಅನ್ನು ಹೊಂದಿದೆ.,translated,
employer.profile.verification_pending_with_gstin,Phone confirmed — finish with a quick selfie.,ಫೋನ್ ಖಚಿತಪಡಿಸಲಾಗಿದೆ — ಒಂದು ತ್ವರಿತ ಸೆಲ್ಫಿಯೊಂದಿಗೆ ಮುಗಿಸಿ.,translated,
employer.profile.verification_pending_no_gstin,"Add a valid GSTIN, then finish with a selfie.","ಮಾನ್ಯ GSTIN ಸೇರಿಸಿ, ನಂತರ ಸೆಲ್ಫಿಯೊಂದಿಗೆ ಮುಗಿಸಿ.",translated,
employer.profile.verification_rejected,Verification didn't pass. Tap to try again.,ಪರಿಶೀಲನೆ ಉತ್ತೀರ್ಣವಾಗಲಿಲ್ಲ. ಮತ್ತೆ ಪ್ರಯತ್ನಿಸಲು ಟ್ಯಾಪ್ ಮಾಡಿ.,translated,
employer.profile.verification_default,Confirm your phone + selfie to earn the gold ★.,ಚಿನ್ನದ ★ ಗಳಿಸಲು ನಿಮ್ಮ ಫೋನ್ + ಸೆಲ್ಫಿಯನ್ನು ಖಚಿತಪಡಿಸಿ.,translated,
employer.profile.verification_verified_pill,Verified,ಪರಿಶೀಲಿತ,translated,
employer.profile.verification_continue,Continue,ಮುಂದುವರಿಸಿ,translated,
employer.profile.verification_verify,Verify,ಪರಿಶೀಲಿಸಿ,translated,
employer.profile.cta_signout,Sign out,ಸೈನ್ ಔಟ್,translated,
employer.profile.business_type_individual,Individual,ವೈಯಕ್ತಿಕ,translated,
employer.profile.business_type_shop,Shop,ಅಂಗಡಿ,translated,
employer.profile.business_type_restaurant,Restaurant,ಹೋಟೆಲ್,translated,
employer.profile.business_type_salon,Salon,ಸಲೂನ್,translated,
employer.profile.business_type_agency,Agency,ಏಜೆನ್ಸಿ,translated,
employer.profile.business_type_startup,Startup,ಸ್ಟಾರ್ಟಪ್,translated,
employer.profile.business_type_enterprise,Enterprise,ಎಂಟರ್‌ಪ್ರೈಸ್,translated,
employer.profile.business_type_other,Other,ಇತರ,translated,
employer.applicant_detail.error_eyebrow,UNAVAILABLE,ಲಭ್ಯವಿಲ್ಲ,translated,
employer.applicant_detail.error_title,Couldn't load this applicant,ಈ ಅರ್ಜಿದಾರರನ್ನು ಲೋಡ್ ಮಾಡಲಾಗಲಿಲ್ಲ,translated,
employer.applicant_detail.error_message,"They may have withdrawn, or your connection dropped.","ಅವರು ಅರ್ಜಿಯನ್ನು ಹಿಂಪಡೆದಿರಬಹುದು, ಅಥವಾ ನಿಮ್ಮ ಸಂಪರ್ಕ ಕಡಿತಗೊಂಡಿರಬಹುದು.",translated,
employer.applicant_detail.close,Close,ಮುಚ್ಚಿ,translated,
employer.applicant_detail.back,Back,ಹಿಂದೆ,translated,
employer.applicant_detail.rate_worker,Rate this worker,ಈ ಕಾರ್ಮಿಕರನ್ನು ರೇಟ್ ಮಾಡಿ,translated,
employer.applicant_detail.rate_worker_hint,Your review helps other employers find great hires.,ನಿಮ್ಮ ವಿಮರ್ಶೆ ಇತರ ಉದ್ಯೋಗದಾತರಿಗೆ ಉತ್ತಮ ಕಾರ್ಮಿಕರನ್ನು ಹುಡುಕಲು ಸಹಾಯ ಮಾಡುತ್ತದೆ.,translated,
employer.applicant_detail.rate_cta,Rate,ರೇಟ್ ಮಾಡಿ,translated,
employer.applicant_detail.applicant_fallback,Applicant,ಅರ್ಜಿದಾರ,translated,
employer.applicant_detail.status_new,NEW APPLICANT,ಹೊಸ ಅರ್ಜಿದಾರ,translated,
employer.applicant_detail.status_viewed,VIEWED,ನೋಡಲಾಗಿದೆ,translated,
employer.applicant_detail.status_shortlisted,SHORTLISTED,ಶಾರ್ಟ್‌ಲಿಸ್ಟ್ ಮಾಡಲಾಗಿದೆ,translated,
employer.applicant_detail.status_rejected,REJECTED,ತಿರಸ್ಕರಿಸಲಾಗಿದೆ,translated,
employer.applicant_detail.status_hired,HIRED,ನೇಮಿಸಲಾಗಿದೆ,translated,
employer.applicant_detail.status_withdrawn,WITHDRAWN,ಹಿಂಪಡೆಯಲಾಗಿದೆ,translated,
employer.applicant_detail.team_of,Team of {{n}},{{n}} ತಂಡ,translated,
employer.applicant_detail.teammates,TEAMMATES,ತಂಡದ ಸದಸ್ಯರು,translated,
employer.applicant_detail.applied_to,APPLIED TO,ಇದಕ್ಕೆ ಅರ್ಜಿ ಸಲ್ಲಿಸಿದ್ದಾರೆ,translated,
employer.applicant_detail.skills,SKILLS,ಕೌಶಲ್ಯಗಳು,translated,
employer.applicant_detail.cover_note,COVER NOTE,ಕವರ್ ನೋಟ್,translated,
employer.applicant_detail.call_worker,📞 Call this worker,📞 ಈ ಕಾರ್ಮಿಕರಿಗೆ ಕರೆ ಮಾಡಿ,translated,
employer.applicant_detail.call_worker_a11y,Call this worker,ಈ ಕಾರ್ಮಿಕರಿಗೆ ಕರೆ ಮಾಡಿ,translated,
employer.applicant_detail.call_opening,Opening dialer…,ಡಯಲರ್ ತೆರೆಯುತ್ತಿದೆ…,translated,
employer.applicant_detail.call_fail_title,Couldn't call,ಕರೆ ಮಾಡಲಾಗಲಿಲ್ಲ,translated,
employer.applicant_detail.call_fail_no_phone,This worker hasn't added a phone number yet.,ಈ ಕಾರ್ಮಿಕರು ಇನ್ನೂ ಫೋನ್ ಸಂಖ್ಯೆಯನ್ನು ಸೇರಿಸಿಲ್ಲ.,translated,
employer.applicant_detail.call_dialer_fail_title,Couldn't open dialer,ಡಯಲರ್ ತೆರೆಯಲಾಗಲಿಲ್ಲ,translated,
employer.applicant_detail.call_dialer_fail_msg,Their number is {{phone}},ಅವರ ಸಂಖ್ಯೆ {{phone}},translated,
employer.applicant_detail.call_reveal_fail,Couldn't reveal contact.,ಸಂಪರ್ಕವನ್ನು ತೋರಿಸಲಾಗಲಿಲ್ಲ.,translated,
employer.applicant_detail.call_not_available,Not available,ಲಭ್ಯವಿಲ್ಲ,translated,
employer.applicant_detail.endorsements,ENDORSEMENTS,ಶಿಫಾರಸುಗಳು,translated,
employer.applicant_detail.endorsements_intro,You worked with this person — vouch for them on the trades they actually delivered. 3 employer endorsements = verified status.,ನೀವು ಈ ವ್ಯಕ್ತಿಯೊಂದಿಗೆ ಕೆಲಸ ಮಾಡಿದ್ದೀರಿ — ಅವರು ನಿಜವಾಗಿ ಮಾಡಿದ ಕೆಲಸಗಳಿಗೆ ಅವರನ್ನು ಶಿಫಾರಸು ಮಾಡಿ. 3 ಉದ್ಯೋಗದಾತ ಶಿಫಾರಸುಗಳು = ಪರಿಶೀಲಿತ ಸ್ಥಿತಿ.,translated,
employer.applicant_detail.endorsements_hint,Tap a trade to endorse the worker. You can endorse each trade once.,ಕಾರ್ಮಿಕರನ್ನು ಶಿಫಾರಸು ಮಾಡಲು ಒಂದು ಟ್ರೇಡ್ ಮೇಲೆ ಟ್ಯಾಪ್ ಮಾಡಿ. ಪ್ರತಿ ಟ್ರೇಡ್‌ಅನ್ನು ಒಮ್ಮೆ ಶಿಫಾರಸು ಮಾಡಬಹುದು.,translated,
employer.applicant_detail.endorse_fail_title,Couldn't endorse,ಶಿಫಾರಸು ಮಾಡಲಾಗಲಿಲ್ಲ,translated,
employer.applicant_detail.try_again,Try again.,ಮತ್ತೆ ಪ್ರಯತ್ನಿಸಿ.,translated,
employer.applicant_detail.course_badges,COURSE BADGES,ಕೋರ್ಸ್ ಬ್ಯಾಡ್ಜ್‌ಗಳು,translated,
employer.applicant_detail.work_photos,WORK PHOTOS,ಕೆಲಸದ ಫೋಟೋಗಳು,translated,
employer.applicant_detail.photo_verified,Verified,ಪರಿಶೀಲಿಸಲಾಗಿದೆ,translated,
employer.applicant_detail.verify_photo,✓ Verify this work,✓ ಈ ಕೆಲಸವನ್ನು ಪರಿಶೀಲಿಸಿ,translated,
employer.applicant_detail.verify_photo_a11y,Verify this work photo,ಈ ಕೆಲಸದ ಫೋಟೋವನ್ನು ಪರಿಶೀಲಿಸಿ,translated,
employer.applicant_detail.verify_fail_title,Couldn't verify,ಪರಿಶೀಲಿಸಲಾಗಲಿಲ್ಲ,translated,
employer.applicant_detail.work_history,WORK HISTORY,ಕೆಲಸದ ಇತಿಹಾಸ,translated,
employer.applicant_detail.current,CURRENT,ಪ್ರಸ್ತುತ,translated,
employer.applicant_detail.resume,RESUME,ರೆಸ್ಯೂಮ್,translated,
employer.applicant_detail.resume_fallback,Resume,ರೆಸ್ಯೂಮ್,translated,
employer.applicant_detail.resume_opening,Opening…,ತೆರೆಯುತ್ತಿದೆ…,translated,
employer.applicant_detail.resume_open,Open resume,ರೆಸ್ಯೂಮ್ ತೆರೆಯಿರಿ,translated,
employer.applicant_detail.resume_open_fail,Couldn't open resume,ರೆಸ್ಯೂಮ್ ತೆರೆಯಲಾಗಲಿಲ್ಲ,translated,
employer.applicant_detail.interview,INTERVIEW,ಸಂದರ್ಶನ,translated,
employer.applicant_detail.interview_mode_in_person,In-person,ಖುದ್ದಾಗಿ,translated,
employer.applicant_detail.interview_mode_video,Video,ವೀಡಿಯೋ,translated,
employer.applicant_detail.interview_mode_phone,Phone,ಫೋನ್,translated,
employer.applicant_detail.interview_mode_video_call,Video call,ವೀಡಿಯೋ ಕರೆ,translated,
employer.applicant_detail.interview_mode_phone_call,Phone call,ಫೋನ್ ಕರೆ,translated,
employer.applicant_detail.interview_reschedule,Reschedule,ಸಮಯ ಬದಲಾಯಿಸಿ,translated,
employer.applicant_detail.interview_cancel,Cancel,ರದ್ದುಗೊಳಿಸಿ,translated,
employer.applicant_detail.interview_cancelling,Cancelling…,ರದ್ದುಗೊಳಿಸುತ್ತಿದೆ…,translated,
employer.applicant_detail.interview_intro,"Set a time and the applicant gets a push, a chat note, and a card on their application.","ಒಂದು ಸಮಯವನ್ನು ಹೊಂದಿಸಿ — ಅರ್ಜಿದಾರರಿಗೆ ಒಂದು ಪುಶ್, ಒಂದು ಚಾಟ್ ನೋಟ್, ಮತ್ತು ಅವರ ಅರ್ಜಿಯ ಮೇಲೆ ಒಂದು ಕಾರ್ಡ್ ಸಿಗುತ್ತದೆ.",translated,
employer.applicant_detail.interview_schedule,Schedule interview,ಸಂದರ್ಶನ ನಿಗದಿಪಡಿಸಿ,translated,
employer.applicant_detail.interview_when,When,ಯಾವಾಗ,translated,
employer.applicant_detail.interview_when_placeholder,2026-05-12 15:00,2026-05-12 15:00,translated,
employer.applicant_detail.interview_how,How,ಹೇಗೆ,translated,
employer.applicant_detail.interview_location,Location,ಸ್ಥಳ,translated,
employer.applicant_detail.interview_location_placeholder,"Third Wave Coffee, Indiranagar 12th Main","ಥರ್ಡ್ ವೇವ್ ಕಾಫಿ, ಇಂದಿರಾನಗರ 12ನೇ ಮೇನ್",translated,
employer.applicant_detail.interview_link,Meeting link,ಸಭೆ ಲಿಂಕ್,translated,
employer.applicant_detail.interview_link_placeholder,https://meet.google.com/...,https://meet.google.com/...,translated,
employer.applicant_detail.interview_note,Note (optional),ಟಿಪ್ಪಣಿ (ಐಚ್ಛಿಕ),translated,
employer.applicant_detail.interview_note_placeholder,"Bring an ID, ask for Sneha at reception.","ಗುರುತಿನ ಚೀಟಿ ತನ್ನಿ, ಸ್ವಾಗತ ಕಕ್ಷೆಯಲ್ಲಿ ಸ್ನೇಹಾ ಅವರನ್ನು ಕೇಳಿ.",translated,
employer.applicant_detail.interview_err_format,Use a format like 2026-05-12 15:00.,2026-05-12 15:00 ರೀತಿಯ ಸ್ವರೂಪವನ್ನು ಬಳಸಿ.,translated,
employer.applicant_detail.interview_err_future,Pick a future date and time.,ಭವಿಷ್ಯದ ದಿನಾಂಕ ಮತ್ತು ಸಮಯವನ್ನು ಆಯ್ಕೆಮಾಡಿ.,translated,
employer.applicant_detail.interview_err_location,Add a location for in-person interviews.,ಖುದ್ದಾಗಿ ಸಂದರ್ಶನಕ್ಕೆ ಒಂದು ಸ್ಥಳವನ್ನು ಸೇರಿಸಿ.,translated,
employer.applicant_detail.interview_err_link,Add a meeting link for video interviews.,ವೀಡಿಯೋ ಸಂದರ್ಶನಕ್ಕೆ ಒಂದು ಸಭೆ ಲಿಂಕ್‌ಅನ್ನು ಸೇರಿಸಿ.,translated,
employer.applicant_detail.interview_scheduling,Scheduling…,ನಿಗದಿಪಡಿಸುತ್ತಿದೆ…,translated,
employer.applicant_detail.interview_schedule_short,Schedule,ನಿಗದಿಪಡಿಸಿ,translated,
employer.applicant_detail.cancel,Cancel,ರದ್ದುಗೊಳಿಸಿ,translated,
employer.applicant_detail.outcome_hired,You hired them.,ನೀವು ಇವರನ್ನು ನೇಮಿಸಿಕೊಂಡಿದ್ದೀರಿ.,translated,
employer.applicant_detail.outcome_rejected,You declined this applicant.,ನೀವು ಈ ಅರ್ಜಿದಾರರನ್ನು ತಿರಸ್ಕರಿಸಿದ್ದೀರಿ.,translated,
employer.applicant_detail.outcome_withdrawn,They withdrew their application.,ಅವರು ತಮ್ಮ ಅರ್ಜಿಯನ್ನು ಹಿಂಪಡೆದಿದ್ದಾರೆ.,translated,
employer.applicant_detail.hire,Hire,ನೇಮಿಸಿ,translated,
employer.applicant_detail.hiring,Hiring…,ನೇಮಿಸುತ್ತಿದೆ…,translated,
employer.applicant_detail.shortlist,Shortlist,ಶಾರ್ಟ್‌ಲಿಸ್ಟ್ ಮಾಡಿ,translated,
employer.applicant_detail.saving,Saving…,ಉಳಿಸುತ್ತಿದೆ…,translated,
employer.applicant_detail.decline,Decline,ತಿರಸ್ಕರಿಸಿ,translated,
employer.applicant_detail.tailored_resume,Tailored resume for this job,ಈ ಕೆಲಸಕ್ಕಾಗಿ ಸಿದ್ಧಪಡಿಸಿದ ರೆಸ್ಯೂಮ್,translated,
employer.applicant_detail.skill_proof,Skills & proof,ಕೌಶಲ್ಯ ಮತ್ತು ಪುರಾವೆ,translated,
employer.post_job.cancel,Cancel,ರದ್ದುಗೊಳಿಸಿ,translated,
employer.post_job.eyebrow,POST A JOB,ಕೆಲಸವನ್ನು ಪೋಸ್ಟ್ ಮಾಡಿ,translated,
employer.post_job.heading,Tell us what you need.,ನಿಮಗೆ ಏನು ಬೇಕು ಎಂದು ಹೇಳಿ.,translated,
employer.post_job.err_post_failed,Could not post the job,ಕೆಲಸವನ್ನು ಪೋಸ್ಟ್ ಮಾಡಲಾಗಲಿಲ್ಲ,translated,
employer.post_job.val_title,Add a title (at least 2 characters),ಒಂದು ಶೀರ್ಷಿಕೆಯನ್ನು ಸೇರಿಸಿ (ಕನಿಷ್ಠ 2 ಅಕ್ಷರಗಳು),translated,
employer.post_job.val_description,Add a description (at least 10 characters),ಒಂದು ವಿವರಣೆಯನ್ನು ಸೇರಿಸಿ (ಕನಿಷ್ಠ 10 ಅಕ್ಷರಗಳು),translated,
employer.post_job.val_amount,Enter the pay amount in rupees,ಸಂಬಳದ ಮೊತ್ತವನ್ನು ರೂಪಾಯಿಗಳಲ್ಲಿ ನಮೂದಿಸಿ,translated,
employer.post_job.val_city,Enter the city,ನಗರವನ್ನು ನಮೂದಿಸಿ,translated,
employer.post_job.field_title,Title,ಶೀರ್ಷಿಕೆ,translated,
employer.post_job.field_title_ph,"Delivery rider, salon assistant…","ಡೆಲಿವರಿ ರೈಡರ್, ಸಲೂನ್ ಸಹಾಯಕ…",translated,
employer.post_job.field_description,Description,ವಿವರಣೆ,translated,
employer.post_job.field_description_ph,What does the job involve? Any requirements?,ಕೆಲಸದಲ್ಲಿ ಏನು ಒಳಗೊಂಡಿದೆ? ಯಾವುದೇ ಅವಶ್ಯಕತೆಗಳು?,translated,
employer.post_job.section_type,TYPE,ಪ್ರಕಾರ,translated,
employer.post_job.section_pay,PAY,ಸಂಬಳ,translated,
employer.post_job.field_amount,Amount (₹),ಮೊತ್ತ (₹),translated,
employer.post_job.field_amount_ph,e.g. 600,ಉದಾ. 600,translated,
employer.post_job.section_location,LOCATION,ಸ್ಥಳ,translated,
employer.post_job.detect_detecting,Detecting…,ಪತ್ತೆ ಮಾಡುತ್ತಿದೆ…,translated,
employer.post_job.detect_redetect,Re-detect location,ಸ್ಥಳವನ್ನು ಮತ್ತೆ ಪತ್ತೆ ಮಾಡಿ,translated,
employer.post_job.detect_detect,Detect location,ಸ್ಥಳವನ್ನು ಪತ್ತೆ ಮಾಡಿ,translated,
employer.post_job.using_coords,"Using {{lat}}, {{lng}}","{{lat}}, {{lng}} ಬಳಸುತ್ತಿದೆ",translated,
employer.post_job.field_city,City,ನಗರ,translated,
employer.post_job.field_city_ph,Bengaluru,ಬೆಂಗಳೂರು,translated,
employer.post_job.field_area,Area / neighbourhood,ಪ್ರದೇಶ / ನೆರೆಹೊರೆ,translated,
employer.post_job.field_area_ph,Indiranagar,ಇಂದಿರಾನಗರ,translated,
employer.post_job.field_pincode,Pincode (optional),ಪಿನ್‌ಕೋಡ್ (ಐಚ್ಛಿಕ),translated,
employer.post_job.field_pincode_ph,560038,560038,translated,
employer.post_job.section_skills,SKILLS NEEDED,ಅಗತ್ಯವಿರುವ ಕೌಶಲ್ಯಗಳು,translated,
employer.post_job.field_headcount,How many people?,,MISSING — needs translation,
employer.post_job.field_headcount_hint,Post once to hire several — the pipeline tracks how many you've hired.,,MISSING — needs translation,
employer.post_job.section_checklist,PRE-SHIFT CHECKLIST,,MISSING — needs translation,
employer.post_job.checklist_hint,"Things the worker confirms before the shift — bring tools, wear uniform, know the address.",,MISSING — needs translation,
employer.post_job.field_checklist_item,Add a checklist item,,MISSING — needs translation,
employer.post_job.field_checklist_ph,e.g. Bring your own tools,,MISSING — needs translation,
employer.post_job.section_recurring,REPEATS WEEKLY?,,MISSING — needs translation,
employer.post_job.recurring_off,One-time,,MISSING — needs translation,
employer.post_job.recurring_on,Repeats weekly,,MISSING — needs translation,
employer.post_job.recurring_hint,Pick the weekdays this shift runs — it'll show on your weekly roster.,,MISSING — needs translation,
employer.post_job.section_project,MULTI-DAY PROJECT?,,MISSING — needs translation,
employer.post_job.project_off,Single shift,,MISSING — needs translation,
employer.post_job.project_on,Multi-day project,,MISSING — needs translation,
employer.post_job.project_hint,"Hire for a date range — workers commit to the whole project, and you track day-by-day progress.",,MISSING — needs translation,
employer.post_job.field_project_start,Start date,,MISSING — needs translation,
employer.post_job.field_project_end,End date,,MISSING — needs translation,
employer.post_job.section_crew_first,OFFER TO MY CREW FIRST,,MISSING — needs translation,
employer.post_job.crew_first_hint,Give your saved crew a head-start before the job goes public.,,MISSING — needs translation,
employer.post_job.crew_first_off,Public now,,MISSING — needs translation,
employer.post_job.crew_first_2h,Crew first · 2h,,MISSING — needs translation,
employer.post_job.crew_first_6h,Crew first · 6h,,MISSING — needs translation,
employer.post_job.crew_first_24h,Crew first · 24h,,MISSING — needs translation,
employer.post_job.section_skill_check,SELF-QUALIFYING CHECK,,MISSING — needs translation,
employer.post_job.skill_check_hint,Attach a short quiz applicants can take to qualify — you'll see who passed.,,MISSING — needs translation,
employer.post_job.skill_check_none,No check,,MISSING — needs translation,
employer.post_job.field_skill,Add skill,ಕೌಶಲ್ಯವನ್ನು ಸೇರಿಸಿ,translated,
employer.post_job.field_skill_ph,"driving, customer service","ಚಾಲನೆ, ಗ್ರಾಹಕ ಸೇವೆ",translated,
employer.post_job.section_work_mode,WORK MODE,ಕೆಲಸದ ವಿಧಾನ,translated,
employer.post_job.mode_onsite,Onsite,ಕೆಲಸದ ಸ್ಥಳದಲ್ಲಿ,translated,
employer.post_job.mode_hybrid,Hybrid,ಹೈಬ್ರಿಡ್,translated,
employer.post_job.mode_remote,Remote,ದೂರದಿಂದ,translated,
employer.post_job.urgent_title,Mark as urgent,ತುರ್ತು ಎಂದು ಗುರುತಿಸಿ,translated,
employer.post_job.urgent_hint,Urgent jobs sort ahead of others and notify nearby seekers. Use sparingly so it stays meaningful.,ತುರ್ತು ಕೆಲಸಗಳು ಇತರವುಗಳಿಗಿಂತ ಮೊದಲು ಕಾಣಿಸುತ್ತವೆ ಮತ್ತು ಹತ್ತಿರದ ಕಾರ್ಮಿಕರಿಗೆ ತಿಳಿಸುತ್ತವೆ. ಇದು ಅರ್ಥಪೂರ್ಣವಾಗಿ ಉಳಿಯಲು ಮಿತವಾಗಿ ಬಳಸಿ.,translated,
employer.post_job.posting,Posting…,ಪೋಸ್ಟ್ ಮಾಡುತ್ತಿದೆ…,translated,
employer.post_job.post_job,Post job,ಕೆಲಸವನ್ನು ಪೋಸ್ಟ್ ಮಾಡಿ,translated,
employer.post_job.type_full_time,Full-time,ಪೂರ್ಣಾವಧಿ,translated,
employer.post_job.type_part_time,Part-time,ಅರೆಕಾಲಿಕ,translated,
employer.post_job.type_gig,Gig,ಗಿಗ್,translated,
employer.post_job.type_shift,Shift,ಶಿಫ್ಟ್,translated,
employer.post_job.type_contract,Contract,ಗುತ್ತಿಗೆ,translated,
employer.post_job.pay_hour,per hour,ಗಂಟೆಗೆ,translated,
employer.post_job.pay_day,per day,ದಿನಕ್ಕೆ,translated,
employer.post_job.pay_week,per week,ವಾರಕ್ಕೆ,translated,
employer.post_job.pay_month,per month,ತಿಂಗಳಿಗೆ,translated,
employer.post_job.pay_fixed,fixed,ನಿಗದಿತ,translated,
employer.post_job.voice_recorded,Voice description recorded,ಧ್ವನಿ ವಿವರಣೆ ರೆಕಾರ್ಡ್ ಆಗಿದೆ,translated,
employer.post_job.voice_recorded_meta,{{n}}s · sent with the job posting,{{n}} ಸೆಕೆಂಡುಗಳು · ಕೆಲಸದ ಪೋಸ್ಟಿಂಗ್‌ನೊಂದಿಗೆ ಕಳುಹಿಸಲಾಗಿದೆ,translated,
employer.post_job.voice_remove,Remove,ತೆಗೆದುಹಾಕಿ,translated,
employer.post_job.voice_a11y_stop,Release to stop recording,ರೆಕಾರ್ಡಿಂಗ್ ನಿಲ್ಲಿಸಲು ಬಿಡಿ,translated,
employer.post_job.voice_a11y_start,Hold to record a voice description,ಧ್ವನಿ ವಿವರಣೆಯನ್ನು ರೆಕಾರ್ಡ್ ಮಾಡಲು ಒತ್ತಿ ಹಿಡಿಯಿರಿ,translated,
employer.post_job.voice_recording,Recording… release to stop,ರೆಕಾರ್ಡ್ ಆಗುತ್ತಿದೆ… ನಿಲ್ಲಿಸಲು ಬಿಡಿ,translated,
employer.post_job.voice_hold,Hold to record voice description,ಧ್ವನಿ ವಿವರಣೆಯನ್ನು ರೆಕಾರ್ಡ್ ಮಾಡಲು ಒತ್ತಿ ಹಿಡಿಯಿರಿ,translated,
employer.post_job.voice_hint,Optional · up to 60 seconds,ಐಚ್ಛಿಕ · 60 ಸೆಕೆಂಡುಗಳವರೆಗೆ,translated,
employer.post_job.voice_err_start,Couldn't start recording,ರೆಕಾರ್ಡಿಂಗ್ ಪ್ರಾರಂಭಿಸಲಾಗಲಿಲ್ಲ,translated,
employer.post_job.voice_err_save,Couldn't save recording,ರೆಕಾರ್ಡಿಂಗ್ ಉಳಿಸಲಾಗಲಿಲ್ಲ,translated,
first_match.skip,Skip for now,ಸದ್ಯಕ್ಕೆ ಬಿಟ್ಟುಬಿಡಿ,translated,
first_match.a11y_back,Back,ಹಿಂದೆ,translated,
first_match.a11y_skip,Skip preview and continue to sign up,ಮುನ್ನೋಟ ಬಿಟ್ಟು ಸೈನ್ ಅಪ್ ಮಾಡಿ,translated,
first_match.eyebrow,FIRST LOOK,ಮೊದಲ ನೋಟ,translated,
first_match.title,Jobs hiring near you right now.,ನಿಮ್ಮ ಹತ್ತಿರ ಈಗ ನೇಮಕ ನಡೆಯುತ್ತಿರುವ ಕೆಲಸಗಳು.,translated,
first_match.subtitle,A quick preview before you sign up. Tap any card to see details.,ಸೈನ್ ಅಪ್ ಮಾಡುವ ಮೊದಲು ಒಂದು ತ್ವರಿತ ನೋಟ. ವಿವರಗಳಿಗೆ ಯಾವುದೇ ಕಾರ್ಡ್ ಒತ್ತಿ.,translated,
first_match.error_load,We couldn't load matches. Try again in a moment.,ಹೊಂದಾಣಿಕೆಗಳನ್ನು ಲೋಡ್ ಮಾಡಲಾಗಲಿಲ್ಲ. ಸ್ವಲ್ಪ ಸಮಯದಲ್ಲಿ ಮತ್ತೆ ಪ್ರಯತ್ನಿಸಿ.,translated,
first_match.empty_title,No matches near you in this radius.,ಈ ದೂರದಲ್ಲಿ ನಿಮ್ಮ ಹತ್ತಿರ ಹೊಂದಾಣಿಕೆಗಳಿಲ್ಲ.,translated,
first_match.empty_body,Sign up to set your area and we'll find work the moment it shows up.,ಸೈನ್ ಅಪ್ ಮಾಡಿ ನಿಮ್ಮ ಪ್ರದೇಶವನ್ನು ಹೊಂದಿಸಿ — ಕೆಲಸ ಬಂದ ಕೂಡಲೇ ತಿಳಿಸುತ್ತೇವೆ.,translated,
first_match.cta,Sign up to apply,ಅರ್ಜಿ ಸಲ್ಲಿಸಲು ಸೈನ್ ಅಪ್ ಮಾಡಿ,translated,
first_match.cta_caption,Takes 30 seconds. Phone OTP only.,30 ಸೆಕೆಂಡ್ ತೆಗೆದುಕೊಳ್ಳುತ್ತದೆ. ಫೋನ್ OTP ಮಾತ್ರ.,translated,
first_match.pill_urgent,Urgent,ತುರ್ತು,translated,
first_match.pill_verified,Verified,ಪರಿಶೀಲಿಸಲಾಗಿದೆ,translated,
first_match.pill_safe_women,Safe for women,ಮಹಿಳೆಯರಿಗೆ ಸುರಕ್ಷಿತ,translated,
first_match.distance_m,{{n}} m away,{{n}} ಮೀ ದೂರ,translated,
first_match.distance_km,{{n}} km away,{{n}} ಕಿಮೀ ದೂರ,translated,
first_match.pay_hour,/hr,/ಗಂಟೆ,translated,
first_match.pay_day,/day,/ದಿನ,translated,
first_match.pay_week,/wk,/ವಾರ,translated,
first_match.pay_month,/mo,/ತಿಂಗಳು,translated,
profile_from_photo.header,Photo to profile,ಫೋಟೋದಿಂದ ಪ್ರೊಫೈಲ್,translated,
profile_from_photo.a11y_back,Back,ಹಿಂದೆ,translated,
profile_from_photo.eyebrow,FAST PROFILE,ವೇಗದ ಪ್ರೊಫೈಲ್,translated,
profile_from_photo.title,Snap a photo. We'll fill your profile.,ಒಂದು ಫೋಟೋ ತೆಗೆಯಿರಿ. ನಿಮ್ಮ ಪ್ರೊಫೈಲ್ ಅನ್ನು ನಾವು ತುಂಬುತ್ತೇವೆ.,translated,
profile_from_photo.subtitle,"Take a photo of an old resume, an ID card, or even a handwritten sheet. We'll read your name, skills, experience, and where you live — then you confirm.","ಹಳೆಯ ರೆಸ್ಯೂಮ್, ಐಡಿ ಕಾರ್ಡ್, ಅಥವಾ ಕೈಯಿಂದ ಬರೆದ ಹಾಳೆ — ಯಾವುದರ ಫೋಟೋವನ್ನಾದರೂ ತೆಗೆಯಿರಿ. ನಿಮ್ಮ ಹೆಸರು, ಕೌಶಲ್ಯ, ಅನುಭವ, ಪ್ರದೇಶವನ್ನು ಓದುತ್ತೇವೆ — ನಂತರ ನೀವು ಖಚಿತಪಡಿಸಿ.",translated,
profile_from_photo.pick_camera_title,Take a photo,ಫೋಟೋ ತೆಗೆಯಿರಿ,translated,
profile_from_photo.pick_camera_sub,Best for handwritten sheets and ID cards,"ಕೈಬರಹದ ಹಾಳೆ, ಐಡಿ ಕಾರ್ಡ್‌ಗಳಿಗೆ ಉತ್ತಮ",translated,
profile_from_photo.pick_library_title,Pick from gallery,ಗ್ಯಾಲರಿಯಿಂದ ಆಯ್ಕೆಮಾಡಿ,translated,
profile_from_photo.pick_library_sub,Use a resume you've already saved,ಈಗಾಗಲೇ ಉಳಿಸಿದ ರೆಸ್ಯೂಮ್ ಬಳಸಿ,translated,
profile_from_photo.tips_label,TIPS,ಸಲಹೆಗಳು,translated,
profile_from_photo.tips_body,"• Hold the page flat in good light.
• Get all four corners in the frame.
• Wait a second so the camera focuses.
• English, Hindi, Tamil, Telugu, Kannada all work.","• ಒಳ್ಳೆಯ ಬೆಳಕಿನಲ್ಲಿ ಹಾಳೆಯನ್ನು ನೇರವಾಗಿ ಹಿಡಿಯಿರಿ.
• ನಾಲ್ಕು ಮೂಲೆಗಳೂ ಫ್ರೇಮ್‌ನಲ್ಲಿ ಬರಲಿ.
• ಕ್ಯಾಮೆರಾ ಫೋಕಸ್ ಆಗಲು ಒಂದು ಕ್ಷಣ ಕಾಯಿರಿ.
• ಇಂಗ್ಲಿಷ್, ಹಿಂದಿ, ತಮಿಳು, ತೆಲುಗು, ಕನ್ನಡ — ಎಲ್ಲವೂ ಕೆಲಸ ಮಾಡುತ್ತವೆ.",translated,
profile_from_photo.extracting_title,Reading your photo…,ನಿಮ್ಮ ಫೋಟೋ ಓದಲಾಗುತ್ತಿದೆ…,translated,
profile_from_photo.extracting_sub,This usually takes 5–15 seconds.,ಇದಕ್ಕೆ ಸಾಮಾನ್ಯವಾಗಿ 5–15 ಸೆಕೆಂಡ್ ಬೇಕು.,translated,
profile_from_photo.confirm_title,Looks right?,ಸರಿಯಾಗಿದೆಯೇ?,translated,
profile_from_photo.confirm_sub,Tap any field to edit. Tap Save when it's right.,ಬದಲಾಯಿಸಲು ಯಾವುದೇ ಕ್ಷೇತ್ರವನ್ನು ಒತ್ತಿ. ಸರಿಯಾಗಿದ್ದರೆ Save ಒತ್ತಿ.,translated,
profile_from_photo.confidence_high,Looks clear,ಸ್ಪಷ್ಟವಾಗಿ ಕಾಣಿಸುತ್ತಿದೆ,translated,
profile_from_photo.confidence_medium,Mostly clear,ಬಹುತೇಕ ಸ್ಪಷ್ಟ,translated,
profile_from_photo.confidence_low,Please review,ದಯವಿಟ್ಟು ಪರಿಶೀಲಿಸಿ,translated,
profile_from_photo.field_name,NAME,ಹೆಸರು,translated,
profile_from_photo.field_name_ph,Your name,ನಿಮ್ಮ ಹೆಸರು,translated,
profile_from_photo.field_bio,ABOUT YOU,ನಿಮ್ಮ ಬಗ್ಗೆ,translated,
profile_from_photo.field_bio_ph,One line about your work and what you're looking for,"ನಿಮ್ಮ ಕೆಲಸ, ನೀವು ಏನು ಹುಡುಕುತ್ತಿದ್ದೀರಿ — ಒಂದು ಸಾಲಿನಲ್ಲಿ",translated,
profile_from_photo.field_skills,SKILLS,ಕೌಶಲ್ಯಗಳು,translated,
profile_from_photo.field_skills_hint,{{count}}/20 · comma-separated,{{count}}/20 · ಅಲ್ಪವಿರಾಮದಿಂದ ಬೇರ್ಪಡಿಸಿ,translated,
profile_from_photo.field_experience,YEARS OF EXPERIENCE,ಅನುಭವದ ವರ್ಷಗಳು,translated,
profile_from_photo.field_city,CITY,ನಗರ,translated,
profile_from_photo.field_area,AREA,ಪ್ರದೇಶ,translated,
profile_from_photo.work_history_label,WORK HISTORY ({{count}}),ಕೆಲಸದ ಇತಿಹಾಸ ({{count}}),translated,
profile_from_photo.present,Present,ಇದುವರೆಗೆ,translated,
profile_from_photo.work_history_note,You can edit these later in your resume.,ಇವುಗಳನ್ನು ನಂತರ ನಿಮ್ಮ ರೆಸ್ಯೂಮ್‌ನಲ್ಲಿ ಬದಲಾಯಿಸಬಹುದು.,translated,
profile_from_photo.education_label,EDUCATION ({{count}}),ಶಿಕ್ಷಣ ({{count}}),translated,
profile_from_photo.retake,Retake,ಮತ್ತೆ ತೆಗೆಯಿರಿ,translated,
profile_from_photo.saving,Saving…,ಉಳಿಸಲಾಗುತ್ತಿದೆ…,translated,
profile_from_photo.save,Save to my profile,ನನ್ನ ಪ್ರೊಫೈಲ್‌ನಲ್ಲಿ ಉಳಿಸಿ,translated,
profile_from_photo.saved_title,Profile filled,ಪ್ರೊಫೈಲ್ ತುಂಬಿದೆ,translated,
profile_from_photo.saved_body,Your profile is ready. Employers can now find you.,ನಿಮ್ಮ ಪ್ರೊಫೈಲ್ ಸಿದ್ಧವಾಗಿದೆ. ಈಗ ಉದ್ಯೋಗದಾತರು ನಿಮ್ಮನ್ನು ಹುಡುಕಬಹುದು.,translated,
profile_from_photo.saved_cta,Done,ಆಯಿತು,translated,
profile_from_photo.error_read,We couldn't read the photo. Try a clearer image in good light.,ಫೋಟೋವನ್ನು ಓದಲಾಗಲಿಲ್ಲ. ಒಳ್ಳೆಯ ಬೆಳಕಿನಲ್ಲಿ ಸ್ಪಷ್ಟ ಫೋಟೋ ತೆಗೆಯಿರಿ.,translated,
profile_from_photo.error_save,We couldn't save your profile. Please try again.,ನಿಮ್ಮ ಪ್ರೊಫೈಲ್ ಉಳಿಸಲಾಗಲಿಲ್ಲ. ದಯವಿಟ್ಟು ಮತ್ತೆ ಪ್ರಯತ್ನಿಸಿ.,translated,
profile_from_photo.field_skills_ph,"cook, kitchen_helper, customer_service","cook, kitchen_helper, customer_service",translated,
hired_nearby.header,HIRED NEAR YOU TODAY,ಇಂದು ನಿಮ್ಮ ಹತ್ತಿರ ಕೆಲಸ ಸಿಕ್ಕಿತು,translated,
hired_nearby.hired_as,Hired as {{title}},{{title}} ಆಗಿ ಕೆಲಸ ಸಿಕ್ಕಿತು,translated,
hired_nearby.hired_as_in,Hired as {{title}} in {{area}},{{area}}ನಲ್ಲಿ {{title}} ಆಗಿ ಕೆಲಸ ಸಿಕ್ಕಿತು,translated,
hired_nearby.min_ago,{{n}} min ago,{{n}} ನಿಮಿಷ ಹಿಂದೆ,translated,
hired_nearby.hr_ago,{{n}} hr ago,{{n}} ಗಂಟೆ ಹಿಂದೆ,translated,
hired_nearby.yesterday,yesterday,ನಿನ್ನೆ,translated,
streak_strip.apply,Apply,ಅರ್ಜಿ,translated,
streak_strip.learn,Learn,ಕಲಿಯಿರಿ,translated,
streak_strip.show_up,Show up,ಹಾಜರಿ,translated,
streak_strip.unit_day,day,ದಿನ,translated,
streak_strip.unit_days,days,ದಿನ,translated,
streak_strip.best,best {{n}},ಗರಿಷ್ಠ {{n}},translated,
streak_strip.start_today,start today,ಇಂದು ಆರಂಭಿಸಿ,translated,
streak_strip.a11y_active,{{label}} streak: {{n}} {{unit}} in a row. Tap to continue.,{{label}} ಸ್ಟ್ರೀಕ್: ಸತತವಾಗಿ {{n}} {{unit}}. ಮುಂದುವರಿಸಲು ಒತ್ತಿ.,translated,
streak_strip.a11y_best,{{label}} streak. Personal best {{n}} {{unit}}. Tap to start again.,{{label}} ಸ್ಟ್ರೀಕ್. ನಿಮ್ಮ ಅತ್ಯುತ್ತಮ {{n}} {{unit}}. ಮತ್ತೆ ಆರಂಭಿಸಲು ಒತ್ತಿ.,translated,
streak_strip.a11y_start,{{label}} streak. Tap to start today.,{{label}} ಸ್ಟ್ರೀಕ್. ಇಂದು ಆರಂಭಿಸಲು ಒತ್ತಿ.,translated,
streak_strip.banner_title,Snap a photo to fill your profile,ಫೋಟೋ ತೆಗೆದು ನಿಮ್ಮ ಪ್ರೊಫೈಲ್ ತುಂಬಿಸಿ,translated,
streak_strip.banner_body,"30 seconds. Resume, ID, or a handwritten sheet — all work.","30 ಸೆಕೆಂಡ್. ರೆಸ್ಯೂಮ್, ಐಡಿ, ಅಥವಾ ಕೈಬರಹದ ಹಾಳೆ — ಎಲ್ಲವೂ ಕೆಲಸ ಮಾಡುತ್ತವೆ.",translated,
streak_strip.banner_cta,Start ›,ಆರಂಭಿಸಿ ›,translated,
employer_signals.slow_title,Slow to respond,ಉತ್ತರಿಸಲು ನಿಧಾನ,translated,
employer_signals.slow_body,Left {{pct}}% of applicants without a reply. You may wait a while.,{{pct}}% ಅರ್ಜಿದಾರರಿಗೆ ಉತ್ತರ ನೀಡಿಲ್ಲ. ನೀವು ಸ್ವಲ್ಪ ಕಾಯಬೇಕಾಗಬಹುದು.,translated,
employer_signals.responsive_title,Responsive employer,ಬೇಗ ಉತ್ತರಿಸುವ ಉದ್ಯೋಗದಾತ,translated,
employer_signals.responsive_body,Replies to almost every applicant. Worth applying.,ಬಹುತೇಕ ಎಲ್ಲ ಅರ್ಜಿದಾರರಿಗೂ ಉತ್ತರಿಸುತ್ತಾರೆ. ಅರ್ಜಿ ಸಲ್ಲಿಸುವುದು ಒಳ್ಳೆಯದು.,translated,
employer_signals.workers_say,WORKERS SAY,ಕಾರ್ಮಿಕರು ಹೇಳುತ್ತಾರೆ,translated,
employer_signals.reviews_one,{{count}} review,{{count}} ವಿಮರ್ಶೆ,translated,
employer_signals.reviews_other,{{count}} reviews,{{count}} ವಿಮರ್ಶೆಗಳು,translated,
employer_signals.heads_up,HEADS UP,ಎಚ್ಚರಿಕೆ,translated,
employer_signals.wage_flag_title,{{n}} workers have reported wage issues here,,MISSING — needs translation,
employer_signals.wage_flag_reason_below_promised_wage,{{pct}}% report being paid less than promised,,MISSING — needs translation,
employer_signals.wage_flag_reason_late_payment,{{pct}}% report late payment,,MISSING — needs translation,
employer_signals.wage_flag_reason_unpaid_overtime,{{pct}}% report unpaid overtime,,MISSING — needs translation,
employer_signals.wage_flag_reason_wage_theft,{{pct}}% report not being paid at all,,MISSING — needs translation,
employer_signals.wage_flag_reason_other,{{pct}}% report another wage issue,,MISSING — needs translation,
work_proof.title,Proof of work,,MISSING — needs translation,
work_proof.prompt,Snap a photo of the finished job for your employer to approve.,,MISSING — needs translation,
work_proof.submitted,Photo sent — waiting for approval,,MISSING — needs translation,
work_proof.approved,Approved by employer ✓,,MISSING — needs translation,
work_proof.rejected,Not approved — please submit a new photo,,MISSING — needs translation,
work_proof.cta,Take work photo,,MISSING — needs translation,
work_proof.sending,Sending…,,MISSING — needs translation,
offer_response.title,You've got an offer!,,MISSING — needs translation,
offer_response.title_wage,Offer: ₹{{wage}},,MISSING — needs translation,
offer_response.expires_h,Expires in {{h}}h — respond now,,MISSING — needs translation,
offer_response.expires_m,Expires in {{m}} min — respond now,,MISSING — needs translation,
offer_response.expiring,Expiring now,,MISSING — needs translation,
offer_response.accept,Accept,,MISSING — needs translation,
offer_response.decline,Decline,,MISSING — needs translation,
offer_response.counter,Counter,,MISSING — needs translation,
offer_response.counter_placeholder,Your wage (₹),,MISSING — needs translation,
offer_response.counter_send,Send counter,,MISSING — needs translation,
offer_response.counter_cancel,Cancel,,MISSING — needs translation,
site_briefing.title,Before you arrive,,MISSING — needs translation,
prep_checklist.title,Before your shift,,MISSING — needs translation,
prep_checklist.ready,You're ready — checklist done ✓,,MISSING — needs translation,
prep_checklist.ready_cta,I'm ready,,MISSING — needs translation,
shift_confirm.title,Your shift · {{when}},,MISSING — needs translation,
shift_confirm.confirmed,Confirmed — see you there ✓,,MISSING — needs translation,
shift_confirm.declined,You told them you can't make it,,MISSING — needs translation,
shift_confirm.coming,I'll be there,,MISSING — needs translation,
shift_confirm.cant,Can't make it,,MISSING — needs translation,
shift_confirm.im_on_my_way,I'm on my way,,MISSING — needs translation,
shift_confirm.on_the_way,You're marked on the way,,MISSING — needs translation,
shift_confirm.on_the_way_eta,On the way · ~{{eta}} min,,MISSING — needs translation,
shift_card.on_shift_at,On shift · checked in at {{time}},ಶಿಫ್ಟ್‌ನಲ್ಲಿ · {{time}}ಕ್ಕೆ ಚೆಕ್-ಇನ್ ಮಾಡಿದ್ದೀರಿ,translated,
shift_card.on_shift,On shift,ಶಿಫ್ಟ್‌ನಲ್ಲಿ,translated,
shift_card.off_shift_at,Off shift · last out at {{time}},ಶಿಫ್ಟ್ ಮುಗಿದಿದೆ · ಕೊನೆಯ ಚೆಕ್-ಔಟ್ {{time}},translated,
shift_card.off_shift,Off shift,ಶಿಫ್ಟ್ ಮುಗಿದಿದೆ,translated,
shift_card.ready,Ready to check in,ಚೆಕ್-ಇನ್‌ಗೆ ಸಿದ್ಧ,translated,
shift_card.check_in,Check in with selfie,ಸೆಲ್ಫಿಯೊಂದಿಗೆ ಚೆಕ್-ಇನ್ ಮಾಡಿ,translated,
shift_card.check_out,Check out,ಚೆಕ್-ಔಟ್ ಮಾಡಿ,translated,
shift_card.working,Working…,ನಡೆಯುತ್ತಿದೆ…,translated,
shift_card.error_save,We couldn't save your check-in. Try again.,ನಿಮ್ಮ ಚೆಕ್-ಇನ್ ಉಳಿಸಲಾಗಲಿಲ್ಲ. ಮತ್ತೆ ಪ್ರಯತ್ನಿಸಿ.,translated,
shift_card.error_location,We need your location to check in. Allow location access in Settings.,ಚೆಕ್-ಇನ್ ಮಾಡಲು ನಿಮ್ಮ ಸ್ಥಳ ಬೇಕು. Settings‌ನಲ್ಲಿ ಸ್ಥಳದ ಅನುಮತಿ ನೀಡಿ.,translated,
interview_card.starting_now,Starting now,ಈಗ ಆರಂಭವಾಗುತ್ತಿದೆ,translated,
interview_card.starting_in,Starting in {{n}} min,{{n}} ನಿಮಿಷದಲ್ಲಿ ಆರಂಭ,translated,
interview_card.mode_in_person,In-person,ಮುಖಾಮುಖಿ,translated,
interview_card.mode_video,Video,ವೀಡಿಯೊ,translated,
interview_card.mode_phone,Phone,ಫೋನ್,translated,
interview_card.add_to_calendar,Add to calendar,ಕ್ಯಾಲೆಂಡರ್‌ಗೆ ಸೇರಿಸಿ,translated,
interview_card.adding,Adding…,ಸೇರಿಸಲಾಗುತ್ತಿದೆ…,translated,
interview_card.added,Added to calendar,ಕ್ಯಾಲೆಂಡರ್‌ಗೆ ಸೇರಿಸಲಾಗಿದೆ,translated,
interview_card.a11y_added,Interview added to your calendar,ಸಂದರ್ಶನ ನಿಮ್ಮ ಕ್ಯಾಲೆಂಡರ್‌ಗೆ ಸೇರಿಸಲಾಗಿದೆ,translated,
interview_card.a11y_add,Add interview to calendar,ಸಂದರ್ಶನವನ್ನು ಕ್ಯಾಲೆಂಡರ್‌ಗೆ ಸೇರಿಸಿ,translated,
interview_card.cal_fail_title,Couldn't add to calendar,ಕ್ಯಾಲೆಂಡರ್‌ಗೆ ಸೇರಿಸಲಾಗಲಿಲ್ಲ,translated,
interview_card.cal_fail_permission,Allow calendar access in Settings to save the interview.,ಸಂದರ್ಶನ ಉಳಿಸಲು Settings‌ನಲ್ಲಿ ಕ್ಯಾಲೆಂಡರ್ ಅನುಮತಿ ನೀಡಿ.,translated,
interview_card.cal_fail_no_calendar,We couldn't find a calendar on this device to write to.,ಈ ಸಾಧನದಲ್ಲಿ ಬರೆಯಲು ಕ್ಯಾಲೆಂಡರ್ ಸಿಗಲಿಲ್ಲ.,translated,
interview_card.cal_fail_generic,Something went wrong. Try again.,ಏನೋ ತಪ್ಪಾಗಿದೆ. ಮತ್ತೆ ಪ್ರಯತ್ನಿಸಿ.,translated,
skill_gap_card.missing,Missing: {{skill}}. Find a short course to close the gap.,ಕೊರತೆ: {{skill}}. ಈ ಕೊರತೆಯನ್ನು ತುಂಬುವ ಒಂದು ಚಿಕ್ಕ ಕೋರ್ಸ್ ಹುಡುಕಿ.,translated,
skill_gap_card.open,Open,ತೆರೆಯಿರಿ,translated,
skill_gap_card.error,We couldn't open the course. Try again.,ಕೋರ್ಸ್ ತೆರೆಯಲಾಗಲಿಲ್ಲ. ಮತ್ತೆ ಪ್ರಯತ್ನಿಸಿ.,translated,
skill_gap_card.ghosted,No reply yet — the employer hasn't responded.,ಇನ್ನೂ ಉತ್ತರವಿಲ್ಲ — ಉದ್ಯೋಗದಾತ ಉತ್ತರಿಸಿಲ್ಲ.,translated,
why_rejected.back,Back,,MISSING — needs translation,
why_rejected.title,Why was I rejected?,,MISSING — needs translation,
why_rejected.error,We couldn't load this. Try again.,,MISSING — needs translation,
why_rejected.retry,Retry,,MISSING — needs translation,
why_rejected.explanation_label,What happened,,MISSING — needs translation,
why_rejected.missing_label,Skills this job asked for,,MISSING — needs translation,
why_rejected.course_label,Recommended course,,MISSING — needs translation,
why_rejected.course_cta,Start this course,,MISSING — needs translation,
why_rejected.similar_label,Similar jobs hiring now,,MISSING — needs translation,
why_rejected.done,Done,,MISSING — needs translation,
trust_circle.a11y_back,Back,ಹಿಂದೆ,translated,
trust_circle.header,Trust Circle,ಟ್ರಸ್ಟ್ ಸರ್ಕಲ್,translated,
trust_circle.explainer_title,Up to 3 people who get an alert when you SOS.,ನೀವು SOS ಒತ್ತಿದಾಗ 3 ಜನರಿಗೆ ಎಚ್ಚರಿಕೆ ಹೋಗುತ್ತದೆ.,translated,
trust_circle.explainer_body,"If a contact is already on Doondo, they get an instant push. If not, your phone opens an SMS draft for them when you trigger SOS — so they're notified either way.","ಒಂದು ಸಂಪರ್ಕ ಈಗಾಗಲೇ Doondo‌ನಲ್ಲಿ ಇದ್ದರೆ, ಅವರಿಗೆ ತಕ್ಷಣ ಪುಶ್ ಹೋಗುತ್ತದೆ. ಇಲ್ಲದಿದ್ದರೆ, ನೀವು SOS ಒತ್ತಿದಾಗ ನಿಮ್ಮ ಫೋನ್ ಅವರಿಗೆ SMS ಡ್ರಾಫ್ಟ್ ತೆರೆಯುತ್ತದೆ — ಎರಡೂ ರೀತಿಯಲ್ಲಿ ಅವರಿಗೆ ತಿಳಿಸಲಾಗುತ್ತದೆ.",translated,
trust_circle.add_contact,Add contact,ಸಂಪರ್ಕ ಸೇರಿಸಿ,translated,
trust_circle.a11y_slot_filled,"{{name}}, {{relationship}}. Tap to edit.","{{name}}, {{relationship}}. ಬದಲಾಯಿಸಲು ಒತ್ತಿ.",translated,
trust_circle.a11y_slot_empty,Add contact in slot {{n}},ಸ್ಲಾಟ್ {{n}}ನಲ್ಲಿ ಸಂಪರ್ಕ ಸೇರಿಸಿ,translated,
trust_circle.rel_family,Family,ಕುಟುಂಬ,translated,
trust_circle.rel_friend,Friend,ಸ್ನೇಹಿತ,translated,
trust_circle.rel_employer,Employer,ಉದ್ಯೋಗದಾತ,translated,
trust_circle.rel_other,Other,ಇತರೆ,translated,
trust_circle.field_name,NAME,ಹೆಸರು,translated,
trust_circle.field_name_ph,e.g. Priya (sister),ಉದಾ. ಪ್ರಿಯಾ (ಸಹೋದರಿ),translated,
trust_circle.field_phone,PHONE,ಫೋನ್,translated,
trust_circle.field_phone_ph,+91 …,+91 …,translated,
trust_circle.field_relationship,RELATIONSHIP,ಸಂಬಂಧ,translated,
trust_circle.field_relationship_other_ph,"e.g. neighbour, colleague","ಉದಾ. ನೆರೆಯವರು, ಸಹೋದ್ಯೋಗಿ",translated,
trust_circle.remove,Remove,ತೆಗೆದುಹಾಕಿ,translated,
trust_circle.save_changes,Save changes,ಬದಲಾವಣೆಗಳನ್ನು ಉಳಿಸಿ,translated,
trust_circle.save_contact,Save contact,ಸಂಪರ್ಕವನ್ನು ಉಳಿಸಿ,translated,
trust_circle.saving,Saving…,ಉಳಿಸಲಾಗುತ್ತಿದೆ…,translated,
trust_circle.peer_label,BE A PEER RESPONDER,ಪೀರ್ ರೆಸ್ಪಾಂಡರ್ ಆಗಿ,translated,
trust_circle.peer_title,Help nearby workers in trouble,ಹತ್ತಿರ ತೊಂದರೆಯಲ್ಲಿರುವ ಕಾರ್ಮಿಕರಿಗೆ ಸಹಾಯ ಮಾಡಿ,translated,
trust_circle.peer_body,"When you're on, you may get a push if another worker triggers SOS within 5 km of you. We only choose 2 verified peers per alert, so you won't be flooded.","ಇದು ಆನ್ ಆಗಿರುವಾಗ, ನಿಮ್ಮಿಂದ 5 ಕಿಮೀ ಒಳಗೆ ಮತ್ತೊಬ್ಬ ಕಾರ್ಮಿಕ SOS ಒತ್ತಿದರೆ ನಿಮಗೆ ಪುಶ್ ಬರಬಹುದು. ಪ್ರತಿ ಎಚ್ಚರಿಕೆಗೆ 2 ಪರಿಶೀಲಿಸಿದ ಪೀರ್‌ಗಳನ್ನು ಮಾತ್ರ ಆಯ್ಕೆ ಮಾಡುತ್ತೇವೆ, ಆದ್ದರಿಂದ ನಿಮಗೆ ಹೆಚ್ಚು ಸೂಚನೆಗಳು ಬರುವುದಿಲ್ಲ.",translated,
trust_circle.peer_a11y,Be a peer responder for nearby SOS alerts,ಹತ್ತಿರದ SOS ಎಚ್ಚರಿಕೆಗಳಿಗೆ ಪೀರ್ ರೆಸ್ಪಾಂಡರ್ ಆಗಿ,translated,
trust_circle.shifts_label,SHARE YOUR SHIFTS,ನಿಮ್ಮ ಶಿಫ್ಟ್‌ಗಳನ್ನು ಹಂಚಿಕೊಳ್ಳಿ,translated,
trust_circle.shifts_title,Let your circle know you're safe,ನೀವು ಸುರಕ್ಷಿತವಾಗಿದ್ದೀರಿ ಎಂದು ನಿಮ್ಮ ಸರ್ಕಲ್‌ಗೆ ತಿಳಿಸಿ,translated,
trust_circle.shifts_body,"When you check in and out of a shift, the contacts above who are on Doondo get a quiet ""shift started / ended"" ping. A simple safety net for family.","ನೀವು ಶಿಫ್ಟ್‌ನಲ್ಲಿ ಚೆಕ್-ಇನ್, ಚೆಕ್-ಔಟ್ ಮಾಡಿದಾಗ, ಮೇಲಿನ Doondo‌ನಲ್ಲಿರುವ ಸಂಪರ್ಕಗಳಿಗೆ ಒಂದು ಶಾಂತ ""ಶಿಫ್ಟ್ ಆರಂಭ / ಮುಕ್ತಾಯ"" ಪಿಂಗ್ ಹೋಗುತ್ತದೆ. ಕುಟುಂಬಕ್ಕೆ ಒಂದು ಸರಳ ಸುರಕ್ಷತಾ ಬಲೆ.",translated,
trust_circle.shifts_a11y,Notify my Trust Circle when I start and end a shift,"ನಾನು ಶಿಫ್ಟ್ ಆರಂಭಿಸಿದಾಗ, ಮುಗಿಸಿದಾಗ ನನ್ನ ಟ್ರಸ್ಟ್ ಸರ್ಕಲ್‌ಗೆ ತಿಳಿಸಿ",translated,
trust_circle.alert_name_title,Add a name,ಹೆಸರು ಸೇರಿಸಿ,translated,
trust_circle.alert_name_body,Please add a name with at least 2 letters.,ದಯವಿಟ್ಟು ಕನಿಷ್ಠ 2 ಅಕ್ಷರಗಳ ಹೆಸರು ಸೇರಿಸಿ.,translated,
trust_circle.alert_phone_title,Add a phone,ಫೋನ್ ಸೇರಿಸಿ,translated,
trust_circle.alert_phone_body,Please enter a valid phone number.,ದಯವಿಟ್ಟು ಸರಿಯಾದ ಫೋನ್ ಸಂಖ್ಯೆ ನಮೂದಿಸಿ.,translated,
trust_circle.alert_remove_title,Remove contact?,ಸಂಪರ್ಕ ತೆಗೆದುಹಾಕುವುದೇ?,translated,
trust_circle.alert_remove_body,This person won't get an alert if you trigger SOS.,ನೀವು SOS ಒತ್ತಿದರೆ ಈ ವ್ಯಕ್ತಿಗೆ ಎಚ್ಚರಿಕೆ ಹೋಗುವುದಿಲ್ಲ.,translated,
trust_circle.alert_cancel,Cancel,ರದ್ದು,translated,
trust_circle.alert_save_fail,Couldn't save,ಉಳಿಸಲಾಗಲಿಲ್ಲ,translated,
trust_circle.alert_update_fail,Couldn't update,ಅಪ್‌ಡೇಟ್ ಮಾಡಲಾಗಲಿಲ್ಲ,translated,
trust_circle.alert_conn,Please check your connection and try again.,ದಯವಿಟ್ಟು ನಿಮ್ಮ ಸಂಪರ್ಕವನ್ನು ಪರಿಶೀಲಿಸಿ ಮತ್ತೆ ಪ್ರಯತ್ನಿಸಿ.,translated,
review_tags.paid_on_time,Paid on time,ಸಮಯಕ್ಕೆ ಪಾವತಿ,translated,
review_tags.safe_site,Safe worksite,ಸುರಕ್ಷಿತ ಕೆಲಸದ ಸ್ಥಳ,translated,
review_tags.fair_hours,Fair hours,ನ್ಯಾಯಯುತ ಸಮಯ,translated,
review_tags.clean_workplace,Clean workplace,ಸ್ವಚ್ಛ ಕೆಲಸದ ಸ್ಥಳ,translated,
review_tags.respectful,Respectful,ಗೌರವಯುತ,translated,
review_tags.good_communication,Good communication,ಉತ್ತಮ ಸಂವಹನ,translated,
review_tags.ppe_provided,PPE provided,ಸುರಕ್ಷತಾ ಸಾಧನ ನೀಡಲಾಗಿದೆ,translated,
review_tags.flexible_schedule,Flexible schedule,ಹೊಂದಿಕೊಳ್ಳುವ ಸಮಯ,translated,
review_tags.meals_provided,Meals provided,ಊಟ ನೀಡಲಾಗಿದೆ,translated,
review_tags.late_pay,Paid late,ತಡವಾಗಿ ಪಾವತಿ,translated,
review_tags.unsafe,Felt unsafe,ಅಸುರಕ್ಷಿತ ಎನಿಸಿತು,translated,
review_tags.overtime_unpaid,Overtime not paid,ಹೆಚ್ಚುವರಿ ಸಮಯಕ್ಕೆ ಪಾವತಿ ಇಲ್ಲ,translated,
review_tags.disrespectful,Disrespectful,ಅಗೌರವಯುತ,translated,
review_tags.punctual,Punctual,ಸಮಯಪ್ರಜ್ಞೆಯುಳ್ಳ,translated,
review_tags.hardworking,Hardworking,ಶ್ರಮಜೀವಿ,translated,
review_tags.skilled,Skilled,ಕೌಶಲ್ಯಯುತ,translated,
review_tags.polite,Polite,ವಿನಯಶೀಲ,translated,
review_tags.team_player,Team player,ತಂಡದೊಂದಿಗೆ ಉತ್ತಮ,translated,
review_tags.reliable,Reliable,ವಿಶ್ವಾಸಾರ್ಹ,translated,
review_tags.late,Frequently late,ಆಗಾಗ್ಗೆ ತಡ,translated,
review_tags.no_show,No-show,ಬರಲಿಲ್ಲ,translated,
review_tags.low_skill,Needs more training,ಹೆಚ್ಚಿನ ತರಬೇತಿ ಬೇಕು,translated,
quick_replies.emp.available_tomorrow,Are you available tomorrow?,ನೀವು ನಾಳೆ ಲಭ್ಯವಿರುತ್ತೀರಾ?,translated,
quick_replies.emp.when_can_start,When can you start?,ನೀವು ಕೆಲಸವನ್ನು ಯಾವಾಗ ಪ್ರಾರಂಭಿಸಬಹುದು?,translated,
quick_replies.emp.come_for_interview,Can you come for an interview?,ನೀವು ಸಂದರ್ಶನಕ್ಕೆ ಬರಬಹುದೇ?,translated,
quick_replies.emp.share_location,Please share your location.,ದಯವಿಟ್ಟು ನಿಮ್ಮ ಸ್ಥಳವನ್ನು ಹಂಚಿಕೊಳ್ಳಿ.,translated,
quick_replies.emp.bring_documents,Please bring your ID and documents.,ದಯವಿಟ್ಟು ನಿಮ್ಮ ಗುರುತಿನ ಚೀಟಿ ಮತ್ತು ದಾಖಲೆಗಳನ್ನು ತನ್ನಿ.,translated,
quick_replies.emp.position_filled,Thank you. This position has been filled.,ಧನ್ಯವಾದಗಳು. ಈ ಹುದ್ದೆ ಭರ್ತಿಯಾಗಿದೆ.,translated,
quick_replies.seek.yes_available,"Yes, I am available.","ಹೌದು, ನಾನು ಲಭ್ಯವಿದ್ದೇನೆ.",translated,
quick_replies.seek.not_available,"Sorry, I am not available right now.","ಕ್ಷಮಿಸಿ, ನಾನು ಈಗ ಲಭ್ಯವಿಲ್ಲ.",translated,
quick_replies.seek.what_is_pay,What is the pay for this job?,ಈ ಕೆಲಸಕ್ಕೆ ಸಂಬಳ ಎಷ್ಟು?,translated,
quick_replies.seek.where_is_job,Where is the job located?,ಕೆಲಸ ಎಲ್ಲಿದೆ?,translated,
quick_replies.seek.what_time,What time should I come?,ನಾನು ಎಷ್ಟು ಗಂಟೆಗೆ ಬರಬೇಕು?,translated,
quick_replies.seek.on_my_way,I am on my way.,ನಾನು ದಾರಿಯಲ್ಲಿದ್ದೇನೆ.,translated,
pulse.title,Your Pulse,ನಿಮ್ಮ ಪ್ರಗತಿ,translated,
pulse.score_label,Doondo Score,ದೂಂಡೋ ಸ್ಕೋರ್,translated,
pulse.streak_label,Day streak,ಸತತ ದಿನಗಳು,translated,
pulse.applications_label,In play,ಪರಿಶೀಲನೆಯಲ್ಲಿ,translated,
pulse.nudge_cta,Let's go,ಹೋಗೋಣ,translated,
pulse.nudge.verify,Verify your account — verified workers get 3x more replies.,ನಿಮ್ಮ ಖಾತೆಯನ್ನು ಪರಿಶೀಲಿಸಿ — ಪರಿಶೀಲಿಸಿದ ಕಾರ್ಮಿಕರಿಗೆ 3 ಪಟ್ಟು ಹೆಚ್ಚು ಪ್ರತಿಕ್ರಿಯೆಗಳು ಸಿಗುತ್ತವೆ.,translated,
pulse.nudge.build_profile,Add your work history so employers can see your experience.,"ನಿಮ್ಮ ಕೆಲಸದ ಅನುಭವವನ್ನು ಸೇರಿಸಿ, ಆಗ ಉದ್ಯೋಗದಾತರು ನಿಮ್ಮ ಅನುಭವವನ್ನು ನೋಡಬಹುದು.",translated,
pulse.nudge.set_availability,Set your availability so we can match you to today's work.,"ನಿಮ್ಮ ಲಭ್ಯತೆಯನ್ನು ಹೊಂದಿಸಿ, ಆಗ ಇಂದಿನ ಕೆಲಸಕ್ಕೆ ನಿಮ್ಮನ್ನು ಹೊಂದಿಸಬಹುದು.",translated,
pulse.nudge.add_skills,Add your skills so we can show you the right jobs.,"ನಿಮ್ಮ ಕೌಶಲ್ಯಗಳನ್ನು ಸೇರಿಸಿ, ಆಗ ಸರಿಯಾದ ಕೆಲಸಗಳನ್ನು ತೋರಿಸಬಹುದು.",translated,
pulse.nudge.explore_jobs,You're all set — explore jobs posted near you.,ನೀವು ಸಿದ್ಧರಿದ್ದೀರಿ — ನಿಮ್ಮ ಸಮೀಪದಲ್ಲಿ ಪೋಸ್ಟ್ ಮಾಡಿದ ಕೆಲಸಗಳನ್ನು ನೋಡಿ.,translated,
language.title,Choose your language,ನಿಮ್ಮ ಭಾಷೆಯನ್ನು ಆಯ್ಕೆಮಾಡಿ,translated,
language.subtitle,The app switches instantly.,ಅಪ್ಲಿಕೇಶನ್ ತಕ್ಷಣ ಬದಲಾಗುತ್ತದೆ.,translated,
language.toggle_a11y,Change language,ಭಾಷೆಯನ್ನು ಬದಲಾಯಿಸಿ,translated,
skill_passport.title,Skill Passport,ಸ್ಕಿಲ್ ಪಾಸ್‌ಪೋರ್ಟ್,translated,
skill_passport.tagline,Your verified work credential,ನಿಮ್ಮ ಪರಿಶೀಲಿತ ಕೆಲಸದ ಪ್ರಮಾಣಪತ್ರ,translated,
skill_passport.score_label,Doondo Score,ದೂಂಡೋ ಸ್ಕೋರ್,translated,
skill_passport.verified_id,Identity verified,ಗುರುತು ಪರಿಶೀಲಿಸಲಾಗಿದೆ,translated,
skill_passport.unverified_id,Identity not verified,ಗುರುತು ಪರಿಶೀಲಿಸಲಾಗಿಲ್ಲ,translated,
skill_passport.member_since,Member since {{date}},{{date}} ರಿಂದ ಸದಸ್ಯ,translated,
skill_passport.skills_header,Skills,ಕೌಶಲ್ಯಗಳು,translated,
skill_passport.skills_empty,Add skills to your profile to start building your passport.,ನಿಮ್ಮ ಪಾಸ್‌ಪೋರ್ಟ್ ರಚಿಸಲು ಪ್ರೊಫೈಲ್‌ನಲ್ಲಿ ಕೌಶಲ್ಯಗಳನ್ನು ಸೇರಿಸಿ.,translated,
skill_passport.tested,Tested,ಪರೀಕ್ಷಿಸಲಾಗಿದೆ,translated,
skill_passport.verified,Verified,ಪರಿಶೀಲಿಸಲಾಗಿದೆ,translated,
skill_passport.unverified,Unverified,ಪರಿಶೀಲಿಸಲಾಗಿಲ್ಲ,translated,
skill_passport.tests_header,Trade tests passed,ಉತ್ತೀರ್ಣವಾದ ಟ್ರೇಡ್ ಪರೀಕ್ಷೆಗಳು,translated,
skill_passport.tests_empty,No trade tests passed yet.,ಇನ್ನೂ ಯಾವುದೇ ಟ್ರೇಡ್ ಪರೀಕ್ಷೆಯಲ್ಲಿ ಉತ್ತೀರ್ಣರಾಗಿಲ್ಲ.,translated,
skill_passport.stat_experience,Years,ವರ್ಷಗಳು,translated,
skill_passport.stat_jobs,Jobs done,ಮುಗಿದ ಕೆಲಸಗಳು,translated,
skill_passport.stat_rating,Rating,ರೇಟಿಂಗ್,translated,
skill_passport.stat_endorsements,Endorsements,ಶಿಫಾರಸುಗಳು,translated,
skill_passport.share,Share passport,ಪಾಸ್‌ಪೋರ್ಟ್ ಹಂಚಿಕೊಳ್ಳಿ,translated,
skill_passport.back,Back,ಹಿಂದೆ,translated,
skill_passport.error,Couldn't load your passport.,ನಿಮ್ಮ ಪಾಸ್‌ಪೋರ್ಟ್ ಲೋಡ್ ಮಾಡಲಾಗಲಿಲ್ಲ.,translated,
reverse_interview.post_section,What you offer workers,ನೀವು ಕಾರ್ಮಿಕರಿಗೆ ಏನು ನೀಡುತ್ತೀರಿ,translated,
reverse_interview.post_hint,Answer honestly — workers see this before they apply.,ಪ್ರಾಮಾಣಿಕವಾಗಿ ಉತ್ತರಿಸಿ — ಕಾರ್ಮಿಕರು ಅರ್ಜಿ ಸಲ್ಲಿಸುವ ಮೊದಲು ಇದನ್ನು ನೋಡುತ್ತಾರೆ.,translated,
reverse_interview.detail_section,What this workplace says,ಈ ಕೆಲಸದ ಸ್ಥಳ ಏನು ಹೇಳುತ್ತದೆ,translated,
reverse_interview.yes,Yes,ಹೌದು,translated,
reverse_interview.no,No,ಇಲ್ಲ,translated,
reverse_interview.not_answered,Not answered,ಉತ್ತರಿಸಿಲ್ಲ,translated,
reverse_interview.q.pays_on_time,Wages paid on time,ಸಮಯಕ್ಕೆ ಸಂಬಳ,translated,
reverse_interview.q.overtime_paid,Overtime paid extra,ಹೆಚ್ಚುವರಿ ಸಮಯಕ್ಕೆ ಹೆಚ್ಚುವರಿ ಪಾವತಿ,translated,
reverse_interview.q.provides_ppe,Safety equipment provided,ಸುರಕ್ಷತಾ ಸಾಧನ ಒದಗಿಸಲಾಗುತ್ತದೆ,translated,
reverse_interview.q.written_contract,Written contract given,ಲಿಖಿತ ಒಪ್ಪಂದ ನೀಡಲಾಗುತ್ತದೆ,translated,
reverse_interview.q.womens_facilities,Separate facilities for women,ಮಹಿಳೆಯರಿಗೆ ಪ್ರತ್ಯೇಕ ಸೌಲಭ್ಯಗಳು,translated,
constitution.title,Your Work Rules,ನಿಮ್ಮ ಕೆಲಸದ ನಿಯಮಗಳು,translated,
constitution.tagline,Set your boundaries — employers see them upfront.,ನಿಮ್ಮ ಮಿತಿಗಳನ್ನು ನಿಗದಿಪಡಿಸಿ — ಉದ್ಯೋಗದಾತರು ಇವುಗಳನ್ನು ಮೊದಲೇ ನೋಡುತ್ತಾರೆ.,translated,
constitution.back,Back,ಹಿಂದೆ,translated,
constitution.max_distance_label,Maximum distance you'll travel,ನೀವು ಗರಿಷ್ಠ ಎಷ್ಟು ದೂರ ಪ್ರಯಾಣಿಸುತ್ತೀರಿ,translated,
constitution.max_distance_placeholder,e.g. 10,ಉದಾ. 10,translated,
constitution.max_distance_unit,km,ಕಿ.ಮೀ,translated,
constitution.max_distance_hint,Leave blank for no limit,ಮಿತಿ ಇಲ್ಲದಿದ್ದರೆ ಖಾಲಿ ಬಿಡಿ,translated,
constitution.no_nights_label,No night shifts,ರಾತ್ರಿ ಶಿಫ್ಟ್ ಇಲ್ಲ,translated,
constitution.no_sundays_label,No Sunday work,ಭಾನುವಾರ ಕೆಲಸ ಇಲ್ಲ,translated,
constitution.requires_ppe_label,Safety equipment must be provided,ಸುರಕ್ಷತಾ ಸಾಧನ ಒದಗಿಸಬೇಕು,translated,
constitution.requires_contract_label,Written contract required,ಲಿಖಿತ ಒಪ್ಪಂದ ಅಗತ್ಯ,translated,
constitution.save,Save rules,ನಿಯಮಗಳನ್ನು ಉಳಿಸಿ,translated,
constitution.saving,Saving…,ಉಳಿಸುತ್ತಿದೆ…,translated,
constitution.saved,Rules saved,ನಿಯಮಗಳು ಉಳಿಸಲಾಗಿದೆ,translated,
constitution.error,Couldn't load your work rules.,ನಿಮ್ಮ ಕೆಲಸದ ನಿಯಮಗಳನ್ನು ಲೋಡ್ ಮಾಡಲಾಗಲಿಲ್ಲ.,translated,
constitution.save_error,Couldn't save. Please try again.,ಉಳಿಸಲಾಗಲಿಲ್ಲ. ದಯವಿಟ್ಟು ಮತ್ತೆ ಪ್ರಯತ್ನಿಸಿ.,translated,
constitution.detail_section,This worker's rules,ಈ ಕಾರ್ಮಿಕರ ನಿಯಮಗಳು,translated,
constitution.detail_max_distance,Travels up to {{km}} km,{{km}} ಕಿ.ಮೀ ವರೆಗೆ ಪ್ರಯಾಣಿಸುತ್ತಾರೆ,translated,
constitution.detail_no_nights,No night shifts,ರಾತ್ರಿ ಶಿಫ್ಟ್ ಇಲ್ಲ,translated,
constitution.detail_no_sundays,No Sunday work,ಭಾನುವಾರ ಕೆಲಸ ಇಲ್ಲ,translated,
constitution.detail_requires_ppe,Needs safety equipment,ಸುರಕ್ಷತಾ ಸಾಧನ ಬೇಕು,translated,
constitution.detail_requires_contract,Needs a written contract,ಲಿಖಿತ ಒಪ್ಪಂದ ಬೇಕು,translated,
career_path.title,Career Path,ವೃತ್ತಿ ಮಾರ್ಗ,translated,
career_path.tagline,See how your trade grows — and what unlocks each step.,ನಿಮ್ಮ ವೃತ್ತಿ ಹೇಗೆ ಬೆಳೆಯುತ್ತದೆ — ಪ್ರತಿ ಹಂತವನ್ನು ಯಾವುದು ತೆರೆಯುತ್ತದೆ ಎಂದು ನೋಡಿ.,translated,
career_path.back,Back,ಹಿಂದೆ,translated,
career_path.per_month,/ month,/ ತಿಂಗಳು,translated,
career_path.you_are_here,You're here,ನೀವು ಇಲ್ಲಿದ್ದೀರಿ,translated,
career_path.next_up,Next step,ಮುಂದಿನ ಹಂತ,translated,
career_path.unlocks,Unlocks with,ಇದರಿಂದ ತೆರೆಯುತ್ತದೆ,translated,
career_path.explore_courses,Explore courses,ಕೋರ್ಸ್‌ಗಳನ್ನು ನೋಡಿ,translated,
career_path.path.driving,Driving & Delivery,ಚಾಲನೆ & ಡೆಲಿವರಿ,translated,
career_path.path.construction,Construction,ನಿರ್ಮಾಣ ಕೆಲಸ,translated,
career_path.path.kitchen,Kitchen & Food,ಅಡುಗೆಮನೆ & ಆಹಾರ,translated,
career_path.steps.driving_1.title,Delivery Rider,ಡೆಲಿವರಿ ರೈಡರ್,translated,
career_path.steps.driving_1.desc,Deliver parcels and food on a two-wheeler.,ದ್ವಿಚಕ್ರ ವಾಹನದಲ್ಲಿ ಪಾರ್ಸಲ್ ಮತ್ತು ಆಹಾರ ತಲುಪಿಸಿ.,translated,
career_path.steps.driving_2.title,Commercial Driver,ವಾಣಿಜ್ಯ ಚಾಲಕ,translated,
career_path.steps.driving_2.desc,"Drive cars, taxis, or vans for a company.","ಕಂಪನಿಗಾಗಿ ಕಾರು, ಟ್ಯಾಕ್ಸಿ ಅಥವಾ ವ್ಯಾನ್ ಚಲಾಯಿಸಿ.",translated,
career_path.steps.driving_3.title,Fleet Coordinator,ಫ್ಲೀಟ್ ಸಂಯೋಜಕ,translated,
career_path.steps.driving_3.desc,Plan routes and schedules for a group of drivers.,ಚಾಲಕರ ತಂಡಕ್ಕೆ ಮಾರ್ಗ ಮತ್ತು ವೇಳಾಪಟ್ಟಿ ಯೋಜಿಸಿ.,translated,
career_path.steps.driving_4.title,Fleet Manager,ಫ್ಲೀಟ್ ಮ್ಯಾನೇಜರ್,translated,
career_path.steps.driving_4.desc,"Run the whole fleet — drivers, vehicles, and budgets.","ಇಡೀ ಫ್ಲೀಟ್ ನಡೆಸಿ — ಚಾಲಕರು, ವಾಹನಗಳು, ಬಜೆಟ್.",translated,
career_path.steps.construction_1.title,Site Helper,ಸೈಟ್ ಸಹಾಯಕ,translated,
career_path.steps.construction_1.desc,Carry materials and assist skilled workers on site.,ಸಾಮಗ್ರಿ ಸಾಗಿಸಿ ಮತ್ತು ಕುಶಲ ಕಾರ್ಮಿಕರಿಗೆ ಸಹಾಯ ಮಾಡಿ.,translated,
career_path.steps.construction_2.title,Mason / Skilled Worker,ಮೇಸ್ತ್ರಿ / ಕುಶಲ ಕಾರ್ಮಿಕ,translated,
career_path.steps.construction_2.desc,"Lay bricks, plaster, and finish structures.","ಇಟ್ಟಿಗೆ ಜೋಡಿಸಿ, ಪ್ಲಾಸ್ಟರ್ ಮಾಡಿ, ರಚನೆ ಪೂರ್ಣಗೊಳಿಸಿ.",translated,
career_path.steps.construction_3.title,Site Supervisor,ಸೈಟ್ ಮೇಲ್ವಿಚಾರಕ,translated,
career_path.steps.construction_3.desc,Lead a crew and keep the site safe and on schedule.,"ತಂಡವನ್ನು ಮುನ್ನಡೆಸಿ, ಸೈಟ್ ಸುರಕ್ಷಿತ ಮತ್ತು ಸಮಯಕ್ಕೆ ಇರಿಸಿ.",translated,
career_path.steps.construction_4.title,Site Manager,ಸೈಟ್ ಮ್ಯಾನೇಜರ್,translated,
career_path.steps.construction_4.desc,"Run the project — crews, timelines, and quality.","ಇಡೀ ಯೋಜನೆ ನಡೆಸಿ — ತಂಡಗಳು, ಗಡುವುಗಳು, ಗುಣಮಟ್ಟ.",translated,
career_path.steps.kitchen_1.title,Kitchen Helper,ಅಡುಗೆಮನೆ ಸಹಾಯಕ,translated,
career_path.steps.kitchen_1.desc,Prep ingredients and keep the kitchen clean.,ಪದಾರ್ಥಗಳನ್ನು ಸಿದ್ಧಪಡಿಸಿ ಅಡುಗೆಮನೆ ಸ್ವಚ್ಛವಾಗಿಡಿ.,translated,
career_path.steps.kitchen_2.title,Cook,ಅಡುಗೆಯವರು,translated,
career_path.steps.kitchen_2.desc,Cook dishes on your own station.,ನಿಮ್ಮ ಸ್ವಂತ ಸ್ಥಳದಲ್ಲಿ ಅಡುಗೆ ಮಾಡಿ.,translated,
career_path.steps.kitchen_3.title,Head Cook,ಮುಖ್ಯ ಅಡುಗೆಯವರು,translated,
career_path.steps.kitchen_3.desc,Plan the menu and lead the kitchen team.,ಮೆನು ಯೋಜಿಸಿ ಮತ್ತು ಅಡುಗೆಮನೆ ತಂಡವನ್ನು ಮುನ್ನಡೆಸಿ.,translated,
career_path.steps.kitchen_4.title,Kitchen Manager,ಅಡುಗೆಮನೆ ಮ್ಯಾನೇಜರ್,translated,
career_path.steps.kitchen_4.desc,"Run the kitchen — staff, stock, and standards.","ಇಡೀ ಅಡುಗೆಮನೆ ನಡೆಸಿ — ಸಿಬ್ಬಂದಿ, ದಾಸ್ತಾನು, ಗುಣಮಟ್ಟ.",translated,
payslip.title,Your Payslip Explained,ನಿಮ್ಮ ಸಂಬಳ ಸ್ಲಿಪ್ ವಿವರಣೆ,translated,
payslip.tagline,"PF, ESI and tax — what those deductions really mean.","ಪಿಎಫ್, ಇಎಸ್ಐ ಮತ್ತು ತೆರಿಗೆ — ಕಡಿತಗಳ ನಿಜವಾದ ಅರ್ಥ.",translated,
payslip.back,Back,ಹಿಂದೆ,translated,
payslip.intro,Starting your first formal job? Your payslip will show some money taken out. Most of it actually helps you — here's how.,ಮೊದಲ ಬಾರಿ ಖಾಯಂ ಕೆಲಸವೇ? ನಿಮ್ಮ ಸಂಬಳ ಸ್ಲಿಪ್‌ನಲ್ಲಿ ಸ್ವಲ್ಪ ಹಣ ಕಡಿತವಾಗಿರುವುದು ಕಾಣಿಸುತ್ತದೆ. ಬಹುತೇಕ ಕಡಿತ ನಿಮ್ಮ ಒಳಿತಿಗೇ — ಹೇಗೆ ಎಂದು ನೋಡಿ.,translated,
payslip.pf_title,PF — your savings fund,ಪಿಎಫ್ — ನಿಮ್ಮ ಉಳಿತಾಯ ನಿಧಿ,translated,
payslip.pf_what,{{pct}}% of your basic pay goes into a savings fund. Your employer adds the same amount on top — free money for you.,ನಿಮ್ಮ ಮೂಲ ಸಂಬಳದ {{pct}}% ಒಂದು ಉಳಿತಾಯ ನಿಧಿಗೆ ಹೋಗುತ್ತದೆ. ನಿಮ್ಮ ಉದ್ಯೋಗದಾತರೂ ಅಷ್ಟೇ ಮೊತ್ತವನ್ನು ಮೇಲೆ ಸೇರಿಸುತ್ತಾರೆ — ನಿಮಗೆ ಉಚಿತ ಹಣ.,translated,
payslip.pf_get,It is your money. You get all of it back with interest (around 8% a year) when you change jobs or retire.,ಇದು ನಿಮ್ಮ ಹಣ. ಕೆಲಸ ಬದಲಾಯಿಸಿದಾಗ ಅಥವಾ ನಿವೃತ್ತಿಯಾದಾಗ ಬಡ್ಡಿ ಸಹಿತ (ವರ್ಷಕ್ಕೆ ಸುಮಾರು 8%) ಸಂಪೂರ್ಣ ಮರಳಿ ಪಡೆಯುತ್ತೀರಿ.,translated,
payslip.pf_note,PF is not a loss — it is savings you build without thinking about it.,ಪಿಎಫ್ ನಷ್ಟವಲ್ಲ — ಇದು ಯೋಚಿಸದೇ ಕೂಡಿಡುವ ಉಳಿತಾಯ.,translated,
payslip.esi_title,ESI — health cover,ಇಎಸ್ಐ — ಆರೋಗ್ಯ ರಕ್ಷಣೆ,translated,
payslip.esi_what,Just {{pct}}% of your wages buys health cover for you and your family — if you earn up to ₹{{ceiling}} a month.,ನಿಮ್ಮ ಸಂಬಳದ ಕೇವಲ {{pct}}% ನಿಮಗೆ ಮತ್ತು ನಿಮ್ಮ ಕುಟುಂಬಕ್ಕೆ ಆರೋಗ್ಯ ರಕ್ಷಣೆ ನೀಡುತ್ತದೆ — ತಿಂಗಳಿಗೆ ₹{{ceiling}} ವರೆಗೆ ಗಳಿಸಿದರೆ.,translated,
payslip.esi_get,"It pays for hospital treatment, and gives you money during sickness, injury, or maternity leave.","ಇದು ಆಸ್ಪತ್ರೆ ಚಿಕಿತ್ಸೆಯ ವೆಚ್ಚವನ್ನು ಭರಿಸುತ್ತದೆ, ಅನಾರೋಗ್ಯ, ಗಾಯ ಅಥವಾ ಹೆರಿಗೆ ರಜೆಯ ಸಮಯದಲ್ಲಿ ಹಣವನ್ನೂ ನೀಡುತ್ತದೆ.",translated,
payslip.tax_title,Income tax,ಆದಾಯ ತೆರಿಗೆ,translated,
payslip.tax_free,"Under the new tax system, yearly income up to ₹{{lakh}} lakh is completely tax-free.","ಹೊಸ ತೆರಿಗೆ ವ್ಯವಸ್ಥೆಯಲ್ಲಿ, ವರ್ಷಕ್ಕೆ ₹{{lakh}} ಲಕ್ಷದವರೆಗಿನ ಆದಾಯ ಸಂಪೂರ್ಣ ತೆರಿಗೆ ಮುಕ್ತ.",translated,
payslip.tax_most,Most workers on Doondo earn below this — so they pay zero income tax.,ದೂಂಡೋದಲ್ಲಿ ಬಹುತೇಕ ಕಾರ್ಮಿಕರು ಇದಕ್ಕಿಂತ ಕಡಿಮೆ ಗಳಿಸುತ್ತಾರೆ — ಆದ್ದರಿಂದ ಅವರು ಶೂನ್ಯ ಆದಾಯ ತೆರಿಗೆ ಪಾವತಿಸುತ್ತಾರೆ.,translated,
payslip.tax_slabs_intro,Earn more than that? Tax applies in steps:,ಅದಕ್ಕಿಂತ ಹೆಚ್ಚು ಗಳಿಸುತ್ತೀರಾ? ತೆರಿಗೆ ಹಂತಹಂತವಾಗಿ ಅನ್ವಯಿಸುತ್ತದೆ:,translated,
payslip.slab_upto,Up to ₹{{x}},₹{{x}} ವರೆಗೆ,translated,
payslip.slab_above,Above ₹{{x}},₹{{x}} ಮೇಲೆ,translated,
payslip.slab_no_tax,No tax,ತೆರಿಗೆ ಇಲ್ಲ,translated,
payslip.payslip_title,Example payslip,ಉದಾಹರಣೆ ಸಂಬಳ ಸ್ಲಿಪ್,translated,
payslip.payslip_for,A worker earning ₹{{wage}} a month:,ತಿಂಗಳಿಗೆ ₹{{wage}} ಗಳಿಸುವ ಕಾರ್ಮಿಕ:,translated,
payslip.payslip_gross,Monthly wage,ಮಾಸಿಕ ಸಂಬಳ,translated,
payslip.payslip_pf,PF (your savings),ಪಿಎಫ್ (ನಿಮ್ಮ ಉಳಿತಾಯ),translated,
payslip.payslip_esi,ESI (health cover),ಇಎಸ್ಐ (ಆರೋಗ್ಯ ರಕ್ಷಣೆ),translated,
payslip.payslip_tax,Income tax,ಆದಾಯ ತೆರಿಗೆ,translated,
payslip.payslip_inhand,Cash in hand,ಕೈಯಲ್ಲಿ ನಗದು,translated,
payslip.payslip_note,"The ₹{{pf}} PF is still yours, saved for later — so your real value this month is ₹{{total}}.","₹{{pf}} ಪಿಎಫ್ ಇನ್ನೂ ನಿಮ್ಮದೇ, ಮುಂದಕ್ಕೆ ಉಳಿಸಲಾಗಿದೆ — ಆದ್ದರಿಂದ ಈ ತಿಂಗಳು ನಿಮ್ಮ ನಿಜವಾದ ಮೌಲ್ಯ ₹{{total}}.",translated,
payslip.footer,Rates shown for the {{fy}} financial year. Government rates can change with each year's Budget.,{{fy}} ಹಣಕಾಸು ವರ್ಷದ ದರಗಳು. ಸರ್ಕಾರಿ ದರಗಳು ಪ್ರತಿ ವರ್ಷದ ಬಜೆಟ್‌ನಲ್ಲಿ ಬದಲಾಗಬಹುದು.,translated,
payslip.claim_section,Claiming what's yours,ನಿಮಗೆ ಸೇರಿದ್ದನ್ನು ಪಡೆಯುವುದು,translated,
payslip.pf_claim_title,Getting your PF money,ನಿಮ್ಮ ಪಿಎಫ್ ಹಣ ಪಡೆಯುವುದು,translated,
payslip.pf_claim_1,You have a UAN — a 12-digit number that stays with you across every job. Ask your employer for it.,ನಿಮ್ಮ ಬಳಿ ಒಂದು UAN ಇದೆ — ಪ್ರತಿ ಕೆಲಸದಲ್ಲೂ ನಿಮ್ಮೊಂದಿಗೆ ಇರುವ 12 ಅಂಕಿಯ ಸಂಖ್ಯೆ. ಇದನ್ನು ನಿಮ್ಮ ಉದ್ಯೋಗದಾತರಿಂದ ಕೇಳಿ.,translated,
payslip.pf_claim_2,"Activate your UAN and check your balance on the UMANG app or the EPFO website. Link your Aadhaar, PAN and bank account.","ನಿಮ್ಮ UAN ಸಕ್ರಿಯಗೊಳಿಸಿ, UMANG ಆ್ಯಪ್ ಅಥವಾ EPFO ವೆಬ್‌ಸೈಟ್‌ನಲ್ಲಿ ಬ್ಯಾಲೆನ್ಸ್ ನೋಡಿ. ನಿಮ್ಮ ಆಧಾರ್, ಪ್ಯಾನ್, ಬ್ಯಾಂಕ್ ಖಾತೆ ಲಿಂಕ್ ಮಾಡಿ.",translated,
payslip.pf_claim_3,"Withdraw online — no employer signature needed for most claims. Take it all after you retire or after 2 months without a job, or take a part for medical, housing, or education needs.","ಆನ್‌ಲೈನ್‌ನಲ್ಲಿ ಹಿಂಪಡೆಯಿರಿ — ಹೆಚ್ಚಿನ ಕ್ಲೈಮ್‌ಗಳಿಗೆ ಉದ್ಯೋಗದಾತರ ಸಹಿ ಅಗತ್ಯವಿಲ್ಲ. ನಿವೃತ್ತಿಯ ನಂತರ ಅಥವಾ 2 ತಿಂಗಳು ಕೆಲಸವಿಲ್ಲದಿದ್ದರೆ ಪೂರ್ಣ, ಅಥವಾ ವೈದ್ಯಕೀಯ, ಮನೆ, ಶಿಕ್ಷಣಕ್ಕೆ ಒಂದು ಭಾಗ ಪಡೆಯಬಹುದು.",translated,
payslip.pf_claim_4,Online claims usually reach your bank in about 3–5 working days.,ಆನ್‌ಲೈನ್ ಕ್ಲೈಮ್‌ಗಳು ಸಾಮಾನ್ಯವಾಗಿ 3–5 ಕೆಲಸದ ದಿನಗಳಲ್ಲಿ ನಿಮ್ಮ ಬ್ಯಾಂಕ್ ತಲುಪುತ್ತವೆ.,translated,
payslip.pf_portal_label,Open the EPFO website,EPFO ವೆಬ್‌ಸೈಟ್ ತೆರೆಯಿರಿ,translated,
payslip.esi_claim_title,Using your ESI cover,ನಿಮ್ಮ ESI ರಕ್ಷಣೆಯ ಬಳಕೆ,translated,
payslip.esi_claim_1,You get an ESI Pehchan card — your health ID. It covers you and your family.,ನಿಮಗೆ ಒಂದು ESI ಪೆಹಚಾನ್ ಕಾರ್ಡ್ ಸಿಗುತ್ತದೆ — ನಿಮ್ಮ ಆರೋಗ್ಯ ಗುರುತಿನ ಕಾರ್ಡ್. ಇದು ನಿಮ್ಮನ್ನು ಮತ್ತು ನಿಮ್ಮ ಕುಟುಂಬವನ್ನು ಒಳಗೊಳ್ಳುತ್ತದೆ.,translated,
payslip.esi_claim_2,"For treatment, go to any ESI hospital or dispensary and show your Pehchan card with an ID. Care is free.","ಚಿಕಿತ್ಸೆಗಾಗಿ, ಯಾವುದೇ ESI ಆಸ್ಪತ್ರೆ ಅಥವಾ ಔಷಧಾಲಯಕ್ಕೆ ಹೋಗಿ ನಿಮ್ಮ ಪೆಹಚಾನ್ ಕಾರ್ಡ್ ಮತ್ತು ಒಂದು ID ತೋರಿಸಿ. ಚಿಕಿತ್ಸೆ ಉಚಿತ.",translated,
payslip.esi_claim_3,"If a doctor signs you off sick, you can claim sickness benefit — about 70% of your wage — through your employer’s ESI office.","ವೈದ್ಯರು ನಿಮ್ಮನ್ನು ಅನಾರೋಗ್ಯ ಎಂದು ದೃಢೀಕರಿಸಿದರೆ, ನಿಮ್ಮ ಉದ್ಯೋಗದಾತರ ESI ಕಚೇರಿಯ ಮೂಲಕ ಅನಾರೋಗ್ಯ ಪ್ರಯೋಜನ — ಸಂಬಳದ ಸುಮಾರು 70% — ಕ್ಲೈಮ್ ಮಾಡಬಹುದು.",translated,
payslip.esi_portal_label,Open the ESIC website,ESIC ವೆಬ್‌ಸೈಟ್ ತೆರೆಯಿರಿ,translated,
payslip.claim_note,Government portals and steps can change — these are the official sites.,ಸರ್ಕಾರಿ ಪೋರ್ಟಲ್‌ಗಳು ಮತ್ತು ಹಂತಗಳು ಬದಲಾಗಬಹುದು — ಇವು ಅಧಿಕೃತ ಸೈಟ್‌ಗಳು.,translated,
app_lock.lock_screen_message,"Unlock with your fingerprint, face, or screen lock to continue.","ಮುಂದುವರಿಯಲು ನಿಮ್ಮ ಬೆರಳಚ್ಚು, ಮುಖ ಅಥವಾ ಸ್ಕ್ರೀನ್ ಲಾಕ್‌ನಿಂದ ಅನ್‌ಲಾಕ್ ಮಾಡಿ.",translated,
app_lock.unlock_button,Unlock,ಅನ್‌ಲಾಕ್ ಮಾಡಿ,translated,
app_lock.unlock_button_subtitle,Touch the sensor,ಸೆನ್ಸರ್ ಸ್ಪರ್ಶಿಸಿ,translated,
app_lock.or,or,ಅಥವಾ,translated,
app_lock.unlocking,Unlocking…,ಅನ್‌ಲಾಕ್ ಆಗುತ್ತಿದೆ…,translated,
app_lock.unlock_prompt,Unlock Doondo,ದೂಂಡೋವನ್ನು ಅನ್‌ಲಾಕ್ ಮಾಡಿ,translated,
app_lock.unlock_failed,Couldn't verify. Try again.,ಪರಿಶೀಲಿಸಲಾಗಲಿಲ್ಲ. ಮತ್ತೆ ಪ್ರಯತ್ನಿಸಿ.,translated,
app_lock.sign_out,Sign in with a different account,ಬೇರೆ ಖಾತೆಯಿಂದ ಸೈನ್ ಇನ್ ಮಾಡಿ,translated,
app_lock.settings_section,App lock,ಆ್ಯಪ್ ಲಾಕ್,translated,
app_lock.settings_toggle,Require unlock to open Doondo,ದೂಂಡೋ ತೆರೆಯಲು ಅನ್‌ಲಾಕ್ ಅಗತ್ಯ,translated,
app_lock.settings_toggle_desc,"Ask for your fingerprint, face, or screen lock each time you open the app.","ಆ್ಯಪ್ ತೆರೆಯುವ ಪ್ರತಿ ಬಾರಿ ಬೆರಳಚ್ಚು, ಮುಖ ಅಥವಾ ಸ್ಕ್ರೀನ್ ಲಾಕ್ ಕೇಳಿ.",translated,
app_lock.settings_unavailable,Set up a fingerprint or screen lock on your phone to use this.,ಇದನ್ನು ಬಳಸಲು ನಿಮ್ಮ ಫೋನ್‌ನಲ್ಲಿ ಬೆರಳಚ್ಚು ಅಥವಾ ಸ್ಕ್ರೀನ್ ಲಾಕ್ ಹೊಂದಿಸಿ.,translated,
voice_agent.title,Voice assistant,ವಾಯ್ಸ್ ಅಸಿಸ್ಟೆಂಟ್,translated,
voice_agent.back,Back,ಹಿಂದೆ,translated,
voice_agent.intro,"Hi! Tell me what work you're looking for — for example, 'cook jobs near me'.",ನಮಸ್ಕಾರ! ನೀವು ಯಾವ ಕೆಲಸ ಹುಡುಕುತ್ತಿದ್ದೀರಿ ಎಂದು ಹೇಳಿ — ಉದಾಹರಣೆಗೆ 'ನನ್ನ ಹತ್ತಿರ ಅಡುಗೆ ಕೆಲಸ'.,translated,
voice_agent.tap_to_speak,Tap the mic and speak,ಮೈಕ್ ಒತ್ತಿ ಮಾತನಾಡಿ,translated,
voice_agent.listening,Listening…,ಕೇಳುತ್ತಿದೆ…,translated,
voice_agent.thinking,One moment…,ಒಂದು ಕ್ಷಣ…,translated,
voice_agent.getting_location,Finding your location…,ನಿಮ್ಮ ಸ್ಥಳವನ್ನು ಹುಡುಕುತ್ತಿದೆ…,translated,
voice_agent.location_failed,Couldn't find your location. Turn on location to search for jobs.,ನಿಮ್ಮ ಸ್ಥಳ ಸಿಗಲಿಲ್ಲ. ಕೆಲಸ ಹುಡುಕಲು ಲೊಕೇಶನ್ ಆನ್ ಮಾಡಿ.,translated,
voice_agent.mic_unavailable,Voice input isn't available on this device. Type your request instead.,ಈ ಫೋನ್‌ನಲ್ಲಿ ವಾಯ್ಸ್ ಇನ್‌ಪುಟ್ ಲಭ್ಯವಿಲ್ಲ. ನಿಮ್ಮ ವಿನಂತಿಯನ್ನು ಟೈಪ್ ಮಾಡಿ.,translated,
voice_agent.type_placeholder,Type the work you want…,ಬೇಕಾದ ಕೆಲಸವನ್ನು ಟೈಪ್ ಮಾಡಿ…,translated,
voice_agent.send,Send,ಕಳುಹಿಸಿ,translated,
voice_agent.you_label,You,ನೀವು,translated,
voice_agent.assistant_label,Doondo,ದೂಂಡೋ,translated,
voice_agent.card_apply,Apply,ಅರ್ಜಿ ಹಾಕಿ,translated,
voice_agent.card_open,View job,ಕೆಲಸ ನೋಡಿ,translated,
voice_agent.card_applied,Applied,ಅರ್ಜಿ ಹಾಕಲಾಗಿದೆ,translated,
voice_agent.a11y_mic,Voice assistant microphone,ವಾಯ್ಸ್ ಅಸಿಸ್ಟೆಂಟ್ ಮೈಕ್ರೊಫೋನ್,translated,
voice_agent.example_search,Cook jobs near me,ನನ್ನ ಹತ್ತಿರ ಅಡುಗೆ ಕೆಲಸ,translated,
voice_agent.example_apply,Apply to the first one,ಮೊದಲನೆಯದಕ್ಕೆ ಅರ್ಜಿ ಹಾಕಿ,translated,
voice_agent.example_interview,When is my interview?,,MISSING — needs translation,
voice_agent.example_messages,Read my messages,,MISSING — needs translation,
voice_agent.example_help,What can I say?,ನಾನು ಏನು ಹೇಳಬಹುದು?,translated,
voice_agent.reply.results_one,"I found 1 job nearby — {{job}}. Say 'apply to the first one' to apply, or ask for other work.","ನಿಮ್ಮ ಹತ್ತಿರ 1 ಕೆಲಸ ಸಿಕ್ಕಿತು — {{job}}. ಅರ್ಜಿ ಹಾಕಲು 'ಮೊದಲನೆಯದಕ್ಕೆ ಅರ್ಜಿ ಹಾಕಿ' ಎಂದು ಹೇಳಿ, ಅಥವಾ ಬೇರೆ ಕೆಲಸ ಕೇಳಿ.",translated,
voice_agent.reply.results_many,"I found {{count}} jobs nearby. The first is {{job}}. Say 'apply to the first one', or ask for other work.","ನಿಮ್ಮ ಹತ್ತಿರ {{count}} ಕೆಲಸಗಳು ಸಿಕ್ಕಿವೆ. ಮೊದಲನೆಯದು {{job}}. 'ಮೊದಲನೆಯದಕ್ಕೆ ಅರ್ಜಿ ಹಾಕಿ' ಎಂದು ಹೇಳಿ, ಅಥವಾ ಬೇರೆ ಕೆಲಸ ಕೇಳಿ.",translated,
voice_agent.reply.no_results,I couldn't find any jobs for that nearby. Try another kind of work.,ಅದಕ್ಕೆ ಹತ್ತಿರದಲ್ಲಿ ಯಾವುದೇ ಕೆಲಸ ಸಿಗಲಿಲ್ಲ. ಬೇರೆ ಬಗೆಯ ಕೆಲಸವನ್ನು ಪ್ರಯತ್ನಿಸಿ.,translated,
voice_agent.reply.applied,Done — you've applied to {{job}}. The employer will see your application.,ಆಯಿತು — ನೀವು {{job}} ಗೆ ಅರ್ಜಿ ಹಾಕಿದ್ದೀರಿ. ಉದ್ಯೋಗದಾತ ನಿಮ್ಮ ಅರ್ಜಿಯನ್ನು ನೋಡುತ್ತಾರೆ.,translated,
voice_agent.reply.already_applied,You had already applied to {{job}}. Try another job.,ನೀವು ಈಗಾಗಲೇ {{job}} ಗೆ ಅರ್ಜಿ ಹಾಕಿದ್ದೀರಿ. ಬೇರೆ ಕೆಲಸವನ್ನು ಪ್ರಯತ್ನಿಸಿ.,translated,
voice_agent.reply.apply_failed,"Sorry, I couldn't send that application. Please open the job and apply from there.","ಕ್ಷಮಿಸಿ, ಆ ಅರ್ಜಿಯನ್ನು ಕಳುಹಿಸಲಾಗಲಿಲ್ಲ. ಕೆಲಸವನ್ನು ತೆರೆದು ಅಲ್ಲಿಂದ ಅರ್ಜಿ ಹಾಕಿ.",translated,
voice_agent.reply.need_search_first,"Search for a job first, then say 'apply to the first one'.","ಮೊದಲು ಒಂದು ಕೆಲಸವನ್ನು ಹುಡುಕಿ, ನಂತರ 'ಮೊದಲನೆಯದಕ್ಕೆ ಅರ್ಜಿ ಹಾಕಿ' ಎಂದು ಹೇಳಿ.",translated,
voice_agent.reply.help,"You can say things like 'driver jobs near me', 'apply to the first one', 'when is my interview', or 'read my messages'.","ನೀವು ಹೀಗೆ ಹೇಳಬಹುದು — 'ನನ್ನ ಹತ್ತಿರ ಡ್ರೈವರ್ ಕೆಲಸ', ಅಥವಾ 'ಮೊದಲನೆಯದಕ್ಕೆ ಅರ್ಜಿ ಹಾಕಿ'. ನೀವು ಯಾವ ಕೆಲಸ ಹುಡುಕುತ್ತಿದ್ದೀರಿ?",translated,
voice_agent.reply.not_understood,"Sorry, I didn't catch that. Please say it again.","ಕ್ಷಮಿಸಿ, ಅರ್ಥವಾಗಲಿಲ್ಲ. ಮತ್ತೆ ಹೇಳಿ.",translated,
voice_agent.reply.nothing_to_repeat,There's nothing to repeat yet. Tell me what work you're looking for.,ಈಗ ಪುನಃ ಹೇಳಲು ಏನೂ ಇಲ್ಲ. ನೀವು ಯಾವ ಕೆಲಸ ಹುಡುಕುತ್ತಿದ್ದೀರಿ ಎಂದು ಹೇಳಿ.,translated,
voice_agent.reply.error,"Sorry, something went wrong. Check your connection and try again.","ಕ್ಷಮಿಸಿ, ಏನೋ ತಪ್ಪಾಗಿದೆ. ನಿಮ್ಮ ಸಂಪರ್ಕವನ್ನು ಪರಿಶೀಲಿಸಿ ಮತ್ತೆ ಪ್ರಯತ್ನಿಸಿ.",translated,
voice_agent.reply.interview_upcoming,"You have an interview for {{job}} with {{employer}}, {{when}}.",,MISSING — needs translation,
voice_agent.reply.interview_none,You don't have any interviews scheduled right now.,,MISSING — needs translation,
voice_agent.reply.messages_one,{{sender}} said: {{body}},,MISSING — needs translation,
voice_agent.reply.messages_many,You have {{count}} recent messages. {{sender}} said: {{body}},,MISSING — needs translation,
voice_agent.reply.no_messages,You don't have any new messages from employers.,,MISSING — needs translation,
hire_share.brand,DOONDO,DOONDO,translated,
hire_share.fallback_role,New role,ಹೊಸ ಕೆಲಸ,translated,
hire_share.fallback_employer,Doondo employer,ಡೂಂಡೋ ಉದ್ಯೋಗದಾತ,translated,
hire_share.fallback_city,Nearby,ಹತ್ತಿರ,translated,
hire_share.fallback_role_caption,a new role,ಹೊಸ ಕೆಲಸ,translated,
hire_share.fallback_employer_caption,an employer nearby,ಹತ್ತಿರದ ಉದ್ಯೋಗದಾತ,translated,
hire_share.employer_verified,Verified employer,ಪರಿಶೀಲಿತ ಉದ್ಯೋಗದಾತ,translated,
hire_share.employer_on_doondo,Employer on Doondo,ಡೂಂಡೋ ಮೇಲೆ ಉದ್ಯೋಗದಾತ,translated,
hire_share.hired_by,HIRED BY,ಕೆಲಸ ನೀಡಿದವರು,translated,
hire_share.title,I got hired.,ನನಗೆ ಕೆಲಸ ಸಿಕ್ಕಿತು.,translated,
hire_share.subtitle,{{name}} just landed {{role}} with {{employer}}.,{{name}} ಅವರಿಗೆ {{employer}} ನಲ್ಲಿ {{role}} ಕೆಲಸ ಸಿಕ್ಕಿತು.,translated,
hire_share.role,ROLE,ಪಾತ್ರ,translated,
hire_share.pay,PAY,ವೇತನ,translated,
hire_share.city,CITY,ನಗರ,translated,
hire_share.moment,MOMENT,ಈ ಕ್ಷಣ,translated,
hire_share.worker,WORKER,ಕಾರ್ಮಿಕ,translated,
hire_share.date,DATE,ದಿನಾಂಕ,translated,
hire_share.member_since,MEMBER SINCE,ಸದಸ್ಯರಾದದ್ದು,translated,
hire_share.pay_confirmed,Pay confirmed,ವೇತನ ದೃಢವಾಗಿದೆ,translated,
hire_share.starts_label,STARTS,ಆರಂಭ,translated,
hire_share.starts_today_at,"Starts today, {{time}}","ಇಂದು ಆರಂಭ, {{time}}",translated,
hire_share.starts_tomorrow_at,"Starts tomorrow, {{time}}","ನಾಳೆ ಆರಂಭ, {{time}}",translated,
hire_share.starts_on_at,"Starts {{day}}, {{time}}","{{day}} ಆರಂಭ, {{time}}",translated,
hire_share.starts_time_only,Starts at {{time}},{{time}}ಕ್ಕೆ ಆರಂಭ,translated,
hire_share.trust_label,TRUST,ನಂಬಿಕೆ,translated,
hire_share.verified,Verified,ಪರಿಶೀಲಿತ,translated,
hire_share.profile_label,PROFILE,ಪ್ರೊಫೈಲ್,translated,
hire_share.rating_label,RATING,ರೇಟಿಂಗ್,translated,
hire_share.streak_label,STREAK,ಲಯ,translated,
hire_share.streak_value,{{count}} days,{{count}} ದಿನಗಳು,translated,
hire_share.recently,Recently,ಇತ್ತೀಚೆಗೆ,translated,
hire_share.celebration_title,You got hired.,ನಿಮಗೆ ಕೆಲಸ ಸಿಕ್ಕಿತು.,translated,
hire_share.celebration_title_with_role,You got hired as {{role}}.,ನಿಮಗೆ {{role}} ಕೆಲಸ ಸಿಕ್ಕಿತು.,translated,
hire_share.celebration_subtitle,"This is the moment worth remembering. Share it, save the details, and walk into the shift feeling chosen.","ಇದು ನೆನಪಿಡಬೇಕಾದ ಕ್ಷಣ. ಇದನ್ನು ಹಂಚಿಕೊಳ್ಳಿ, ಉಳಿಸಿ, ಮತ್ತು ಮುಂದಿನ ಹೆಜ್ಜೆಗೆ ಆತ್ಮವಿಶ್ವಾಸದಿಂದ ಹೋಗಿ.",translated,
hire_share.employer_confirmed,Employer confirmed,ಉದ್ಯೋಗದಾತ ದೃಢಪಡಿಸಿದ್ದಾರೆ,translated,
hire_share.work_details_ready,Work details ready,ಕೆಲಸದ ವಿವರಗಳು ಸಿದ್ಧ,translated,
hire_share.share_title,I got hired on Doondo,ನನಗೆ Doondo ನಲ್ಲಿ ಕೆಲಸ ಸಿಕ್ಕಿತು,translated,
hire_share.share_variant_title,Choose a share format,ಹಂಚುವ ರೂಪವನ್ನು ಆಯ್ಕೆಮಾಡಿ,translated,
hire_share.share_variant_body,"Use a story poster for Status, or a square poster for chat sharing.","Statusಗಾಗಿ story poster ಆಯ್ಕೆಮಾಡಿ, ಅಥವಾ chat ಹಂಚಿಕೆಗೆ square poster ಆಯ್ಕೆಮಾಡಿ.",translated,
hire_share.share_variant_story,Share to Status,Statusಗೆ ಹಂಚಿ,translated,
hire_share.share_variant_square,Share in Chat,Chatಗೆ ಹಂಚಿ,translated,
hire_share.save_variant_title,Choose a poster size,ಪೋಸ್ಟರ್ ಗಾತ್ರವನ್ನು ಆಯ್ಕೆಮಾಡಿ,translated,
hire_share.save_variant_body,Pick the poster size you want to save to Photos.,Photosಗೆ ಉಳಿಸಬೇಕಾದ ಪೋಸ್ಟರ್ ಗಾತ್ರವನ್ನು ಆಯ್ಕೆಮಾಡಿ.,translated,
hire_share.share_tone_title,Choose a card style,ಕಾರ್ಡ್ ಶೈಲಿಯನ್ನು ಆಯ್ಕೆಮಾಡಿ,translated,
hire_share.share_tone_body,Pick the version that fits where you're sending it.,ನೀವು ಕಳುಹಿಸುವ ಸ್ಥಳಕ್ಕೆ ಸರಿಹೊಂದುವ ರೂಪವನ್ನು ಆಯ್ಕೆಮಾಡಿ.,translated,
hire_share.share_tone_proud,Proud,ಹೆಮ್ಮೆ,translated,
hire_share.share_tone_professional,Professional,ವೃತ್ತಿಪರ,translated,
hire_share.share_tone_family,Family-safe,ಕುಟುಂಬಕ್ಕೆ ಸುರಕ್ಷಿತ,translated,
hire_share.save_to_photos,Save to Photos,Photosಗೆ ಉಳಿಸಿ,translated,
hire_share.share_caption,I got hired on Doondo as {{role}} with {{employer}}.,ನನಗೆ Doondo ನಲ್ಲಿ {{employer}} ಜೊತೆ {{role}} ಕೆಲಸ ಸಿಕ್ಕಿತು.,translated,
hire_share.share_caption_with_area,I got hired on Doondo as {{role}} with {{employer}} in {{area}}.,ನನಗೆ Doondo ನಲ್ಲಿ {{area}} ನಲ್ಲಿ {{employer}} ಜೊತೆ {{role}} ಕೆಲಸ ಸಿಕ್ಕಿತು.,translated,
hire_share.share_caption_professional,{{name}} was hired on Doondo as {{role}} with {{employer}}.,{{name}} ಅವರಿಗೆ Doondoನಲ್ಲಿ {{employer}} ಜೊತೆ {{role}} ಕೆಲಸ ಸಿಕ್ಕಿದೆ.,translated,
hire_share.share_caption_professional_with_area,{{name}} was hired on Doondo as {{role}} with {{employer}} in {{area}}.,{{name}} ಅವರಿಗೆ Doondoನಲ್ಲಿ {{area}} ನಲ್ಲಿ {{employer}} ಜೊತೆ {{role}} ಕೆಲಸ ಸಿಕ್ಕಿದೆ.,translated,
hire_share.share_caption_family,Good news: {{name}} got hired on Doondo as {{role}} with {{employer}}.,ಶುಭ ಸುದ್ದಿ: {{name}} ಅವರಿಗೆ Doondoನಲ್ಲಿ {{employer}} ಜೊತೆ {{role}} ಕೆಲಸ ಸಿಕ್ಕಿದೆ.,translated,
hire_share.share_caption_family_with_area,Good news: {{name}} got hired on Doondo as {{role}} with {{employer}} in {{area}}.,ಶುಭ ಸುದ್ದಿ: {{name}} ಅವರಿಗೆ Doondoನಲ್ಲಿ {{area}} ನಲ್ಲಿ {{employer}} ಜೊತೆ {{role}} ಕೆಲಸ ಸಿಕ್ಕಿದೆ.,translated,
hire_share.caption_copied_title,Caption copied,ಕ್ಯಾಪ್ಶನ್ ನಕಲಿಸಲಾಗಿದೆ,translated,
hire_share.caption_copied_body,"Your share caption is copied and ready to paste into WhatsApp, Status, or any story app.","ನಿಮ್ಮ ಕ್ಯಾಪ್ಶನ್ ನಕಲಿಸಲಾಗಿದೆ. ಅದನ್ನು ಈಗ WhatsApp, Status ಅಥವಾ story app ನಲ್ಲಿ ಅಂಟಿಸಬಹುದು.",translated,
hire_share.save_success_title,Poster saved,ಪೋಸ್ಟರ್ ಉಳಿಸಲಾಗಿದೆ,translated,
hire_share.save_success_body,Your hire poster is now saved in Photos.,ನಿಮ್ಮ hire poster ಈಗ Photos ನಲ್ಲಿ ಉಳಿಸಲಾಗಿದೆ.,translated,
hire_share.save_permission_title,Photos permission needed,Photos ಅನುಮತಿ ಬೇಕು,translated,
hire_share.save_permission_body,Allow photo library access to save this poster to your gallery.,ಈ poster ಅನ್ನು galleryಗೆ ಉಳಿಸಲು photo library access ನೀಡಿ.,translated,
hire_share.save_error_title,Couldn't save poster,ಪೋಸ್ಟರ್ ಉಳಿಸಲಾಗಲಿಲ್ಲ,translated,
hire_share.save_error_body,Please try again in a moment.,ದಯವಿಟ್ಟು ಸ್ವಲ್ಪ ಸಮಯದ ನಂತರ ಮತ್ತೆ ಪ್ರಯತ್ನಿಸಿ.,translated,
hire_share.notify_family,Notify family,ಕುಟುಂಬಕ್ಕೆ ತಿಳಿಸಿ,translated,
hire_share.notify_family_empty_title,Add your Trust Circle first,ಮೊದಲು ನಿಮ್ಮ Trust Circle ಸೇರಿಸಿ,translated,
hire_share.notify_family_empty_body,Save a family member or trusted contact in Trust Circle to share this hiring moment by SMS.,ಈ ಕೆಲಸದ ಸಂತೋಷವನ್ನು SMS ಮೂಲಕ ಹಂಚಲು Trust Circleನಲ್ಲಿ ಕುಟುಂಬದವರು ಅಥವಾ ನಂಬಿಕೆಯ ಸಂಪರ್ಕವನ್ನು ಉಳಿಸಿ.,translated,
hire_share.notify_family_error_title,Couldn't open SMS,SMS ತೆರೆಯಲಾಗಲಿಲ್ಲ,translated,
hire_share.notify_family_error_body,Please try again or contact your family directly.,ದಯವಿಟ್ಟು ಮತ್ತೆ ಪ್ರಯತ್ನಿಸಿ ಅಥವಾ ನಿಮ್ಮ ಕುಟುಂಬವನ್ನು ನೇರವಾಗಿ ಸಂಪರ್ಕಿಸಿ.,translated,
hire_share.notify_family_name_fallback,Your family member,ನಿಮ್ಮ ಮನೆಯವರು,translated,
hire_share.notify_family_message,{{name}} just got hired on Doondo as {{role}} with {{employer}}.,{{name}} ಅವರಿಗೆ Doondoನಲ್ಲಿ {{employer}} ಜೊತೆ {{role}} ಕೆಲಸ ಸಿಕ್ಕಿದೆ.,translated,
hire_share.notify_family_message_with_area,{{name}} just got hired on Doondo as {{role}} with {{employer}} in {{area}}.,{{name}} ಅವರಿಗೆ Doondoನಲ್ಲಿ {{area}} ನಲ್ಲಿ {{employer}} ಜೊತೆ {{role}} ಕೆಲಸ ಸಿಕ್ಕಿದೆ.,translated,
hire_share.tone.proud.brand,DOONDO,DOONDO,translated,
hire_share.tone.proud.eyebrow,PROUD MOMENT,ಹೆಮ್ಮೆಯ ಕ್ಷಣ,translated,
hire_share.tone.proud.moment_copy,"A better job, a stronger week, and one more reason to keep going.","ಉತ್ತಮ ಕೆಲಸ, ಬಲವಾದ ವಾರ, ಮತ್ತು ಮುಂದುವರಿಯಲು ಇನ್ನೊಂದು ಕಾರಣ.",translated,
hire_share.tone.professional.brand,DOONDO VERIFIED,DOONDO VERIFIED,translated,
hire_share.tone.professional.eyebrow,WORK UPDATE,ಕೆಲಸದ ಅಪ್ಡೇಟ್,translated,
hire_share.tone.professional.title,Now hired as {{role}}.,ಈಗ {{role}} ಆಗಿ ಹೈರ್ ಆಗಿದ್ದಾರೆ.,translated,
hire_share.tone.professional.subtitle,{{name}} is ready to start with {{employer}}.,{{name}} ಅವರು ಈಗ {{employer}} ಜೊತೆ ಕೆಲಸ ಆರಂಭಿಸಲು ಸಿದ್ಧರಾಗಿದ್ದಾರೆ.,translated,
hire_share.tone.professional.moment_label,READY,ಸಿದ್ಧ,translated,
hire_share.tone.professional.moment_copy,"Verified effort, real work history, and trust signals helped secure this role.","ಪರಿಶೀಲಿತ ಪರಿಶ್ರಮ, ನಿಜವಾದ ಕೆಲಸದ ಇತಿಹಾಸ ಮತ್ತು ನಂಬಿಕೆಯ ಸಂಕೇತಗಳು ಈ ಪಾತ್ರವನ್ನು ತಂದವು.",translated,
hire_share.tone.family.brand,GOOD NEWS,ಶುಭ ಸುದ್ದಿ,translated,
hire_share.tone.family.eyebrow,HOME UPDATE,ಮನೆಯ ಸುದ್ದಿ,translated,
hire_share.tone.family.title,Good news from work.,ಕೆಲಸದಿಂದ ಒಳ್ಳೆಯ ಸುದ್ದಿ.,translated,
hire_share.tone.family.subtitle,{{name}} has been hired for {{role}} with {{employer}}.,{{name}} ಅವರಿಗೆ {{employer}} ಜೊತೆ {{role}} ಕೆಲಸ ಸಿಕ್ಕಿದೆ.,translated,
hire_share.tone.family.moment_label,NEXT STEP,ಮುಂದಿನ ಹೆಜ್ಜೆ,translated,
hire_share.tone.family.moment_copy,The job is confirmed and the next work details are ready.,ಕೆಲಸ ದೃಢವಾಗಿದೆ ಮತ್ತು ಮುಂದಿನ ವಿವರಗಳು ಸಿದ್ಧವಾಗಿವೆ.,translated,
hire_share.theme.kitchen.eyebrow,KITCHEN WIN,ಅಡುಗೆ ಜಯ,translated,
hire_share.theme.kitchen.moment,"From prep to service, the work spoke for itself and the next shift just got brighter.","ತಯಾರಿಯಿಂದ ಬಡಿಸುವವರೆಗೂ, ಕೆಲಸವೇ ಮಾತಾಡಿತು ಮತ್ತು ಮುಂದಿನ ಶಿಫ್ಟ್ ಇನ್ನಷ್ಟು ಬೆಳಗಿತು.",translated,
hire_share.theme.driver.eyebrow,ON THE MOVE,ರಸ್ತೆಯಲ್ಲಿ ಮುಂದೆ,translated,
hire_share.theme.driver.moment,"A new route, steadier earnings, and a stronger road ahead starting now.","ಹೊಸ ರೂಟ್, ಸ್ಥಿರ ಆದಾಯ, ಮತ್ತು ಮುಂದೆ ಹೋಗುವ ದಾರಿ ಈಗ ಇನ್ನಷ್ಟು ಬಲವಾಗಿದೆ.",translated,
hire_share.theme.trade.eyebrow,TRADE POWER,ಟ್ರೇಡ್ ಶಕ್ತಿ,translated,
hire_share.theme.trade.moment,"Hands-on skill turned into real momentum, with better work and better trust unlocked.","ಕೈಕೆಲಸದ ಕೌಶಲ್ಯ ಈಗ ನಿಜವಾದ ಮುನ್ನಡೆಯಾಗಿ ಮಾರ್ಪಟ್ಟಿದೆ, ಉತ್ತಮ ಕೆಲಸ ಮತ್ತು ಹೆಚ್ಚು ನಂಬಿಕೆಯೊಂದಿಗೆ.",translated,
hire_share.theme.craft.eyebrow,CRAFT SHINES,ಕಲೆ ಹೊಳೆಯಿತು,translated,
hire_share.theme.craft.moment,"Creative work just turned into a paid step up, with your style doing the talking.","ಸೃಜನಾತ್ಮಕ ಕೆಲಸ ಈಗ ಆದಾಯ ನೀಡುವ ಮುಂದಿನ ಹೆಜ್ಜೆಯಾಗಿದೆ, ನಿಮ್ಮ ಶೈಲಿಯೇ ಮಾತನಾಡಿದೆ.",translated,
hire_share.theme.default.eyebrow,HIRED,ಕೆಲಸ ಸಿಕ್ಕಿತು,translated,
hire_share.theme.default.moment,"A better job, a stronger week, and one more reason to keep going.","ಉತ್ತಮ ಕೆಲಸ, ಬಲವಾದ ವಾರ, ಮತ್ತು ಮುಂದುವರಿಯಲು ಇನ್ನೊಂದು ಕಾರಣ.",translated,
women.back,Back,ಹಿಂದೆ,translated,
women.hub_title,Doondo for Women,ಮಹಿಳೆಯರಿಗಾಗಿ ದೂಂಡೋ,translated,
women.intro_title,A safer way to find work,ಕೆಲಸ ಹುಡುಕಲು ಸುರಕ್ಷಿತ ಮಾರ್ಗ,translated,
women.intro_body,"Doondo for Women helps you find workplaces that have thought about your safety — separate facilities, day shifts, safe transport and more.","ಮಹಿಳೆಯರಿಗಾಗಿ ದೂಂಡೋ, ನಿಮ್ಮ ಸುರಕ್ಷತೆಯ ಬಗ್ಗೆ ಯೋಚಿಸಿರುವ ಕೆಲಸದ ಸ್ಥಳಗಳನ್ನು ಹುಡುಕಲು ಸಹಾಯ ಮಾಡುತ್ತದೆ — ಪ್ರತ್ಯೇಕ ಸೌಲಭ್ಯಗಳು, ಹಗಲು ಶಿಫ್ಟ್, ಸುರಕ್ಷಿತ ಪ್ರಯಾಣ ಮತ್ತು ಹೆಚ್ಚು.",translated,
women.mode_title,Women's Mode,ಮಹಿಳಾ ಮೋಡ್,translated,
women.mode_desc,Show only women-safe jobs across the app. You can turn this off any time.,ಆ್ಯಪ್ ಪೂರ್ತಿ ಮಹಿಳೆಯರಿಗೆ ಸುರಕ್ಷಿತ ಕೆಲಸಗಳನ್ನು ಮಾತ್ರ ತೋರಿಸಿ. ಇದನ್ನು ಯಾವಾಗ ಬೇಕಾದರೂ ಆಫ್ ಮಾಡಬಹುದು.,translated,
women.safe_jobs_title,Women-safe jobs near you,ನಿಮ್ಮ ಹತ್ತಿರ ಮಹಿಳೆಯರಿಗೆ ಸುರಕ್ಷಿತ ಕೆಲಸಗಳು,translated,
women.location_needed,Turn on location to see women-safe jobs near you.,ನಿಮ್ಮ ಹತ್ತಿರದ ಮಹಿಳೆಯರಿಗೆ ಸುರಕ್ಷಿತ ಕೆಲಸಗಳನ್ನು ನೋಡಲು ಲೊಕೇಶನ್ ಆನ್ ಮಾಡಿ.,translated,
women.safe_jobs_empty,No women-safe jobs nearby yet. Check back soon.,ಹತ್ತಿರದಲ್ಲಿ ಇನ್ನೂ ಮಹಿಳೆಯರಿಗೆ ಸುರಕ್ಷಿತ ಕೆಲಸಗಳಿಲ್ಲ. ಸ್ವಲ್ಪ ಸಮಯದ ನಂತರ ನೋಡಿ.,translated,
women.guidance_title,Staying safe at work,ಕೆಲಸದಲ್ಲಿ ಸುರಕ್ಷಿತವಾಗಿರುವುದು,translated,
women.tools_title,Safety tools,ಸುರಕ್ಷತಾ ಸಾಧನಗಳು,translated,
women.disclaimer,"These women-safety signals are declared by employers, not verified by Doondo. Trust your judgement.","ಈ ಮಹಿಳಾ-ಸುರಕ್ಷತಾ ಸಂಕೇತಗಳನ್ನು ಉದ್ಯೋಗದಾತರು ಘೋಷಿಸಿದ್ದಾರೆ, ದೂಂಡೋ ಪರಿಶೀಲಿಸಿಲ್ಲ. ನಿಮ್ಮ ವಿವೇಚನೆಯನ್ನು ನಂಬಿ.",translated,
women.badge_label,Women-safe,ಮಹಿಳೆಯರಿಗೆ ಸುರಕ್ಷಿತ,translated,
women.panel_title,For women workers,ಮಹಿಳಾ ಕಾರ್ಮಿಕರಿಗಾಗಿ,translated,
women.post_section,Women at work,ಕೆಲಸದಲ್ಲಿ ಮಹಿಳೆಯರು,translated,
women.post_hint,Tell women workers what your workplace offers. Each is optional — only tick what is true.,ನಿಮ್ಮ ಕೆಲಸದ ಸ್ಥಳ ಏನು ನೀಡುತ್ತದೆ ಎಂದು ಮಹಿಳಾ ಕಾರ್ಮಿಕರಿಗೆ ತಿಳಿಸಿ. ಪ್ರತಿಯೊಂದೂ ಐಚ್ಛಿಕ — ನಿಜವಾದದ್ದನ್ನು ಮಾತ್ರ ಗುರುತಿಸಿ.,translated,
women.menu_label,Doondo for Women,ಮಹಿಳೆಯರಿಗಾಗಿ ದೂಂಡೋ,translated,
women.menu_subtitle,"Women-safe jobs, safety tools and guidance","ಮಹಿಳೆಯರಿಗೆ ಸುರಕ್ಷಿತ ಕೆಲಸಗಳು, ಸುರಕ್ಷತಾ ಸಾಧನಗಳು, ಮಾರ್ಗದರ್ಶನ",translated,
women.tool_sos_label,Emergency SOS,ತುರ್ತು SOS,translated,
women.tool_sos_desc,Alert your Trust Circle and nearby helpers fast,ನಿಮ್ಮ ಟ್ರಸ್ಟ್ ಸರ್ಕಲ್ ಮತ್ತು ಹತ್ತಿರದ ಸಹಾಯಕರನ್ನು ಬೇಗ ಎಚ್ಚರಿಸಿ,translated,
women.tool_trust_circle_label,Trust Circle,ಟ್ರಸ್ಟ್ ಸರ್ಕಲ್,translated,
women.tool_trust_circle_desc,Pick the people who get your SOS alert,ನಿಮ್ಮ SOS ಎಚ್ಚರಿಕೆ ಯಾರಿಗೆ ತಲುಪಬೇಕು ಎಂದು ಆರಿಸಿ,translated,
women.signal.separateFacilities,"Separate, clean toilets and rest space for women","ಮಹಿಳೆಯರಿಗೆ ಪ್ರತ್ಯೇಕ, ಸ್ವಚ್ಛ ಶೌಚಾಲಯ ಮತ್ತು ವಿಶ್ರಾಂತಿ ಸ್ಥಳ",translated,
women.signal.womenOnTeam,Women already work in this role,ಈ ಕೆಲಸದಲ್ಲಿ ಈಗಾಗಲೇ ಮಹಿಳೆಯರು ಕೆಲಸ ಮಾಡುತ್ತಿದ್ದಾರೆ,translated,
women.signal.dayShiftOnly,Day shift only — no night work,ಹಗಲು ಶಿಫ್ಟ್ ಮಾತ್ರ — ರಾತ್ರಿ ಕೆಲಸವಿಲ್ಲ,translated,
women.signal.safeTransport,Transport provided or a safe commute,ಸಾರಿಗೆ ಒದಗಿಸಲಾಗಿದೆ ಅಥವಾ ಸುರಕ್ಷಿತ ಪ್ರಯಾಣ,translated,
women.signal.harassmentPolicy,Has a harassment-redressal process,ಕಿರುಕುಳ ದೂರು ಪರಿಹಾರ ಪ್ರಕ್ರಿಯೆ ಇದೆ,translated,
women.tip.know_rights_title,Know your rights,ನಿಮ್ಮ ಹಕ್ಕುಗಳನ್ನು ತಿಳಿಯಿರಿ,translated,
women.tip.know_rights_body,"Equal pay, a safe workplace and a harassment committee are your legal right. Asking about them is normal.","ಸಮಾನ ವೇತನ, ಸುರಕ್ಷಿತ ಕೆಲಸದ ಸ್ಥಳ, ಕಿರುಕುಳ ಸಮಿತಿ — ಇವು ನಿಮ್ಮ ಕಾನೂನು ಹಕ್ಕು. ಇವುಗಳ ಬಗ್ಗೆ ಕೇಳುವುದು ಸಹಜ.",translated,
women.tip.trusted_contact_title,Tell someone your plan,ನಿಮ್ಮ ಯೋಜನೆಯನ್ನು ಯಾರಿಗಾದರೂ ಹೇಳಿ,translated,
women.tip.trusted_contact_body,Share where you're working and your timings with a family member or friend you trust.,"ನೀವು ಎಲ್ಲಿ ಕೆಲಸ ಮಾಡುತ್ತಿದ್ದೀರಿ, ನಿಮ್ಮ ಸಮಯ ಏನು ಎಂಬುದನ್ನು ನಂಬಿಕೆಯ ಕುಟುಂಬ ಸದಸ್ಯ ಅಥವಾ ಸ್ನೇಹಿತರಿಗೆ ಹಂಚಿಕೊಳ್ಳಿ.",translated,
women.tip.safe_commute_title,Plan a safe commute,ಸುರಕ್ಷಿತ ಪ್ರಯಾಣವನ್ನು ಯೋಜಿಸಿ,translated,
women.tip.safe_commute_body,Prefer well-lit routes and busy hours. Note the workplace's address before your first day.,"ಚೆನ್ನಾಗಿ ಬೆಳಕಿರುವ ಮಾರ್ಗಗಳನ್ನು, ಜನದಟ್ಟಣೆಯ ಸಮಯವನ್ನು ಆರಿಸಿ. ಮೊದಲ ದಿನದ ಮೊದಲು ಕೆಲಸದ ಸ್ಥಳದ ವಿಳಾಸವನ್ನು ಗಮನಿಸಿ.",translated,
women.tip.trust_instincts_title,Trust your instincts,ನಿಮ್ಮ ಅಂತಃಪ್ರಜ್ಞೆಯನ್ನು ನಂಬಿ,translated,
women.tip.trust_instincts_body,"If a workplace feels unsafe, you can leave. Use SOS and your Trust Circle if you ever need help.","ಒಂದು ಕೆಲಸದ ಸ್ಥಳ ಅಸುರಕ್ಷಿತ ಎನಿಸಿದರೆ, ನೀವು ಹೊರಡಬಹುದು. ಸಹಾಯ ಬೇಕಿದ್ದರೆ SOS ಮತ್ತು ನಿಮ್ಮ ಟ್ರಸ್ಟ್ ಸರ್ಕಲ್ ಬಳಸಿ.",translated,
reels.back,Back,ಹಿಂದೆ,translated,
reels.contact_cta,Contact,,MISSING — needs translation,
reels.record_title,My intro reel,ನನ್ನ ಪರಿಚಯ ರೀಲ್,translated,
reels.intro_title,Record a 30-second intro,30 ಸೆಕೆಂಡ್ ಪರಿಚಯವನ್ನು ರೆಕಾರ್ಡ್ ಮಾಡಿ,translated,
reels.intro_body,"A short video lets employers see the real you — far more than a profile can. Speak naturally, like you would in person.","ಒಂದು ಚಿಕ್ಕ ವೀಡಿಯೊ, ಪ್ರೊಫೈಲ್‌ಗಿಂತ ಹೆಚ್ಚಾಗಿ ನಿಜವಾದ ನಿಮ್ಮನ್ನು ಉದ್ಯೋಗದಾತರಿಗೆ ತೋರಿಸುತ್ತದೆ. ಮುಖಾಮುಖಿ ಮಾತನಾಡುವಂತೆ ಸಹಜವಾಗಿ ಮಾತನಾಡಿ.",translated,
reels.tip_1,"Say your name, your trade and your years of experience","ನಿಮ್ಮ ಹೆಸರು, ನಿಮ್ಮ ಕೆಲಸ, ಎಷ್ಟು ವರ್ಷಗಳ ಅನುಭವ ಎಂದು ಹೇಳಿ",translated,
reels.tip_2,Find good light and a quiet spot — keep it under 30 seconds,ಒಳ್ಳೆಯ ಬೆಳಕು ಮತ್ತು ಶಾಂತ ಸ್ಥಳ ಆರಿಸಿ — 30 ಸೆಕೆಂಡ್‌ಗಳೊಳಗೆ ಇರಿಸಿ,translated,
reels.tip_3,End with the kind of work you're looking for,ನೀವು ಯಾವ ಕೆಲಸ ಹುಡುಕುತ್ತಿದ್ದೀರಿ ಎಂದು ಕೊನೆಯಲ್ಲಿ ಹೇಳಿ,translated,
reels.caption_label,Add a caption (optional),ಶೀರ್ಷಿಕೆ ಸೇರಿಸಿ (ಐಚ್ಛಿಕ),translated,
reels.caption_placeholder,"e.g. Electrician, 8 years, available now","ಉದಾ. ಎಲೆಕ್ಟ್ರಿಷಿಯನ್, 8 ವರ್ಷ, ಈಗ ಲಭ್ಯ",translated,
reels.upload,Upload reel,ರೀಲ್ ಅಪ್‌ಲೋಡ್ ಮಾಡಿ,translated,
reels.uploading,Uploading…,ಅಪ್‌ಲೋಡ್ ಆಗುತ್ತಿದೆ…,translated,
reels.retake,Retake,ಮತ್ತೆ ರೆಕಾರ್ಡ್ ಮಾಡಿ,translated,
reels.saved_note,Your reel is live — employers can see it in Hire Reels.,ನಿಮ್ಮ ರೀಲ್ ಲೈವ್ ಆಗಿದೆ — ಉದ್ಯೋಗದಾತರು ಹೈರ್ ರೀಲ್ಸ್‌ನಲ್ಲಿ ನೋಡಬಹುದು.,translated,
reels.record_again,Record again,ಮತ್ತೆ ರೆಕಾರ್ಡ್ ಮಾಡಿ,translated,
reels.remove,Remove reel,ರೀಲ್ ತೆಗೆದುಹಾಕಿ,translated,
reels.removing,Removing…,ತೆಗೆದುಹಾಕಲಾಗುತ್ತಿದೆ…,translated,
reels.record_camera,Record with camera,ಕ್ಯಾಮೆರಾದಿಂದ ರೆಕಾರ್ಡ್ ಮಾಡಿ,translated,
reels.choose_gallery,Choose from gallery,ಗ್ಯಾಲರಿಯಿಂದ ಆರಿಸಿ,translated,
reels.capture_failed,Couldn't capture the video. Please try again.,ವೀಡಿಯೊವನ್ನು ಸೆರೆಹಿಡಿಯಲಾಗಲಿಲ್ಲ. ಮತ್ತೆ ಪ್ರಯತ್ನಿಸಿ.,translated,
reels.error_generic,Something went wrong. Please try again.,ಏನೋ ತಪ್ಪಾಗಿದೆ. ಮತ್ತೆ ಪ್ರಯತ್ನಿಸಿ.,translated,
reels.feed_worker_fallback,Doondo worker,ದೂಂಡೋ ಕಾರ್ಮಿಕ,translated,
reels.feed_empty_title,No reels yet,ಇನ್ನೂ ರೀಲ್‌ಗಳಿಲ್ಲ,translated,
reels.feed_empty_body,Worker intro reels will appear here as people record them. Check back soon.,ಜನರು ರೆಕಾರ್ಡ್ ಮಾಡಿದಂತೆ ಕಾರ್ಮಿಕರ ಪರಿಚಯ ರೀಲ್‌ಗಳು ಇಲ್ಲಿ ಕಾಣಿಸುತ್ತವೆ. ಸ್ವಲ್ಪ ಸಮಯದ ನಂತರ ನೋಡಿ.,translated,
reels.feed_title,Hire Reels,ಹೈರ್ ರೀಲ್ಸ್,translated,
reels.feed_card_title,Discover talent in reels,ರೀಲ್‌ಗಳಲ್ಲಿ ಪ್ರತಿಭೆಯನ್ನು ಕಂಡುಕೊಳ್ಳಿ,translated,
reels.feed_card_subtitle,Swipe through worker intro videos,ಕಾರ್ಮಿಕರ ಪರಿಚಯ ವೀಡಿಯೊಗಳನ್ನು ಸ್ವೈಪ್ ಮಾಡಿ,translated,
reels.menu_label,My intro reel,ನನ್ನ ಪರಿಚಯ ರೀಲ್,translated,
reels.menu_subtitle,Record a short video for employers,ಉದ್ಯೋಗದಾತರಿಗಾಗಿ ಒಂದು ಚಿಕ್ಕ ವೀಡಿಯೊ ರೆಕಾರ್ಡ್ ಮಾಡಿ,translated,
reels.video_unavailable_title,Video unavailable,ವೀಡಿಯೊ ಲಭ್ಯವಿಲ್ಲ,translated,
reels.video_unavailable_body,This reel couldn't be loaded right now.,ಈ ರೀಲ್ ಈಗ ಲೋಡ್ ಆಗಲಿಲ್ಲ.,translated,
reels.video_loading,Loading reel…,ರೀಲ್ ಲೋಡ್ ಆಗುತ್ತಿದೆ…,translated,
smart_resume.card_title,Smart Resume,ಸ್ಮಾರ್ಟ್ ರೆಸ್ಯೂಮ್,translated,
smart_resume.card_body,"Get an AI-tailored version of your resume for this job — your skills and experience, retold to fit.","ಈ ಕೆಲಸಕ್ಕಾಗಿ ನಿಮ್ಮ ರೆಸ್ಯೂಮ್‌ನ AI-ಹೊಂದಿಸಿದ ಆವೃತ್ತಿಯನ್ನು ಪಡೆಯಿರಿ — ನಿಮ್ಮ ಕೌಶಲ್ಯ ಮತ್ತು ಅನುಭವ, ಈ ಕೆಲಸಕ್ಕೆ ತಕ್ಕಂತೆ.",translated,
smart_resume.card_cta,Tailor my resume for this job,ಈ ಕೆಲಸಕ್ಕಾಗಿ ನನ್ನ ರೆಸ್ಯೂಮ್ ಸಿದ್ಧಪಡಿಸಿ,translated,
smart_resume.back,Back,ಹಿಂದೆ,translated,
smart_resume.title,Smart Resume,ಸ್ಮಾರ್ಟ್ ರೆಸ್ಯೂಮ್,translated,
smart_resume.for_job,Tailored for: {{job}},ಇದಕ್ಕಾಗಿ ಸಿದ್ಧಪಡಿಸಲಾಗಿದೆ: {{job}},translated,
smart_resume.loading,Tailoring your resume…,ನಿಮ್ಮ ರೆಸ್ಯೂಮ್ ಸಿದ್ಧಪಡಿಸಲಾಗುತ್ತಿದೆ…,translated,
smart_resume.error,Could not tailor your resume right now. Please try again.,ಈಗ ನಿಮ್ಮ ರೆಸ್ಯೂಮ್ ಸಿದ್ಧಪಡಿಸಲಾಗಲಿಲ್ಲ. ದಯವಿಟ್ಟು ಮತ್ತೆ ಪ್ರಯತ್ನಿಸಿ.,translated,
smart_resume.retry,Try again,ಮತ್ತೆ ಪ್ರಯತ್ನಿಸಿ,translated,
smart_resume.pitch_label,WHY YOU FIT,ನೀವು ಏಕೆ ಸೂಕ್ತ,translated,
smart_resume.summary_label,Your summary,ನಿಮ್ಮ ಸಾರಾಂಶ,translated,
smart_resume.skills_label,Your skills for this job,ಈ ಕೆಲಸಕ್ಕಾಗಿ ನಿಮ್ಮ ಕೌಶಲ್ಯಗಳು,translated,
smart_resume.skills_hint,Ordered most-relevant first. ✓ means this job asked for it.,ಹೆಚ್ಚು ಸೂಕ್ತವಾದವು ಮೊದಲು. ✓ ಎಂದರೆ ಈ ಕೆಲಸ ಇದನ್ನು ಕೇಳಿದೆ.,translated,
smart_resume.experience_label,"Your experience, retold","ನಿಮ್ಮ ಅನುಭವ, ಮರು ವಿವರಿಸಲಾಗಿದೆ",translated,
smart_resume.save_cta,Save summary to my profile,ಸಾರಾಂಶವನ್ನು ನನ್ನ ಪ್ರೊಫೈಲ್‌ಗೆ ಉಳಿಸಿ,translated,
smart_resume.saved,Saved to your profile,ನಿಮ್ಮ ಪ್ರೊಫೈಲ್‌ಗೆ ಉಳಿಸಲಾಗಿದೆ,translated,
smart_resume.save_hint,Updates the bio on your Doondo profile.,ನಿಮ್ಮ ಡೂಂಡೋ ಪ್ರೊಫೈಲ್‌ನ ಬಯೋ ನವೀಕರಿಸುತ್ತದೆ.,translated,
smart_resume.done,Done,ಮುಗಿದಿದೆ,translated,
smart_resume.summary_edit_hint,Edit it to sound like you,ಅದನ್ನು ನಿಮ್ಮ ಶೈಲಿಗೆ ಸಂಪಾದಿಸಿ,translated,
smart_resume.before_label,Your current profile summary,ನಿಮ್ಮ ಪ್ರಸ್ತುತ ಪ್ರೊಫೈಲ್ ಸಾರಾಂಶ,translated,
smart_resume.listen,Listen,ಕೇಳಿ,translated,
smart_resume.stop,Stop,ನಿಲ್ಲಿಸಿ,translated,
smart_resume.gap_label,Skills to build for this job,ಈ ಕೆಲಸಕ್ಕಾಗಿ ಕಲಿಯಬೇಕಾದ ಕೌಶಲ್ಯಗಳು,translated,
smart_resume.gap_hint,This job asks for these — a short course closes the gap.,ಈ ಕೆಲಸ ಇವುಗಳನ್ನು ಕೇಳುತ್ತದೆ — ಒಂದು ಸಣ್ಣ ಕೋರ್ಸ್ ಕೊರತೆಯನ್ನು ತುಂಬುತ್ತದೆ.,translated,
smart_resume.gap_cta,Find a course,ಕೋರ್ಸ್ ಹುಡುಕಿ,translated,
smart_resume.step_reading,Reading the job,ಕೆಲಸವನ್ನು ಓದಲಾಗುತ್ತಿದೆ,translated,
smart_resume.step_matching,Matching your skills,ನಿಮ್ಮ ಕೌಶಲ್ಯಗಳನ್ನು ಹೊಂದಿಸಲಾಗುತ್ತಿದೆ,translated,
smart_resume.step_writing,Writing your summary,ನಿಮ್ಮ ಸಾರಾಂಶವನ್ನು ಬರೆಯಲಾಗುತ್ತಿದೆ,translated,
smart_resume.save_job_cta,Save for this job,ಈ ಕೆಲಸಕ್ಕಾಗಿ ಉಳಿಸಿ,translated,
smart_resume.saved_for_job,Saved — the employer will see this,ಉಳಿಸಲಾಗಿದೆ — ಉದ್ಯೋಗದಾತ ಇದನ್ನು ನೋಡುತ್ತಾರೆ,translated,
smart_resume.save_job_hint,Saved for this job; attached when you apply.,ಈ ಕೆಲಸಕ್ಕಾಗಿ ಉಳಿಸಲಾಗಿದೆ; ಅರ್ಜಿ ಸಲ್ಲಿಸುವಾಗ ಲಗತ್ತಿಸಲಾಗುತ್ತದೆ.,translated,
festival.greeting,Happy {{festival}}!,{{festival}} ಶುಭಾಶಯಗಳು!,translated,
festival.banner_sub,Festival hiring is up — see jobs picked for the season.,ಹಬ್ಬದ ನೇಮಕಾತಿ ಹೆಚ್ಚಿದೆ — ಈ ಋತುವಿನ ಕೆಲಸಗಳನ್ನು ನೋಡಿ.,translated,
festival.banner_cta,See jobs,ಕೆಲಸಗಳನ್ನು ನೋಡಿ,translated,
festival.board_title,{{festival}} jobs,{{festival}} ಕೆಲಸಗಳು,translated,
festival.board_title_generic,Festival jobs,ಹಬ್ಬದ ಕೆಲಸಗಳು,translated,
festival.board_sub,Trades that hire most this festival season.,ಈ ಹಬ್ಬದ ಋತುವಿನಲ್ಲಿ ಹೆಚ್ಚು ನೇಮಕಾತಿಯಾಗುವ ಕೆಲಸಗಳು.,translated,
festival.board_empty,No festival jobs near you yet — check back soon.,ನಿಮ್ಮ ಹತ್ತಿರ ಇನ್ನೂ ಹಬ್ಬದ ಕೆಲಸಗಳಿಲ್ಲ — ಶೀಘ್ರದಲ್ಲೇ ಮತ್ತೆ ನೋಡಿ.,translated,
festival.none_active,No festival is on right now. Come back during the season!,ಈಗ ಯಾವುದೇ ಹಬ್ಬವಿಲ್ಲ. ಋತುವಿನಲ್ಲಿ ಮತ್ತೆ ಬನ್ನಿ!,translated,
festival.need_location,Set your location to see festival jobs near you.,ಹತ್ತಿರದ ಹಬ್ಬದ ಕೆಲಸಗಳನ್ನು ನೋಡಲು ನಿಮ್ಮ ಸ್ಥಳವನ್ನು ಹೊಂದಿಸಿ.,translated,
festival.tag,Festival pick,ಹಬ್ಬದ ಆಯ್ಕೆ,translated,
festival.celebration,Hired during {{festival}}!,{{festival}} ಸಮಯದಲ್ಲಿ ಆಯ್ಕೆಯಾಗಿದ್ದೀರಿ!,translated,
festival.countdown,{{festival}} in {{days}} days,{{festival}} {{days}} ದಿನಗಳಲ್ಲಿ,translated,
festival.countdown_sub,Festival hiring is starting — get in early.,ಹಬ್ಬದ ನೇಮಕಾತಿ ಆರಂಭವಾಗುತ್ತಿದೆ — ಮೊದಲೇ ಸೇರಿ.,translated,
festival.board_count,{{count}} festival jobs near you,{{count}} ಹಬ್ಬದ ಕೆಲಸಗಳು ನಿಮ್ಮ ಹತ್ತಿರ,translated,
festival.urgent,Urgent,ತುರ್ತು,translated,
score_qr.back,Back,ಹಿಂದೆ,translated,
score_qr.title,Score QR code,ಸ್ಕೋರ್ QR ಕೋಡ್,translated,
score_qr.subtitle,"Your verified Doondo Score, ready to share.","ನಿಮ್ಮ ಪರಿಶೀಲಿತ ಡೂಂಡೋ ಸ್ಕೋರ್, ಹಂಚಿಕೊಳ್ಳಲು ಸಿದ್ಧ.",translated,
score_qr.error,Could not create your score QR right now. Please try again.,ಈಗ ನಿಮ್ಮ ಸ್ಕೋರ್ QR ರಚಿಸಲಾಗಲಿಲ್ಲ. ದಯವಿಟ್ಟು ಮತ್ತೆ ಪ್ರಯತ್ನಿಸಿ.,translated,
score_qr.retry,Try again,ಮತ್ತೆ ಪ್ರಯತ್ನಿಸಿ,translated,
score_qr.score_label,DOONDO SCORE / 100,ಡೂಂಡೋ ಸ್ಕೋರ್ / 100,translated,
score_qr.scan_hint,Anyone can scan this with a phone camera to verify your score — no Doondo app needed.,ಯಾರಾದರೂ ಫೋನ್ ಕ್ಯಾಮೆರಾದಿಂದ ಇದನ್ನು ಸ್ಕ್ಯಾನ್ ಮಾಡಿ ನಿಮ್ಮ ಸ್ಕೋರ್ ಪರಿಶೀಲಿಸಬಹುದು — ಡೂಂಡೋ ಆ್ಯಪ್ ಅಗತ್ಯವಿಲ್ಲ.,translated,
score_qr.valid_until,Valid until {{date}},{{date}} ವರೆಗೆ ಮಾನ್ಯ,translated,
score_qr.share,Share verification link,ಪರಿಶೀಲನೆ ಲಿಂಕ್ ಹಂಚಿಕೊಳ್ಳಿ,translated,
score_qr.share_message,My Doondo Score is {{score}}/100. Verify it here: {{url}},ನನ್ನ ಡೂಂಡೋ ಸ್ಕೋರ್ {{score}}/100. ಇಲ್ಲಿ ಪರಿಶೀಲಿಸಿ: {{url}},translated,
score_qr.authentic_note,The QR links to a Doondo page that confirms this score is genuine and unmodified.,"QR ಒಂದು ಡೂಂಡೋ ಪುಟಕ್ಕೆ ಲಿಂಕ್ ಆಗುತ್ತದೆ, ಅದು ಈ ಸ್ಕೋರ್ ನಿಜ ಮತ್ತು ಬದಲಾಗಿಲ್ಲ ಎಂದು ಖಚಿತಪಡಿಸುತ್ತದೆ.",translated,
score_qr.passport_cta,Share score as QR,ಸ್ಕೋರ್ ಅನ್ನು QR ಆಗಿ ಹಂಚಿಕೊಳ್ಳಿ,translated,
score_qr.verified,VERIFIED,ಪರಿಶೀಲಿಸಲಾಗಿದೆ,translated,
score_qr.save,Save to photos,ಫೋಟೋಗಳಲ್ಲಿ ಉಳಿಸಿ,translated,
score_qr.saved_photo,Saved to your photos,ನಿಮ್ಮ ಫೋಟೋಗಳಲ್ಲಿ ಉಳಿಸಲಾಗಿದೆ,translated,
score_qr.refresh,Refresh score,ಸ್ಕೋರ್ ರಿಫ್ರೆಶ್ ಮಾಡಿ,translated,
score_qr.save_permission,Allow photo access to save your score card.,ನಿಮ್ಮ ಸ್ಕೋರ್ ಕಾರ್ಡ್ ಉಳಿಸಲು ಫೋಟೋ ಪ್ರವೇಶವನ್ನು ಅನುಮತಿಸಿ.,translated,
score_qr.action_error,Something went wrong. Please try again.,ಏನೋ ತಪ್ಪಾಗಿದೆ. ದಯವಿಟ್ಟು ಮತ್ತೆ ಪ್ರಯತ್ನಿಸಿ.,translated,
passport_qr.back,Back,,MISSING — needs translation,
passport_qr.title,Skill Passport QR,,MISSING — needs translation,
passport_qr.subtitle,"Your verified Skill Passport, ready to share.",,MISSING — needs translation,
passport_qr.error,Could not create your Skill Passport QR right now. Please try again.,,MISSING — needs translation,
passport_qr.retry,Try again,,MISSING — needs translation,
passport_qr.score_label,DOONDO SCORE / 100,,MISSING — needs translation,
passport_qr.jobs_label,Jobs done,,MISSING — needs translation,
passport_qr.skills_label,Verified skills,,MISSING — needs translation,
passport_qr.rating_label,Rating,,MISSING — needs translation,
passport_qr.scan_hint,"Anyone can scan this with a phone camera to verify your skills, jobs, and rating — no Doondo app needed.",,MISSING — needs translation,
passport_qr.valid_until,Valid until {{date}},,MISSING — needs translation,
passport_qr.share,Share,,MISSING — needs translation,
passport_qr.share_cta,Share Skill Passport as QR,,MISSING — needs translation,
passport_qr.verified,VERIFIED,,MISSING — needs translation,
passport_qr.save,Save to photos,,MISSING — needs translation,
passport_qr.saved_photo,Saved to your photos,,MISSING — needs translation,
passport_qr.refresh,Refresh,,MISSING — needs translation,
passport_qr.save_permission,Allow photo access to save your passport card.,,MISSING — needs translation,
passport_qr.action_error,Something went wrong. Please try again.,,MISSING — needs translation,
passport_qr.authentic_note,The QR links to a Doondo page that confirms this Skill Passport is genuine and unmodified.,,MISSING — needs translation,
skill_proof.section_title,Proof of your skills,ನಿಮ್ಮ ಕೌಶಲ್ಯದ ಪುರಾವೆ,translated,
skill_proof.section_hint,"Attach a certificate, licence, or photo for any skill. Employers see this on your application.","ಯಾವುದೇ ಕೌಶಲ್ಯಕ್ಕೆ ಪ್ರಮಾಣಪತ್ರ, ಪರವಾನಗಿ ಅಥವಾ ಫೋಟೋ ಸೇರಿಸಿ. ಉದ್ಯೋಗದಾತರು ಇದನ್ನು ನಿಮ್ಮ ಅರ್ಜಿಯಲ್ಲಿ ನೋಡುತ್ತಾರೆ.",translated,
skill_proof.add,Add proof,ಪುರಾವೆ ಸೇರಿಸಿ,translated,
skill_proof.none_yet,No proof attached yet,ಇನ್ನೂ ಯಾವುದೇ ಪುರಾವೆ ಸೇರಿಸಿಲ್ಲ,translated,
skill_proof.add_title,Add proof,ಪುರಾವೆ ಸೇರಿಸಿ,translated,
skill_proof.add_body,"Attach a certificate, licence, or photo for this skill.","ಈ ಕೌಶಲ್ಯಕ್ಕೆ ಪ್ರಮಾಣಪತ್ರ, ಪರವಾನಗಿ ಅಥವಾ ಫೋಟೋ ಸೇರಿಸಿ.",translated,
skill_proof.opt_camera,Take a photo,ಫೋಟೋ ತೆಗೆಯಿರಿ,translated,
skill_proof.opt_gallery,Choose a photo,ಫೋಟೋ ಆಯ್ಕೆಮಾಡಿ,translated,
skill_proof.opt_pdf,Choose a PDF,PDF ಆಯ್ಕೆಮಾಡಿ,translated,
skill_proof.cancel,Cancel,ರದ್ದುಮಾಡಿ,translated,
skill_proof.error_title,Couldn't attach file,ಫೈಲ್ ಸೇರಿಸಲಾಗಲಿಲ್ಲ,translated,
skill_proof.error_generic,Something went wrong. Please try again.,ಏನೋ ತಪ್ಪಾಗಿದೆ. ದಯವಿಟ್ಟು ಮತ್ತೆ ಪ್ರಯತ್ನಿಸಿ.,translated,
skill_proof.remove_a11y,Remove {{name}},{{name}} ತೆಗೆದುಹಾಕಿ,translated,
location_picker.title,Search a place,ಸ್ಥಳವನ್ನು ಹುಡುಕಿ,translated,
location_picker.search_placeholder,City or area — e.g. Bengaluru,ನಗರ ಅಥವಾ ಪ್ರದೇಶ — ಉದಾ. ಬೆಂಗಳೂರು,translated,
location_picker.use_my_location,Use my location,ನನ್ನ ಸ್ಥಳವನ್ನು ಬಳಸಿ,translated,
location_picker.use_my_location_hint,Jobs nearest to where you are,ನೀವು ಇರುವ ಸ್ಥಳದ ಹತ್ತಿರದ ಕೆಲಸಗಳು,translated,
location_picker.search_anywhere,"Search ""{{query}}""","""{{query}}"" ಹುಡುಕಿ",translated,
location_picker.search_anywhere_hint,Find this place anywhere,ಈ ಸ್ಥಳವನ್ನು ಎಲ್ಲಿಯಾದರೂ ಹುಡುಕಿ,translated,
location_picker.not_found,Couldn't find that place — check the spelling,ಆ ಸ್ಥಳ ಸಿಗಲಿಲ್ಲ — ಕಾಗುಣಿತ ಪರಿಶೀಲಿಸಿ,translated,
location_picker.popular,PLACES HIRING NOW,ಈಗ ನೇಮಕ ಮಾಡುತ್ತಿರುವ ಸ್ಥಳಗಳು,translated,
location_picker.results,PLACES WITH JOBS,ಕೆಲಸಗಳಿರುವ ಸ್ಥಳಗಳು,translated,
location_picker.jobs_count,{{count}} jobs,{{count}} ಕೆಲಸಗಳು,translated,
location_picker.no_job_cities,No matching cities have jobs yet — try searching it as a place above.,ಹೊಂದುವ ಯಾವುದೇ ನಗರದಲ್ಲಿ ಇನ್ನೂ ಕೆಲಸಗಳಿಲ್ಲ — ಮೇಲೆ ಅದನ್ನು ಸ್ಥಳವಾಗಿ ಹುಡುಕಿ.,translated,
location_picker.no_cities_yet,No jobs posted anywhere yet.,ಇನ್ನೂ ಎಲ್ಲಿಯೂ ಯಾವುದೇ ಕೆಲಸ ಪೋಸ್ಟ್ ಆಗಿಲ್ಲ.,translated,
location_picker.recent,RECENT,ಇತ್ತೀಚಿನ,translated,
location_picker.home_town,Your home town,ನಿಮ್ಮ ತವರು ಊರು,translated,
account_switcher.title,SWITCH ACCOUNT,ಖಾತೆ ಬದಲಿಸಿ,translated,
account_switcher.add_employer,Add Employer account,ಉದ್ಯೋಗದಾತ ಖಾತೆ ಸೇರಿಸಿ,translated,
account_switcher.add_another,Add another account,ಇನ್ನೊಂದು ಖಾತೆ ಸೇರಿಸಿ,translated,
account_switcher.add_employer_hint,Post jobs and hire workers,ಉದ್ಯೋಗಗಳನ್ನು ಪೋಸ್ಟ್ ಮಾಡಿ ಮತ್ತು ಕಾರ್ಮಿಕರನ್ನು ನೇಮಿಸಿಕೊಳ್ಳಿ,translated,
account_switcher.add_another_hint,Sign in or sign up — keeps this account active,ಸೈನ್ ಇನ್ ಅಥವಾ ಸೈನ್ ಅಪ್ ಮಾಡಿ — ಈ ಖಾತೆ ಸಕ್ರಿಯವಾಗಿರುತ್ತದೆ,translated,
account_switcher.role_employer,Employer · Hiring,ಉದ್ಯೋಗದಾತ · ನೇಮಕಾತಿ,translated,
account_switcher.role_seeker,Seeker · Looking for work,ಹುಡುಕುವವರು · ಕೆಲಸ ಹುಡುಕುತ್ತಿದ್ದಾರೆ,translated,
account_switcher.role_admin,Admin,ನಿರ್ವಾಹಕ,translated,
account_switcher.switching_to,Switching to {{name}}…,{{name}} ಗೆ ಬದಲಾಗುತ್ತಿದೆ…,translated,
account_switcher.switch_failed_title,Couldn't switch account,ಖಾತೆ ಬದಲಿಸಲು ಸಾಧ್ಯವಾಗಲಿಲ್ಲ,translated,
account_switcher.switch_failed_body,Something went wrong. Check your connection and try again.,ಏನೋ ತಪ್ಪಾಯಿತು. ನಿಮ್ಮ ಸಂಪರ್ಕವನ್ನು ಪರಿಶೀಲಿಸಿ ಮತ್ತೆ ಪ್ರಯತ್ನಿಸಿ.,translated,
account_switcher.remove_hint,Press and hold an account to remove it from this device.,ಖಾತೆಯನ್ನು ಈ ಸಾಧನದಿಂದ ತೆಗೆದುಹಾಕಲು ಒತ್ತಿ ಹಿಡಿಯಿರಿ.,translated,
account_switcher.remove_title,Remove account?,ಖಾತೆ ತೆಗೆದುಹಾಕಬೇಕೇ?,translated,
account_switcher.remove_body,{{name}} will be removed from this device. You can sign in again any time.,{{name}} ಅನ್ನು ಈ ಸಾಧನದಿಂದ ತೆಗೆದುಹಾಕಲಾಗುತ್ತದೆ. ನೀವು ಯಾವಾಗ ಬೇಕಾದರೂ ಮತ್ತೆ ಸೈನ್ ಇನ್ ಮಾಡಬಹುದು.,translated,
account_switcher.remove_cancel,Cancel,ರದ್ದುಮಾಡಿ,translated,
account_switcher.remove_confirm,Remove,ತೆಗೆದುಹಾಕಿ,translated,
account_switcher.updates_a11y,{{count}} updates waiting,{{count}} ಅಪ್‌ಡೇಟ್‌ಗಳು ಕಾಯುತ್ತಿವೆ,translated,
account_pill.switch_to,Switch to {{name}},,MISSING — needs translation,
account_pill.open_switcher,Open account switcher,,MISSING — needs translation,
dispute.section_title,DISPUTES,,MISSING — needs translation,
dispute.raise_cta,Raise a dispute,,MISSING — needs translation,
dispute.none,No disputes on this hire.,,MISSING — needs translation,
dispute.raise_title,Raise a dispute,,MISSING — needs translation,
dispute.description_placeholder,Describe what happened…,,MISSING — needs translation,
dispute.add_photo,Add photo ({{n}}/3),,MISSING — needs translation,
dispute.submit,Submit dispute,,MISSING — needs translation,
dispute.submitting,Submitting…,,MISSING — needs translation,
dispute.raise_fail,Couldn't raise the dispute. Try again.,,MISSING — needs translation,
dispute.reply,Reply,,MISSING — needs translation,
dispute.send_reply,Send reply,,MISSING — needs translation,
dispute.sending,Sending…,,MISSING — needs translation,
dispute.reply_placeholder,Add your side…,,MISSING — needs translation,
dispute.reply_fail,Couldn't send your reply. Try again.,,MISSING — needs translation,
dispute.mark_resolved,Mark resolved,,MISSING — needs translation,
dispute.withdraw,Withdraw,,MISSING — needs translation,
dispute.resolve,Resolve,,MISSING — needs translation,
dispute.cancel,Cancel,,MISSING — needs translation,
dispute.resolve_fail,Couldn't update the dispute. Try again.,,MISSING — needs translation,
dispute.resolve_confirm_title,Mark resolved?,,MISSING — needs translation,
dispute.resolve_confirm_body,This closes the dispute as settled. You can't reopen it.,,MISSING — needs translation,
dispute.withdraw_confirm_title,Withdraw dispute?,,MISSING — needs translation,
dispute.withdraw_confirm_body,This closes the dispute with no further action.,,MISSING — needs translation,
dispute.raised_by_you,Raised by you,,MISSING — needs translation,
dispute.raised_by_them,Raised by {{name}},,MISSING — needs translation,
dispute.you,You,,MISSING — needs translation,
dispute.closed_resolved,Closed — resolved,,MISSING — needs translation,
dispute.closed_dismissed,Closed — withdrawn,,MISSING — needs translation,
dispute.category.no_show,No-show,,MISSING — needs translation,
dispute.category.payment,Payment,,MISSING — needs translation,
dispute.category.work_quality,Work quality,,MISSING — needs translation,
dispute.category.behavior,Behaviour,,MISSING — needs translation,
dispute.category.hours,Hours / timing,,MISSING — needs translation,
dispute.category.safety,Safety,,MISSING — needs translation,
dispute.category.other,Other,,MISSING — needs translation,
dispute.status.open,Open,,MISSING — needs translation,
dispute.status.awaiting_response,Awaiting reply,,MISSING — needs translation,
dispute.status.resolved,Resolved,,MISSING — needs translation,
dispute.status.dismissed,Withdrawn,,MISSING — needs translation,
home_safe.title,Did you reach home safely?,,MISSING — needs translation,
home_safe.body,Tap below once you're home — we'll let your trust circle know you arrived safe.,,MISSING — needs translation,
home_safe.body_job,"Your shift for ""{{title}}"" ended. Tap once you're home — we'll reassure your trust circle.",,MISSING — needs translation,
home_safe.confirm,I'm home safe,,MISSING — needs translation,
masked_call.cta,Call via Doondo,,MISSING — needs translation,
masked_call.connecting,Connecting…,,MISSING — needs translation,
masked_call.no_number,No phone number on file for this contact.,,MISSING — needs translation,
masked_call.fail,Couldn't start the call. Try again.,,MISSING — needs translation,
masked_call.cta_employer,Call employer via Doondo,,MISSING — needs translation,
my_job.eyebrow,MY WORK,,MISSING — needs translation,
my_job.title,My job,,MISSING — needs translation,
my_job.stat_days,Days,,MISSING — needs translation,
my_job.stat_shifts,Shifts,,MISSING — needs translation,
my_job.stat_hours,Hours,,MISSING — needs translation,
my_job.stat_caption,Worked in {{month}},,MISSING — needs translation,
my_job.empty_eyebrow,NO ACTIVE JOB,,MISSING — needs translation,
my_job.empty_title,You're not hired anywhere yet,,MISSING — needs translation,
my_job.empty_body,"Once an employer hires you, your workplace, attendance and payslips show up here.",,MISSING — needs translation,
my_job.job_count,{{n}} active job(s),,MISSING — needs translation,
my_job.next_shift,Next: {{when}},,MISSING — needs translation,
my_job.awaiting_payment,{{n}} payment(s) awaiting,,MISSING — needs translation,
my_employer.back,← Back,,MISSING — needs translation,
my_employer.rating,{{avg}}★ ({{n}}),,MISSING — needs translation,
my_employer.no_rating,No ratings yet,,MISSING — needs translation,
my_employer.verified,Verified,,MISSING — needs translation,
my_employer.view_profile,View full profile & reviews →,,MISSING — needs translation,
my_employer.terms_title,YOUR TERMS,,MISSING — needs translation,
my_employer.terms_role,Role,,MISSING — needs translation,
my_employer.terms_wage,Wage,,MISSING — needs translation,
my_employer.terms_project,Project,,MISSING — needs translation,
my_employer.terms_project_value,{{days}} days · {{start}} → {{end}},,MISSING — needs translation,
my_employer.period_hour,hour,,MISSING — needs translation,
my_employer.period_day,day,,MISSING — needs translation,
my_employer.period_week,week,,MISSING — needs translation,
my_employer.period_month,month,,MISSING — needs translation,
my_employer.period_fixed,fixed,,MISSING — needs translation,
my_employer.attendance_title,ATTENDANCE THIS MONTH,,MISSING — needs translation,
my_employer.attendance_empty,No shifts logged with this employer this month.,,MISSING — needs translation,
my_employer.payslip_cta,Download salary slip (PDF),,MISSING — needs translation,
my_employer.payslip_busy,Preparing…,,MISSING — needs translation,
my_employer.payslip_empty_title,Nothing to slip,,MISSING — needs translation,
my_employer.payslip_empty_body,No hours or payments from this employer this month yet.,,MISSING — needs translation,
my_employer.payslip_pdf_title,Salary slip,,MISSING — needs translation,
my_employer.payslip_days,Days worked,,MISSING — needs translation,
my_employer.payslip_shifts,Shifts,,MISSING — needs translation,
my_employer.payslip_hours,Hours,,MISSING — needs translation,
my_employer.payslip_paid,Paid (settled),,MISSING — needs translation,
my_employer.payslip_footer,Generated by Doondo. Hours are from on-site check-ins; paid is settled UPI payments for the month.,,MISSING — needs translation,
my_employer.payslip_share,Share salary slip,,MISSING — needs translation,
my_employer.payslip_fail,Couldn't generate the slip. Try again.,,MISSING — needs translation,
my_employer.this_job,This job,,MISSING — needs translation,
my_employer.schedule_title,MY SCHEDULE,,MISSING — needs translation,
my_employer.schedule_empty,No upcoming shifts scheduled.,,MISSING — needs translation,
my_employer.next_shift,Next shift {{when}},,MISSING — needs translation,
my_employer.directions,Directions to site,,MISSING — needs translation,
my_employer.wallet,My earnings & wallet,,MISSING — needs translation,
collect.back,← Back,,MISSING — needs translation,
collect.eyebrow,GET PAID,,MISSING — needs translation,
collect.title,Doondo Collect,,MISSING — needs translation,
collect.commission_note,Share your QR to get paid. Doondo keeps a small commission (2–3%); the rest lands in your wallet to withdraw.,,MISSING — needs translation,
collect.balance_label,Withdrawable balance,,MISSING — needs translation,
collect.withdraw_amount,Amount (₹),,MISSING — needs translation,
collect.withdraw,Withdraw,,MISSING — needs translation,
collect.withdrawing,Sending…,,MISSING — needs translation,
collect.add_bank_first,Add a verified bank account to withdraw.,,MISSING — needs translation,
collect.bank_title,BANK ACCOUNT,,MISSING — needs translation,
collect.verified,Verified,,MISSING — needs translation,
collect.unverified,Verifying…,,MISSING — needs translation,
collect.remove_bank,Remove account,,MISSING — needs translation,
collect.holder_name,Account holder name,,MISSING — needs translation,
collect.account_number,Account number,,MISSING — needs translation,
collect.ifsc,IFSC code,,MISSING — needs translation,
collect.saving,Saving…,,MISSING — needs translation,
collect.save_bank,Save & verify,,MISSING — needs translation,
collect.bank_fail,Couldn't save the account. Check the details.,,MISSING — needs translation,
collect.qr_title,MY COLLECTION QR,,MISSING — needs translation,
collect.qr_open,Any amount,,MISSING — needs translation,
collect.qr_fixed,Fixed amount,,MISSING — needs translation,
collect.qr_amount,Amount (₹),,MISSING — needs translation,
collect.creating,Creating…,,MISSING — needs translation,
collect.create_qr,Create QR,,MISSING — needs translation,
collect.qr_fail,Couldn't create the QR. Try again.,,MISSING — needs translation,
collect.qr_any_amount,Pay any amount,,MISSING — needs translation,
collect.download,Download,,MISSING — needs translation,
collect.share,Share,,MISSING — needs translation,
collect.save_permission,Allow photo access to save the QR.,,MISSING — needs translation,
collect.saved,QR saved to your photos.,,MISSING — needs translation,
collect.share_fail,Couldn't share the QR. Try again.,,MISSING — needs translation,
collect.sim_cta,"Test: simulate a ₹1,500 payment",,MISSING — needs translation,
collect.sim_busy,Simulating…,,MISSING — needs translation,
collect.sim_done_title,Payment received,,MISSING — needs translation,
collect.sim_done_body,Paid {{gross}} · Doondo fee deducted · {{net}} added to your wallet.,,MISSING — needs translation,
collect.sim_fail,Couldn't simulate the payment.,,MISSING — needs translation,
collect.show_existing,Show my QR ({{n}}),,MISSING — needs translation,
collect.withdraw_sent_title,Withdrawal requested,,MISSING — needs translation,
collect.withdraw_sent_body,The money is on its way to your bank account.,,MISSING — needs translation,
collect.withdraw_fail,Withdrawal failed. Check your balance and bank account.,,MISSING — needs translation,
